date,session_key,rpm,brake,speed,drs,throttle,n_gear,driver_number,meeting_key,x,y,z,lap,mds_x,mds_y,driver
2024-04-07 05:06:04.563000+00:00,9496.0,5794.0,0.0,65.0,1.0,6.0,2.0,1.0,1232.0,3017.0,-2602.0,766.0,2,0.00782298259805563,0.49119892155909767,
2024-04-07 05:06:04.763000+00:00,9496.0,5875.0,0.0,66.0,1.0,6.0,2.0,1.0,1232.0,3041.0,-2629.0,766.0,2,0.007804961143213191,0.49119721559796414,
2024-04-07 05:06:05.043000+00:00,9496.0,6022.0,0.0,68.0,1.0,6.0,2.0,1.0,1232.0,3071.0,-2664.0,766.0,2,0.01051591244976628,-0.4939643502090331,
2024-04-07 05:06:05.364000+00:00,9496.0,6224.0,0.0,70.0,1.0,7.0,2.0,1.0,1232.0,3114.0,-2713.0,766.0,2,0.010262607378336371,-0.4952082026668819,
2024-04-07 05:06:05.644000+00:00,9496.0,6470.0,0.0,71.0,1.0,0.0,2.0,1.0,1232.0,3137.0,-2740.0,766.0,2,0.004841630502246756,0.48732491503816155,
2024-04-07 05:06:05.844000+00:00,9496.0,6072.0,0.0,70.0,1.0,0.0,2.0,1.0,1232.0,3191.0,-2802.0,766.0,2,0.0048411913648016575,0.4873248696835602,
2024-04-07 05:06:06.004000+00:00,9496.0,5975.0,0.0,69.0,1.0,0.0,2.0,1.0,1232.0,3191.0,-2802.0,766.0,2,0.005540406708351945,0.48739647796400387,
2024-04-07 05:06:06.244000+00:00,9496.0,6548.0,0.0,68.0,1.0,0.0,2.0,1.0,1232.0,3230.0,-2847.0,766.0,2,0.008053921980700693,-0.49038888457057966,
2024-04-07 05:06:06.444000+00:00,9496.0,7144.0,0.0,65.0,1.0,0.0,2.0,1.0,1232.0,3230.0,-2847.0,766.0,2,0.00795254037775578,-0.4903790422504935,
2024-04-07 05:06:06.604000+00:00,9496.0,6947.0,0.0,64.0,1.0,0.0,1.0,1.0,1232.0,3274.0,-2898.0,766.0,2,0.042600213329975246,0.24114896217472043,
2024-04-07 05:06:06.924000+00:00,9496.0,6737.0,0.0,62.0,1.0,0.0,1.0,1.0,1232.0,3299.0,-2927.0,766.0,2,0.04257534875151277,0.24114652080524143,
2024-04-07 05:06:07.364000+00:00,9496.0,6459.0,0.0,59.0,1.0,0.0,1.0,1.0,1232.0,3336.0,-2970.0,766.0,2,0.039660554354520976,-0.2441411295718046,
2024-04-07 05:06:07.604000+00:00,9496.0,6248.0,0.0,58.0,1.0,0.0,1.0,1.0,1232.0,3364.0,-3002.0,766.0,2,0.03967516522549468,-0.24414276400901253,
2024-04-07 05:06:07.924000+00:00,9496.0,5930.0,100.0,54.0,1.0,0.0,1.0,1.0,1232.0,3386.0,-3029.0,766.0,2,-0.9490522294834421,-0.15810534840824542,
2024-04-07 05:06:08.124000+00:00,9496.0,5651.0,100.0,52.0,1.0,0.0,1.0,1.0,1232.0,3413.0,-3060.0,766.0,2,-0.9493405873882422,0.15067167652334965,
2024-04-07 05:06:08.524000+00:00,9496.0,4452.0,100.0,48.0,1.0,0.0,1.0,1.0,1232.0,3444.0,-3096.0,766.0,2,-0.9490524308510585,-0.15810426691466953,
2024-04-07 05:06:08.684000+00:00,9496.0,3994.0,100.0,46.0,1.0,0.0,0.0,1.0,1232.0,3461.0,-3115.0,766.0,2,-0.9299859727559484,-0.03320993255436541,
2024-04-07 05:06:08.844000+00:00,9496.0,3533.0,100.0,46.0,1.0,0.0,0.0,1.0,1232.0,3489.0,-3148.0,766.0,2,-0.9299859860969867,-0.033209533690077966,
2024-04-07 05:06:09.084000+00:00,9496.0,3461.0,100.0,42.0,1.0,0.0,0.0,1.0,1232.0,3489.0,-3148.0,766.0,2,-0.9299859718397596,-0.03320995994576191,
2024-04-07 05:06:09.403000+00:00,9496.0,3415.0,100.0,40.0,1.0,0.0,0.0,1.0,1232.0,3522.0,-3186.0,766.0,2,-0.9299859791321672,-0.033209741921621856,
2024-04-07 05:06:09.563000+00:00,9496.0,3571.0,100.0,39.0,1.0,0.0,0.0,1.0,1232.0,3543.0,-3210.0,766.0,2,-0.9299859780541487,-0.033209774151889616,
2024-04-07 05:06:09.963000+00:00,9496.0,3668.0,100.0,35.0,1.0,0.0,0.0,1.0,1232.0,3559.0,-3229.0,766.0,2,-0.9299859786083289,-0.03320975758309151,
2024-04-07 05:06:10.123000+00:00,9496.0,3604.0,100.0,34.0,1.0,0.0,0.0,1.0,1232.0,3574.0,-3246.0,766.0,2,-0.9299859758605394,-0.03320983973505212,
2024-04-07 05:06:10.323000+00:00,9496.0,3675.0,0.0,34.0,1.0,0.0,0.0,1.0,1232.0,3588.0,-3262.0,766.0,2,0.06972406503420077,-0.0025952226013430625,
2024-04-07 05:06:10.563000+00:00,9496.0,3646.0,0.0,32.0,1.0,0.0,0.0,1.0,1232.0,3597.0,-3273.0,766.0,2,0.06972406503420077,-0.0025952226013430625,
2024-04-07 05:06:10.843000+00:00,9496.0,3592.0,100.0,31.0,1.0,0.0,0.0,1.0,1232.0,3611.0,-3289.0,766.0,2,-0.9299859809595408,-0.03320968728777381,
2024-04-07 05:06:11.043000+00:00,9496.0,3546.0,100.0,30.0,1.0,0.0,0.0,1.0,1232.0,3631.0,-3312.0,766.0,2,-0.9299859739221499,-0.0332098976878202,
2024-04-07 05:06:11.203000+00:00,9496.0,3606.0,100.0,28.0,1.0,0.0,0.0,1.0,1232.0,3645.0,-3328.0,766.0,2,-0.9299859679393857,-0.03321007655616233,
2024-04-07 05:06:11.403000+00:00,9496.0,3606.0,100.0,26.0,1.0,0.0,0.0,1.0,1232.0,3645.0,-3328.0,766.0,2,-0.9299859804928103,-0.03320970124182929,
2024-04-07 05:06:11.563000+00:00,9496.0,3465.0,100.0,26.0,1.0,0.0,0.0,1.0,1232.0,3661.0,-3347.0,766.0,2,-0.9299859742271307,-0.033209888569561155,
2024-04-07 05:06:11.803000+00:00,9496.0,3637.0,100.0,24.0,1.0,0.0,0.0,1.0,1232.0,3661.0,-3347.0,766.0,2,-0.9299859727575946,-0.033209932505191476,
2024-04-07 05:06:12.044000+00:00,9496.0,3563.0,100.0,22.0,1.0,0.0,0.0,1.0,1232.0,3675.0,-3364.0,766.0,2,-0.9299859726665495,-0.033209935226949566,
2024-04-07 05:06:12.244000+00:00,9496.0,3650.0,100.0,21.0,1.0,0.0,0.0,1.0,1232.0,3686.0,-3376.0,766.0,2,-0.9299859640770348,-0.033210192029367834,
2024-04-07 05:06:12.404000+00:00,9496.0,3578.0,100.0,20.0,1.0,0.0,0.0,1.0,1232.0,3686.0,-3376.0,766.0,2,-0.9299859807304534,-0.033209694136857405,
2024-04-07 05:06:12.564000+00:00,9496.0,3530.0,100.0,18.0,1.0,0.0,0.0,1.0,1232.0,3701.0,-3393.0,766.0,2,-0.9299859651096453,-0.033210161157410954,
2024-04-07 05:06:12.884000+00:00,9496.0,3639.0,100.0,15.0,1.0,0.0,0.0,1.0,1232.0,3706.0,-3399.0,766.0,2,-0.9299859758498021,-0.03320984005600152,
2024-04-07 05:06:13.084000+00:00,9496.0,3505.0,100.0,14.0,1.0,0.0,0.0,1.0,1232.0,3706.0,-3399.0,766.0,2,-0.9299859718321715,-0.03320996017259081,
2024-04-07 05:06:13.284000+00:00,9496.0,3567.0,100.0,11.0,1.0,0.0,0.0,1.0,1232.0,3711.0,-3405.0,766.0,2,-0.9299859710674089,-0.03320998303709245,
2024-04-07 05:06:13.484000+00:00,9496.0,3563.0,100.0,8.0,1.0,0.0,0.0,1.0,1232.0,3716.0,-3411.0,766.0,2,-0.9299859700571605,-0.03321001324053753,
2024-04-07 05:06:13.884000+00:00,9496.0,3597.0,100.0,3.0,1.0,0.0,0.0,1.0,1232.0,3721.0,-3416.0,766.0,2,-0.9299859780583326,-0.033209774026836884,
2024-04-07 05:06:14.284000+00:00,9496.0,3562.0,100.0,0.0,1.0,0.0,0.0,1.0,1232.0,3721.0,-3416.0,766.0,2,-0.9299859716583785,-0.03320996536850637,
2024-04-07 05:06:14.604000+00:00,9496.0,3574.0,100.0,0.0,1.0,0.0,0.0,1.0,1232.0,3721.0,-3416.0,766.0,2,-0.9299859783668077,-0.033209764804049115,
2024-04-07 05:06:14.884000+00:00,9496.0,3526.0,100.0,0.0,1.0,0.0,0.0,1.0,1232.0,3721.0,-3416.0,766.0,2,-0.9299859792525763,-0.033209738321677444,
2024-04-07 05:06:15.084000+00:00,9496.0,3625.0,100.0,0.0,1.0,0.0,0.0,1.0,1232.0,3721.0,-3416.0,766.0,2,-0.9299859717795501,-0.03320996174605115,
2024-04-07 05:06:15.364000+00:00,9496.0,3476.0,100.0,0.0,1.0,0.0,0.0,1.0,1232.0,3721.0,-3416.0,766.0,2,-0.9299859695808318,-0.03321002748152417,
2024-04-07 05:06:15.644000+00:00,9496.0,2758.0,0.0,0.0,1.0,0.0,0.0,1.0,1232.0,3721.0,-3416.0,766.0,2,0.06972406503420077,-0.0025952226013430625,
2024-04-07 05:06:15.843000+00:00,9496.0,1358.0,0.0,0.0,1.0,0.0,0.0,1.0,1232.0,3721.0,-3416.0,766.0,2,0.06972406503420077,-0.0025952226013430625,
2024-04-07 05:06:16.163000+00:00,9496.0,0.0,0.0,0.0,1.0,0.0,0.0,1.0,1232.0,3721.0,-3416.0,766.0,2,0.06972406503420077,-0.0025952226013430625,
2024-04-07 05:06:16.363000+00:00,9496.0,0.0,0.0,0.0,1.0,0.0,0.0,1.0,1232.0,3721.0,-3416.0,766.0,2,0.06972406503420077,-0.0025952226013430625,
2024-04-07 05:06:16.643000+00:00,9496.0,0.0,0.0,0.0,1.0,0.0,0.0,1.0,1232.0,3721.0,-3416.0,766.0,2,0.06972406503420077,-0.0025952226013430625,
2024-04-07 05:06:16.963000+00:00,9496.0,0.0,100.0,0.0,1.0,0.0,0.0,1.0,1232.0,3721.0,-3416.0,766.0,2,-0.9299859560635861,-0.03321043160689201,
2024-04-07 05:06:17.203000+00:00,9496.0,0.0,100.0,0.0,1.0,0.0,0.0,1.0,1232.0,3721.0,-3416.0,766.0,2,-0.9299859736493137,-0.03320990584490929,
2024-04-07 05:06:17.523000+00:00,9496.0,0.0,100.0,0.0,1.0,0.0,0.0,1.0,1232.0,3721.0,-3416.0,766.0,2,-0.9299859731585012,-0.033209920518925275,
2024-04-07 05:06:17.683000+00:00,9496.0,0.0,100.0,0.0,1.0,0.0,0.0,1.0,1232.0,3721.0,-3416.0,766.0,2,-0.9299859756429469,-0.03320984624070073,
2024-04-07 05:06:18.003000+00:00,9496.0,0.0,100.0,0.0,1.0,0.0,0.0,1.0,1232.0,3721.0,-3416.0,766.0,2,-0.9299859777663985,-0.033209782754565625,
2024-04-07 05:06:18.283000+00:00,9496.0,0.0,0.0,0.0,1.0,0.0,0.0,1.0,1232.0,3721.0,-3416.0,766.0,2,0.06972406503420077,-0.0025952226013430625,
2024-04-07 05:06:18.604000+00:00,9496.0,0.0,0.0,0.0,1.0,0.0,0.0,1.0,1232.0,3721.0,-3416.0,766.0,2,0.06972406503420077,-0.0025952226013430625,
2024-04-07 05:06:18.884000+00:00,9496.0,0.0,0.0,0.0,1.0,0.0,0.0,1.0,1232.0,3721.0,-3416.0,766.0,2,0.06972406503420077,-0.0025952226013430625,
2024-04-07 05:06:19.044000+00:00,9496.0,0.0,0.0,0.0,1.0,0.0,0.0,1.0,1232.0,3721.0,-3416.0,766.0,2,0.06972406503420077,-0.0025952226013430625,
2024-04-07 05:06:19.404000+00:00,9496.0,0.0,0.0,0.0,1.0,0.0,0.0,1.0,1232.0,3721.0,-3416.0,766.0,2,0.06972406503420077,-0.0025952226013430625,
2024-04-07 05:06:20.604000+00:00,9496.0,0.0,0.0,0.0,1.0,0.0,0.0,1.0,1232.0,3721.0,-3416.0,766.0,2,0.06972406503420077,-0.0025952226013430625,
2024-04-07 05:06:20.844000+00:00,9496.0,0.0,0.0,0.0,1.0,0.0,0.0,1.0,1232.0,3721.0,-3416.0,766.0,2,0.06972406503420077,-0.0025952226013430625,
2024-04-07 05:06:21.204000+00:00,9496.0,0.0,0.0,0.0,1.0,0.0,0.0,1.0,1232.0,3721.0,-3416.0,766.0,2,0.06972406503420077,-0.0025952226013430625,
2024-04-07 05:06:21.364000+00:00,9496.0,0.0,0.0,0.0,1.0,0.0,0.0,1.0,1232.0,3721.0,-3416.0,766.0,2,0.06972406503420077,-0.0025952226013430625,
2024-04-07 05:06:21.644000+00:00,9496.0,0.0,0.0,0.0,1.0,0.0,0.0,1.0,1232.0,3721.0,-3416.0,766.0,2,0.06972406503420077,-0.0025952226013430625,
2024-04-07 05:06:22.004000+00:00,9496.0,0.0,0.0,0.0,1.0,0.0,0.0,1.0,1232.0,3721.0,-3416.0,766.0,2,0.06972406503420077,-0.0025952226013430625,
2024-04-07 05:06:22.284000+00:00,9496.0,0.0,0.0,0.0,1.0,0.0,0.0,1.0,1232.0,3721.0,-3416.0,766.0,2,0.06972406503420077,-0.0025952226013430625,
2024-04-07 05:06:22.484000+00:00,9496.0,0.0,0.0,0.0,1.0,0.0,0.0,1.0,1232.0,3721.0,-3416.0,766.0,2,0.06972406503420077,-0.0025952226013430625,
2024-04-07 05:06:22.683000+00:00,9496.0,0.0,0.0,0.0,1.0,0.0,0.0,1.0,1232.0,3721.0,-3416.0,766.0,2,0.06972406503420077,-0.0025952226013430625,
2024-04-07 05:06:23.083000+00:00,9496.0,0.0,0.0,0.0,1.0,0.0,0.0,1.0,1232.0,3721.0,-3416.0,766.0,2,0.06972406503420077,-0.0025952226013430625,
2024-04-07 05:06:23.243000+00:00,9496.0,0.0,0.0,0.0,1.0,0.0,0.0,1.0,1232.0,3721.0,-3416.0,766.0,2,0.06972406503420077,-0.0025952226013430625,
2024-04-07 05:06:23.443000+00:00,9496.0,0.0,0.0,0.0,1.0,0.0,0.0,1.0,1232.0,3721.0,-3416.0,766.0,2,0.06972406503420077,-0.0025952226013430625,
2024-04-07 05:06:23.603000+00:00,9496.0,0.0,0.0,0.0,1.0,0.0,0.0,1.0,1232.0,3721.0,-3416.0,766.0,2,0.06972406503420077,-0.0025952226013430625,
2024-04-07 05:06:23.843000+00:00,9496.0,0.0,0.0,0.0,1.0,0.0,0.0,1.0,1232.0,3721.0,-3416.0,766.0,2,0.06972406503420077,-0.0025952226013430625,
2024-04-07 05:06:24.323000+00:00,9496.0,0.0,0.0,0.0,1.0,0.0,0.0,1.0,1232.0,3721.0,-3416.0,766.0,2,0.06972406503420077,-0.0025952226013430625,
2024-04-07 05:06:24.483000+00:00,9496.0,0.0,0.0,0.0,1.0,0.0,0.0,1.0,1232.0,3721.0,-3416.0,766.0,2,0.06972406503420077,-0.0025952226013430625,
2024-04-07 05:06:24.723000+00:00,9496.0,0.0,0.0,0.0,1.0,0.0,0.0,1.0,1232.0,3721.0,-3416.0,766.0,2,0.06972406503420077,-0.0025952226013430625,
2024-04-07 05:06:24.883000+00:00,9496.0,0.0,0.0,0.0,1.0,0.0,0.0,1.0,1232.0,3721.0,-3416.0,766.0,2,0.06972406503420077,-0.0025952226013430625,
2024-04-07 05:06:25.164000+00:00,9496.0,0.0,0.0,0.0,1.0,0.0,0.0,1.0,1232.0,3721.0,-3416.0,766.0,2,0.06972406503420077,-0.0025952226013430625,
2024-04-07 05:06:25.444000+00:00,9496.0,0.0,0.0,0.0,1.0,0.0,0.0,1.0,1232.0,3721.0,-3416.0,766.0,2,0.06972406503420077,-0.0025952226013430625,
2024-04-07 05:06:25.764000+00:00,9496.0,0.0,0.0,0.0,1.0,0.0,0.0,1.0,1232.0,3721.0,-3416.0,766.0,2,0.06972406503420077,-0.0025952226013430625,
2024-04-07 05:06:25.964000+00:00,9496.0,0.0,0.0,0.0,1.0,0.0,0.0,1.0,1232.0,3721.0,-3416.0,766.0,2,0.06972406503420077,-0.0025952226013430625,
2024-04-07 05:06:26.204000+00:00,9496.0,0.0,0.0,0.0,1.0,0.0,0.0,1.0,1232.0,3721.0,-3416.0,766.0,2,0.06972406503420077,-0.0025952226013430625,
2024-04-07 05:06:26.404000+00:00,9496.0,0.0,0.0,0.0,1.0,0.0,0.0,1.0,1232.0,3721.0,-3416.0,766.0,2,0.06972406503420077,-0.0025952226013430625,
2024-04-07 05:06:26.564000+00:00,9496.0,0.0,0.0,0.0,1.0,0.0,0.0,1.0,1232.0,3721.0,-3416.0,766.0,2,0.06972406503420077,-0.0025952226013430625,
2024-04-07 05:06:26.724000+00:00,9496.0,0.0,0.0,0.0,1.0,0.0,0.0,1.0,1232.0,3721.0,-3416.0,766.0,2,0.06972406503420077,-0.0025952226013430625,
2024-04-07 05:06:27.004000+00:00,9496.0,0.0,0.0,0.0,1.0,0.0,0.0,1.0,1232.0,3721.0,-3416.0,766.0,2,0.06972406503420077,-0.0025952226013430625,
2024-04-07 05:06:27.364000+00:00,9496.0,0.0,0.0,0.0,1.0,0.0,0.0,1.0,1232.0,3721.0,-3416.0,766.0,2,0.06972406503420077,-0.0025952226013430625,
2024-04-07 05:06:27.804000+00:00,9496.0,0.0,0.0,0.0,1.0,0.0,0.0,1.0,1232.0,3721.0,-3416.0,766.0,2,0.06972406503420077,-0.0025952226013430625,
2024-04-07 05:06:28.004000+00:00,9496.0,0.0,0.0,0.0,1.0,0.0,0.0,1.0,1232.0,3721.0,-3416.0,766.0,2,0.06972406503420077,-0.0025952226013430625,
2024-04-07 05:06:28.204000+00:00,9496.0,0.0,0.0,0.0,1.0,0.0,0.0,1.0,1232.0,3721.0,-3416.0,766.0,2,0.06972406503420077,-0.0025952226013430625,
2024-04-07 05:06:28.404000+00:00,9496.0,0.0,0.0,0.0,1.0,0.0,0.0,1.0,1232.0,3721.0,-3416.0,766.0,2,0.06972406503420077,-0.0025952226013430625,
2024-04-07 05:06:28.604000+00:00,9496.0,0.0,0.0,0.0,1.0,0.0,0.0,1.0,1232.0,3721.0,-3416.0,766.0,2,0.06972406503420077,-0.0025952226013430625,
2024-04-07 05:06:28.964000+00:00,9496.0,0.0,0.0,0.0,1.0,0.0,0.0,1.0,1232.0,3721.0,-3416.0,766.0,2,0.06972406503420077,-0.0025952226013430625,
2024-04-07 05:06:29.204000+00:00,9496.0,0.0,0.0,0.0,1.0,0.0,0.0,1.0,1232.0,3721.0,-3416.0,766.0,2,0.06972406503420077,-0.0025952226013430625,
2024-04-07 05:06:29.443000+00:00,9496.0,0.0,0.0,0.0,1.0,0.0,0.0,1.0,1232.0,3721.0,-3416.0,766.0,2,0.06972406503420077,-0.0025952226013430625,
2024-04-07 05:06:29.603000+00:00,9496.0,0.0,0.0,0.0,1.0,0.0,0.0,1.0,1232.0,3721.0,-3416.0,766.0,2,0.06972406503420077,-0.0025952226013430625,
2024-04-07 05:06:29.763000+00:00,9496.0,0.0,0.0,0.0,1.0,0.0,0.0,1.0,1232.0,3721.0,-3416.0,766.0,2,0.06972406503420077,-0.0025952226013430625,
2024-04-07 05:06:30.003000+00:00,9496.0,0.0,0.0,0.0,1.0,0.0,0.0,1.0,1232.0,3721.0,-3416.0,766.0,2,0.06972406503420077,-0.0025952226013430625,
2024-04-07 05:06:30.283000+00:00,9496.0,0.0,0.0,0.0,1.0,0.0,0.0,1.0,1232.0,3721.0,-3416.0,766.0,2,0.06972406503420077,-0.0025952226013430625,
2024-04-07 05:06:30.523000+00:00,9496.0,0.0,0.0,0.0,1.0,0.0,0.0,1.0,1232.0,3721.0,-3416.0,766.0,2,0.06972406503420077,-0.0025952226013430625,
2024-04-07 05:06:30.683000+00:00,9496.0,0.0,0.0,0.0,1.0,0.0,0.0,1.0,1232.0,3721.0,-3416.0,766.0,2,0.06972406503420077,-0.0025952226013430625,
2024-04-07 05:06:31.083000+00:00,9496.0,0.0,0.0,0.0,1.0,0.0,0.0,1.0,1232.0,3721.0,-3416.0,766.0,2,0.06972406503420077,-0.0025952226013430625,
2024-04-07 05:06:31.563000+00:00,9496.0,0.0,0.0,0.0,1.0,0.0,0.0,1.0,1232.0,3721.0,-3416.0,766.0,2,0.06972406503420077,-0.0025952226013430625,
2024-04-07 05:06:31.804000+00:00,9496.0,0.0,0.0,0.0,1.0,0.0,0.0,1.0,1232.0,3721.0,-3416.0,766.0,2,0.06972406503420077,-0.0025952226013430625,
2024-04-07 05:06:32.084000+00:00,9496.0,0.0,0.0,0.0,1.0,0.0,0.0,1.0,1232.0,3721.0,-3416.0,766.0,2,0.06972406503420077,-0.0025952226013430625,
2024-04-07 05:06:32.244000+00:00,9496.0,0.0,0.0,0.0,1.0,0.0,0.0,1.0,1232.0,3721.0,-3416.0,766.0,2,0.06972406503420077,-0.0025952226013430625,
2024-04-07 05:06:32.564000+00:00,9496.0,0.0,0.0,0.0,1.0,0.0,0.0,1.0,1232.0,3721.0,-3416.0,766.0,2,0.06972406503420077,-0.0025952226013430625,
2024-04-07 05:06:32.964000+00:00,9496.0,0.0,0.0,0.0,1.0,0.0,0.0,1.0,1232.0,3721.0,-3416.0,766.0,2,0.06972406503420077,-0.0025952226013430625,
2024-04-07 05:06:33.124000+00:00,9496.0,0.0,0.0,0.0,1.0,0.0,0.0,1.0,1232.0,3721.0,-3416.0,766.0,2,0.06972406503420077,-0.0025952226013430625,
2024-04-07 05:06:33.404000+00:00,9496.0,0.0,0.0,0.0,1.0,0.0,0.0,1.0,1232.0,3721.0,-3416.0,766.0,2,0.06972406503420077,-0.0025952226013430625,
2024-04-07 05:06:33.564000+00:00,9496.0,0.0,0.0,0.0,1.0,0.0,0.0,1.0,1232.0,3721.0,-3416.0,766.0,2,0.06972406503420077,-0.0025952226013430625,
2024-04-07 05:06:34.044000+00:00,9496.0,0.0,0.0,0.0,1.0,0.0,0.0,1.0,1232.0,3721.0,-3416.0,766.0,2,0.06972406503420077,-0.0025952226013430625,
2024-04-07 05:06:34.404000+00:00,9496.0,0.0,0.0,0.0,1.0,0.0,0.0,1.0,1232.0,3721.0,-3416.0,766.0,2,0.06972406503420077,-0.0025952226013430625,
2024-04-07 05:06:34.724000+00:00,9496.0,0.0,0.0,0.0,1.0,0.0,0.0,1.0,1232.0,3721.0,-3416.0,766.0,2,0.06972406503420077,-0.0025952226013430625,
2024-04-07 05:06:34.924000+00:00,9496.0,0.0,0.0,0.0,1.0,0.0,0.0,1.0,1232.0,3721.0,-3416.0,766.0,2,0.06972406503420077,-0.0025952226013430625,
2024-04-07 05:06:35.204000+00:00,9496.0,0.0,0.0,0.0,1.0,0.0,0.0,1.0,1232.0,3721.0,-3416.0,766.0,2,0.06972406503420077,-0.0025952226013430625,
2024-04-07 05:06:35.684000+00:00,9496.0,0.0,0.0,0.0,1.0,0.0,0.0,1.0,1232.0,3721.0,-3416.0,766.0,2,0.06972406503420077,-0.0025952226013430625,
2024-04-07 05:06:36.003000+00:00,9496.0,0.0,0.0,0.0,1.0,0.0,0.0,1.0,1232.0,3721.0,-3416.0,766.0,2,0.06972406503420077,-0.0025952226013430625,
2024-04-07 05:06:36.163000+00:00,9496.0,0.0,0.0,0.0,1.0,0.0,0.0,1.0,1232.0,3721.0,-3416.0,766.0,2,0.06972406503420077,-0.0025952226013430625,
2024-04-07 05:06:36.523000+00:00,9496.0,0.0,0.0,0.0,1.0,0.0,0.0,1.0,1232.0,3721.0,-3416.0,766.0,2,0.06972406503420077,-0.0025952226013430625,
2024-04-07 05:06:36.883000+00:00,9496.0,0.0,0.0,0.0,1.0,0.0,0.0,1.0,1232.0,3721.0,-3416.0,766.0,2,0.06972406503420077,-0.0025952226013430625,
2024-04-07 05:06:37.163000+00:00,9496.0,0.0,0.0,0.0,1.0,0.0,0.0,1.0,1232.0,3721.0,-3416.0,766.0,2,0.06972406503420077,-0.0025952226013430625,
2024-04-07 05:06:37.523000+00:00,9496.0,0.0,0.0,0.0,1.0,0.0,0.0,1.0,1232.0,3721.0,-3416.0,766.0,2,0.06972406503420077,-0.0025952226013430625,
2024-04-07 05:06:37.683000+00:00,9496.0,0.0,0.0,0.0,1.0,0.0,0.0,1.0,1232.0,3721.0,-3416.0,766.0,2,0.06972406503420077,-0.0025952226013430625,
2024-04-07 05:06:37.843000+00:00,9496.0,0.0,0.0,0.0,1.0,0.0,0.0,1.0,1232.0,3721.0,-3416.0,766.0,2,0.06972406503420077,-0.0025952226013430625,
2024-04-07 05:06:38.204000+00:00,9496.0,0.0,0.0,0.0,1.0,0.0,0.0,1.0,1232.0,3721.0,-3416.0,766.0,2,0.06972406503420077,-0.0025952226013430625,
2024-04-07 05:06:38.444000+00:00,9496.0,0.0,0.0,0.0,1.0,0.0,0.0,1.0,1232.0,3721.0,-3416.0,766.0,2,0.06972406503420077,-0.0025952226013430625,
2024-04-07 05:06:38.764000+00:00,9496.0,0.0,0.0,0.0,1.0,0.0,0.0,1.0,1232.0,3721.0,-3416.0,766.0,2,0.06972406503420077,-0.0025952226013430625,
2024-04-07 05:06:39.004000+00:00,9496.0,0.0,0.0,0.0,1.0,0.0,0.0,1.0,1232.0,3721.0,-3416.0,766.0,2,0.06972406503420077,-0.0025952226013430625,
2024-04-07 05:06:39.324000+00:00,9496.0,0.0,0.0,0.0,1.0,0.0,0.0,1.0,1232.0,3721.0,-3416.0,766.0,2,0.06972406503420077,-0.0025952226013430625,
2024-04-07 05:06:39.524000+00:00,9496.0,0.0,0.0,0.0,1.0,0.0,0.0,1.0,1232.0,3721.0,-3416.0,766.0,2,0.06972406503420077,-0.0025952226013430625,
2024-04-07 05:06:39.724000+00:00,9496.0,0.0,0.0,0.0,1.0,0.0,0.0,1.0,1232.0,3721.0,-3416.0,766.0,2,0.06972406503420077,-0.0025952226013430625,
2024-04-07 05:06:39.964000+00:00,9496.0,0.0,0.0,0.0,1.0,0.0,0.0,1.0,1232.0,3721.0,-3416.0,766.0,2,0.06972406503420077,-0.0025952226013430625,
2024-04-07 05:06:40.244000+00:00,9496.0,0.0,0.0,0.0,1.0,0.0,0.0,1.0,1232.0,3721.0,-3416.0,766.0,2,0.06972406503420077,-0.0025952226013430625,
2024-04-07 05:06:40.444000+00:00,9496.0,0.0,0.0,0.0,1.0,0.0,0.0,1.0,1232.0,3721.0,-3416.0,766.0,2,0.06972406503420077,-0.0025952226013430625,
2024-04-07 05:06:40.604000+00:00,9496.0,0.0,0.0,0.0,1.0,0.0,0.0,1.0,1232.0,3721.0,-3416.0,766.0,2,0.06972406503420077,-0.0025952226013430625,
2024-04-07 05:06:40.764000+00:00,9496.0,0.0,0.0,0.0,1.0,0.0,0.0,1.0,1232.0,3721.0,-3416.0,766.0,2,0.06972406503420077,-0.0025952226013430625,
2024-04-07 05:06:41.084000+00:00,9496.0,0.0,0.0,0.0,1.0,0.0,0.0,1.0,1232.0,3721.0,-3416.0,766.0,2,0.06972406503420077,-0.0025952226013430625,
2024-04-07 05:06:41.284000+00:00,9496.0,0.0,0.0,0.0,1.0,0.0,0.0,1.0,1232.0,3721.0,-3416.0,766.0,2,0.06972406503420077,-0.0025952226013430625,
2024-04-07 05:06:41.444000+00:00,9496.0,0.0,0.0,0.0,1.0,0.0,0.0,1.0,1232.0,3721.0,-3416.0,766.0,2,0.06972406503420077,-0.0025952226013430625,
2024-04-07 05:06:41.604000+00:00,9496.0,0.0,0.0,0.0,1.0,0.0,0.0,1.0,1232.0,3721.0,-3416.0,766.0,2,0.06972406503420077,-0.0025952226013430625,
2024-04-07 05:06:41.884000+00:00,9496.0,0.0,0.0,0.0,1.0,0.0,0.0,1.0,1232.0,3721.0,-3416.0,766.0,2,0.06972406503420077,-0.0025952226013430625,
2024-04-07 05:06:42.124000+00:00,9496.0,0.0,0.0,0.0,1.0,0.0,0.0,1.0,1232.0,3721.0,-3416.0,766.0,2,0.06972406503420077,-0.0025952226013430625,
2024-04-07 05:06:42.444000+00:00,9496.0,0.0,0.0,0.0,1.0,0.0,0.0,1.0,1232.0,3721.0,-3416.0,766.0,2,0.06972406503420077,-0.0025952226013430625,
2024-04-07 05:06:42.684000+00:00,9496.0,0.0,0.0,0.0,1.0,0.0,0.0,1.0,1232.0,3721.0,-3416.0,766.0,2,0.06972406503420077,-0.0025952226013430625,
2024-04-07 05:06:42.883000+00:00,9496.0,0.0,0.0,0.0,1.0,0.0,0.0,1.0,1232.0,3721.0,-3416.0,766.0,2,0.06972406503420077,-0.0025952226013430625,
2024-04-07 05:06:43.083000+00:00,9496.0,0.0,0.0,0.0,1.0,0.0,0.0,1.0,1232.0,3721.0,-3416.0,766.0,2,0.06972406503420077,-0.0025952226013430625,
2024-04-07 05:06:43.243000+00:00,9496.0,0.0,0.0,0.0,1.0,0.0,0.0,1.0,1232.0,3721.0,-3416.0,766.0,2,0.06972406503420077,-0.0025952226013430625,
2024-04-07 05:06:43.483000+00:00,9496.0,0.0,0.0,0.0,1.0,0.0,0.0,1.0,1232.0,3721.0,-3416.0,766.0,2,0.06972406503420077,-0.0025952226013430625,
2024-04-07 05:06:43.803000+00:00,9496.0,0.0,0.0,0.0,1.0,0.0,0.0,1.0,1232.0,3721.0,-3416.0,766.0,2,0.06972406503420077,-0.0025952226013430625,
2024-04-07 05:06:43.963000+00:00,9496.0,0.0,0.0,0.0,1.0,0.0,0.0,1.0,1232.0,3721.0,-3416.0,766.0,2,0.06972406503420077,-0.0025952226013430625,
2024-04-07 05:06:44.163000+00:00,9496.0,0.0,0.0,0.0,1.0,0.0,0.0,1.0,1232.0,3721.0,-3416.0,766.0,2,0.06972406503420077,-0.0025952226013430625,
2024-04-07 05:06:44.323000+00:00,9496.0,0.0,0.0,0.0,1.0,0.0,0.0,1.0,1232.0,3721.0,-3416.0,766.0,2,0.06972406503420077,-0.0025952226013430625,
2024-04-07 05:06:44.563000+00:00,9496.0,0.0,0.0,0.0,1.0,0.0,0.0,1.0,1232.0,3721.0,-3416.0,766.0,2,0.06972406503420077,-0.0025952226013430625,
2024-04-07 05:06:44.764000+00:00,9496.0,0.0,0.0,0.0,1.0,0.0,0.0,1.0,1232.0,3721.0,-3416.0,766.0,2,0.06972406503420077,-0.0025952226013430625,
2024-04-07 05:06:45.244000+00:00,9496.0,0.0,0.0,0.0,1.0,0.0,0.0,1.0,1232.0,3721.0,-3416.0,766.0,2,0.06972406503420077,-0.0025952226013430625,
2024-04-07 05:06:45.644000+00:00,9496.0,0.0,0.0,0.0,1.0,0.0,0.0,1.0,1232.0,3721.0,-3416.0,766.0,2,0.06972406503420077,-0.0025952226013430625,
2024-04-07 05:06:45.804000+00:00,9496.0,0.0,0.0,0.0,1.0,0.0,0.0,1.0,1232.0,3721.0,-3416.0,766.0,2,0.06972406503420077,-0.0025952226013430625,
2024-04-07 05:06:46.124000+00:00,9496.0,0.0,0.0,0.0,1.0,0.0,0.0,1.0,1232.0,3721.0,-3416.0,766.0,2,0.06972406503420077,-0.0025952226013430625,
2024-04-07 05:06:46.284000+00:00,9496.0,0.0,0.0,0.0,1.0,0.0,0.0,1.0,1232.0,3721.0,-3416.0,766.0,2,0.06972406503420077,-0.0025952226013430625,
2024-04-07 05:06:46.604000+00:00,9496.0,0.0,0.0,0.0,1.0,0.0,0.0,1.0,1232.0,3721.0,-3416.0,766.0,2,0.06972406503420077,-0.0025952226013430625,
2024-04-07 05:06:46.844000+00:00,9496.0,0.0,0.0,0.0,1.0,0.0,0.0,1.0,1232.0,3721.0,-3416.0,766.0,2,0.06972406503420077,-0.0025952226013430625,
2024-04-07 05:06:47.084000+00:00,9496.0,0.0,0.0,0.0,1.0,0.0,0.0,1.0,1232.0,3721.0,-3416.0,766.0,2,0.06972406503420077,-0.0025952226013430625,
2024-04-07 05:06:47.364000+00:00,9496.0,0.0,0.0,0.0,1.0,0.0,0.0,1.0,1232.0,3721.0,-3416.0,766.0,2,0.06972406503420077,-0.0025952226013430625,
2024-04-07 05:06:47.564000+00:00,9496.0,0.0,0.0,0.0,1.0,0.0,0.0,1.0,1232.0,3721.0,-3416.0,766.0,2,0.06972406503420077,-0.0025952226013430625,
2024-04-07 05:06:47.924000+00:00,9496.0,0.0,0.0,0.0,1.0,0.0,0.0,1.0,1232.0,3721.0,-3416.0,766.0,2,0.06972406503420077,-0.0025952226013430625,
2024-04-07 05:06:48.244000+00:00,9496.0,0.0,0.0,0.0,1.0,0.0,0.0,1.0,1232.0,3721.0,-3416.0,766.0,2,0.06972406503420077,-0.0025952226013430625,
2024-04-07 05:06:48.764000+00:00,9496.0,0.0,0.0,0.0,1.0,0.0,0.0,1.0,1232.0,3721.0,-3416.0,766.0,2,0.06972406503420077,-0.0025952226013430625,
2024-04-07 05:06:49.044000+00:00,9496.0,0.0,0.0,0.0,1.0,0.0,0.0,1.0,1232.0,3721.0,-3416.0,766.0,2,0.06972406503420077,-0.0025952226013430625,
2024-04-07 05:06:49.244000+00:00,9496.0,0.0,0.0,0.0,1.0,0.0,0.0,1.0,1232.0,3721.0,-3416.0,766.0,2,0.06972406503420077,-0.0025952226013430625,
2024-04-07 05:06:49.563000+00:00,9496.0,0.0,0.0,0.0,1.0,0.0,0.0,1.0,1232.0,3721.0,-3416.0,766.0,2,0.06972406503420077,-0.0025952226013430625,
2024-04-07 05:06:49.723000+00:00,9496.0,0.0,0.0,0.0,1.0,0.0,0.0,1.0,1232.0,3721.0,-3416.0,766.0,2,0.06972406503420077,-0.0025952226013430625,
2024-04-07 05:06:50.043000+00:00,9496.0,0.0,0.0,0.0,1.0,0.0,0.0,1.0,1232.0,3721.0,-3416.0,766.0,2,0.06972406503420077,-0.0025952226013430625,
2024-04-07 05:06:50.243000+00:00,9496.0,0.0,0.0,0.0,1.0,0.0,0.0,1.0,1232.0,3721.0,-3416.0,766.0,2,0.06972406503420077,-0.0025952226013430625,
2024-04-07 05:06:50.603000+00:00,9496.0,0.0,0.0,0.0,1.0,0.0,0.0,1.0,1232.0,3721.0,-3416.0,766.0,2,0.06972406503420077,-0.0025952226013430625,
2024-04-07 05:06:51.043000+00:00,9496.0,0.0,0.0,0.0,1.0,0.0,0.0,1.0,1232.0,3721.0,-3416.0,766.0,2,0.06972406503420077,-0.0025952226013430625,
2024-04-07 05:06:51.323000+00:00,9496.0,0.0,0.0,0.0,1.0,0.0,0.0,1.0,1232.0,3721.0,-3416.0,766.0,2,0.06972406503420077,-0.0025952226013430625,
2024-04-07 05:06:51.604000+00:00,9496.0,0.0,0.0,0.0,1.0,0.0,0.0,1.0,1232.0,3721.0,-3416.0,766.0,2,0.06972406503420077,-0.0025952226013430625,
2024-04-07 05:06:51.764000+00:00,9496.0,0.0,0.0,0.0,1.0,0.0,0.0,1.0,1232.0,3721.0,-3416.0,766.0,2,0.06972406503420077,-0.0025952226013430625,
2024-04-07 05:06:52.044000+00:00,9496.0,0.0,0.0,0.0,1.0,0.0,0.0,1.0,1232.0,3721.0,-3416.0,766.0,2,0.06972406503420077,-0.0025952226013430625,
2024-04-07 05:06:52.244000+00:00,9496.0,0.0,0.0,0.0,1.0,0.0,0.0,1.0,1232.0,3721.0,-3416.0,766.0,2,0.06972406503420077,-0.0025952226013430625,
2024-04-07 05:06:52.404000+00:00,9496.0,0.0,0.0,0.0,1.0,0.0,0.0,1.0,1232.0,3721.0,-3416.0,766.0,2,0.06972406503420077,-0.0025952226013430625,
2024-04-07 05:06:52.564000+00:00,9496.0,0.0,0.0,0.0,1.0,0.0,0.0,1.0,1232.0,3721.0,-3416.0,766.0,2,0.06972406503420077,-0.0025952226013430625,
2024-04-07 05:06:52.844000+00:00,9496.0,0.0,0.0,0.0,1.0,0.0,0.0,1.0,1232.0,3721.0,-3416.0,766.0,2,0.06972406503420077,-0.0025952226013430625,
2024-04-07 05:06:53.164000+00:00,9496.0,0.0,0.0,0.0,1.0,0.0,0.0,1.0,1232.0,3721.0,-3416.0,766.0,2,0.06972406503420077,-0.0025952226013430625,
2024-04-07 05:06:53.524000+00:00,9496.0,0.0,0.0,0.0,1.0,0.0,0.0,1.0,1232.0,3721.0,-3416.0,766.0,2,0.06972406503420077,-0.0025952226013430625,
2024-04-07 05:06:53.724000+00:00,9496.0,0.0,0.0,0.0,1.0,0.0,0.0,1.0,1232.0,3721.0,-3416.0,766.0,2,0.06972406503420077,-0.0025952226013430625,
2024-04-07 05:06:53.924000+00:00,9496.0,0.0,0.0,0.0,1.0,0.0,0.0,1.0,1232.0,3721.0,-3416.0,766.0,2,0.06972406503420077,-0.0025952226013430625,
2024-04-07 05:06:54.124000+00:00,9496.0,0.0,0.0,0.0,1.0,0.0,0.0,1.0,1232.0,3721.0,-3416.0,766.0,2,0.06972406503420077,-0.0025952226013430625,
2024-04-07 05:06:54.404000+00:00,9496.0,0.0,0.0,0.0,1.0,0.0,0.0,1.0,1232.0,3721.0,-3416.0,766.0,2,0.06972406503420077,-0.0025952226013430625,
2024-04-07 05:06:54.764000+00:00,9496.0,0.0,0.0,0.0,1.0,0.0,0.0,1.0,1232.0,3721.0,-3416.0,766.0,2,0.06972406503420077,-0.0025952226013430625,
2024-04-07 05:06:54.964000+00:00,9496.0,0.0,0.0,0.0,1.0,0.0,0.0,1.0,1232.0,3721.0,-3416.0,766.0,2,0.06972406503420077,-0.0025952226013430625,
2024-04-07 05:06:55.124000+00:00,9496.0,0.0,0.0,0.0,1.0,0.0,0.0,1.0,1232.0,3721.0,-3416.0,766.0,2,0.06972406503420077,-0.0025952226013430625,
2024-04-07 05:06:55.324000+00:00,9496.0,0.0,0.0,0.0,1.0,0.0,0.0,1.0,1232.0,3721.0,-3416.0,766.0,2,0.06972406503420077,-0.0025952226013430625,
2024-04-07 05:06:55.524000+00:00,9496.0,0.0,0.0,0.0,1.0,0.0,0.0,1.0,1232.0,3721.0,-3416.0,766.0,2,0.06972406503420077,-0.0025952226013430625,
2024-04-07 05:06:55.724000+00:00,9496.0,0.0,0.0,0.0,1.0,0.0,0.0,1.0,1232.0,3721.0,-3416.0,766.0,2,0.06972406503420077,-0.0025952226013430625,
2024-04-07 05:06:55.924000+00:00,9496.0,0.0,0.0,0.0,1.0,0.0,0.0,1.0,1232.0,3721.0,-3416.0,766.0,2,0.06972406503420077,-0.0025952226013430625,
2024-04-07 05:06:56.164000+00:00,9496.0,0.0,0.0,0.0,1.0,0.0,0.0,1.0,1232.0,3721.0,-3416.0,766.0,2,0.06972406503420077,-0.0025952226013430625,
2024-04-07 05:06:56.483000+00:00,9496.0,0.0,0.0,0.0,1.0,0.0,0.0,1.0,1232.0,3721.0,-3416.0,766.0,2,0.06972406503420077,-0.0025952226013430625,
2024-04-07 05:06:56.843000+00:00,9496.0,0.0,0.0,0.0,1.0,0.0,0.0,1.0,1232.0,3721.0,-3416.0,766.0,2,0.06972406503420077,-0.0025952226013430625,
2024-04-07 05:06:57.123000+00:00,9496.0,0.0,0.0,0.0,1.0,0.0,0.0,1.0,1232.0,3721.0,-3416.0,766.0,2,0.06972406503420077,-0.0025952226013430625,
2024-04-07 05:06:57.323000+00:00,9496.0,0.0,0.0,0.0,1.0,0.0,0.0,1.0,1232.0,3721.0,-3416.0,766.0,2,0.06972406503420077,-0.0025952226013430625,
2024-04-07 05:06:57.603000+00:00,9496.0,0.0,0.0,0.0,1.0,0.0,0.0,1.0,1232.0,3721.0,-3416.0,766.0,2,0.06972406503420077,-0.0025952226013430625,
2024-04-07 05:06:57.924000+00:00,9496.0,0.0,0.0,0.0,1.0,0.0,0.0,1.0,1232.0,3721.0,-3416.0,766.0,2,0.06972406503420077,-0.0025952226013430625,
2024-04-07 05:06:58.244000+00:00,9496.0,0.0,0.0,0.0,1.0,0.0,0.0,1.0,1232.0,3721.0,-3416.0,766.0,2,0.06972406503420077,-0.0025952226013430625,
2024-04-07 05:06:58.444000+00:00,9496.0,0.0,0.0,0.0,1.0,0.0,0.0,1.0,1232.0,3721.0,-3416.0,766.0,2,0.06972406503420077,-0.0025952226013430625,
2024-04-07 05:06:58.684000+00:00,9496.0,0.0,0.0,0.0,1.0,0.0,0.0,1.0,1232.0,3721.0,-3416.0,766.0,2,0.06972406503420077,-0.0025952226013430625,
2024-04-07 05:06:59.004000+00:00,9496.0,0.0,0.0,0.0,1.0,0.0,0.0,1.0,1232.0,3721.0,-3416.0,766.0,2,0.06972406503420077,-0.0025952226013430625,
2024-04-07 05:06:59.284000+00:00,9496.0,0.0,0.0,0.0,1.0,0.0,0.0,1.0,1232.0,3721.0,-3416.0,766.0,2,0.06972406503420077,-0.0025952226013430625,
2024-04-07 05:06:59.524000+00:00,9496.0,0.0,0.0,0.0,1.0,0.0,0.0,1.0,1232.0,3721.0,-3416.0,766.0,2,0.06972406503420077,-0.0025952226013430625,
2024-04-07 05:06:59.804000+00:00,9496.0,0.0,0.0,0.0,1.0,0.0,0.0,1.0,1232.0,3721.0,-3416.0,766.0,2,0.06972406503420077,-0.0025952226013430625,
2024-04-07 05:07:00.004000+00:00,9496.0,0.0,0.0,0.0,1.0,0.0,0.0,1.0,1232.0,3721.0,-3416.0,766.0,2,0.06972406503420077,-0.0025952226013430625,
2024-04-07 05:07:00.164000+00:00,9496.0,0.0,0.0,0.0,1.0,0.0,0.0,1.0,1232.0,3721.0,-3416.0,766.0,2,0.06972406503420077,-0.0025952226013430625,
2024-04-07 05:07:00.444000+00:00,9496.0,0.0,0.0,0.0,1.0,0.0,0.0,1.0,1232.0,3721.0,-3416.0,766.0,2,0.06972406503420077,-0.0025952226013430625,
2024-04-07 05:07:00.604000+00:00,9496.0,0.0,0.0,0.0,1.0,0.0,0.0,1.0,1232.0,3721.0,-3416.0,766.0,2,0.06972406503420077,-0.0025952226013430625,
2024-04-07 05:07:00.844000+00:00,9496.0,0.0,0.0,0.0,1.0,0.0,0.0,1.0,1232.0,3721.0,-3416.0,766.0,2,0.06972406503420077,-0.0025952226013430625,
2024-04-07 05:07:01.004000+00:00,9496.0,0.0,0.0,0.0,1.0,0.0,0.0,1.0,1232.0,3721.0,-3416.0,766.0,2,0.06972406503420077,-0.0025952226013430625,
2024-04-07 05:07:01.244000+00:00,9496.0,0.0,0.0,0.0,1.0,0.0,0.0,1.0,1232.0,3721.0,-3416.0,766.0,2,0.06972406503420077,-0.0025952226013430625,
2024-04-07 05:07:01.444000+00:00,9496.0,0.0,0.0,0.0,1.0,0.0,0.0,1.0,1232.0,3721.0,-3416.0,766.0,2,0.06972406503420077,-0.0025952226013430625,
2024-04-07 05:07:01.644000+00:00,9496.0,0.0,0.0,0.0,1.0,0.0,0.0,1.0,1232.0,3721.0,-3416.0,766.0,2,0.06972406503420077,-0.0025952226013430625,
2024-04-07 05:07:01.804000+00:00,9496.0,0.0,0.0,0.0,1.0,0.0,0.0,1.0,1232.0,3721.0,-3416.0,766.0,2,0.06972406503420077,-0.0025952226013430625,
2024-04-07 05:07:02.044000+00:00,9496.0,0.0,0.0,0.0,1.0,0.0,0.0,1.0,1232.0,3721.0,-3416.0,766.0,2,0.06972406503420077,-0.0025952226013430625,
2024-04-07 05:07:02.484000+00:00,9496.0,0.0,0.0,0.0,1.0,0.0,0.0,1.0,1232.0,3721.0,-3416.0,766.0,2,0.06972406503420077,-0.0025952226013430625,
2024-04-07 05:07:02.644000+00:00,9496.0,0.0,0.0,0.0,1.0,0.0,0.0,1.0,1232.0,3721.0,-3416.0,766.0,2,0.06972406503420077,-0.0025952226013430625,
2024-04-07 05:07:03.043000+00:00,9496.0,0.0,0.0,0.0,1.0,0.0,0.0,1.0,1232.0,3721.0,-3416.0,766.0,2,0.06972406503420077,-0.0025952226013430625,
2024-04-07 05:07:03.323000+00:00,9496.0,0.0,0.0,0.0,1.0,0.0,0.0,1.0,1232.0,3721.0,-3416.0,766.0,2,0.06972406503420077,-0.0025952226013430625,
2024-04-07 05:07:03.523000+00:00,9496.0,0.0,0.0,0.0,1.0,0.0,0.0,1.0,1232.0,3721.0,-3416.0,766.0,2,0.06972406503420077,-0.0025952226013430625,
2024-04-07 05:07:03.723000+00:00,9496.0,0.0,0.0,0.0,1.0,0.0,0.0,1.0,1232.0,3721.0,-3416.0,766.0,2,0.06972406503420077,-0.0025952226013430625,
2024-04-07 05:07:04.083000+00:00,9496.0,0.0,0.0,0.0,1.0,0.0,0.0,1.0,1232.0,3721.0,-3416.0,766.0,2,0.06972406503420077,-0.0025952226013430625,
2024-04-07 05:07:04.243000+00:00,9496.0,0.0,0.0,0.0,1.0,0.0,0.0,1.0,1232.0,3721.0,-3416.0,766.0,2,0.06972406503420077,-0.0025952226013430625,
2024-04-07 05:07:04.403000+00:00,9496.0,0.0,0.0,0.0,1.0,0.0,0.0,1.0,1232.0,3721.0,-3416.0,766.0,2,0.06972406503420077,-0.0025952226013430625,
2024-04-07 05:07:04.724000+00:00,9496.0,0.0,0.0,0.0,1.0,0.0,0.0,1.0,1232.0,3721.0,-3416.0,766.0,2,0.06972406503420077,-0.0025952226013430625,
2024-04-07 05:07:04.924000+00:00,9496.0,0.0,0.0,0.0,1.0,0.0,0.0,1.0,1232.0,3721.0,-3416.0,766.0,2,0.06972406503420077,-0.0025952226013430625,
2024-04-07 05:07:05.164000+00:00,9496.0,0.0,0.0,0.0,1.0,0.0,0.0,1.0,1232.0,3721.0,-3416.0,766.0,2,0.06972406503420077,-0.0025952226013430625,
2024-04-07 05:07:05.604000+00:00,9496.0,0.0,0.0,0.0,1.0,0.0,0.0,1.0,1232.0,3721.0,-3416.0,766.0,2,0.06972406503420077,-0.0025952226013430625,
2024-04-07 05:07:06.004000+00:00,9496.0,0.0,0.0,0.0,1.0,0.0,0.0,1.0,1232.0,3721.0,-3416.0,766.0,2,0.06972406503420077,-0.0025952226013430625,
2024-04-07 05:07:06.204000+00:00,9496.0,0.0,0.0,0.0,1.0,0.0,0.0,1.0,1232.0,3721.0,-3416.0,766.0,2,0.06972406503420077,-0.0025952226013430625,
2024-04-07 05:07:06.644000+00:00,9496.0,0.0,0.0,0.0,1.0,0.0,0.0,1.0,1232.0,3721.0,-3416.0,766.0,2,0.06972406503420077,-0.0025952226013430625,
2024-04-07 05:07:06.964000+00:00,9496.0,0.0,0.0,0.0,1.0,0.0,0.0,1.0,1232.0,3721.0,-3416.0,766.0,2,0.06972406503420077,-0.0025952226013430625,
2024-04-07 05:07:07.284000+00:00,9496.0,0.0,0.0,0.0,1.0,0.0,0.0,1.0,1232.0,3721.0,-3416.0,766.0,2,0.06972406503420077,-0.0025952226013430625,
2024-04-07 05:07:07.684000+00:00,9496.0,0.0,0.0,0.0,1.0,0.0,0.0,1.0,1232.0,3721.0,-3416.0,766.0,2,0.06972406503420077,-0.0025952226013430625,
2024-04-07 05:07:08.484000+00:00,9496.0,0.0,0.0,0.0,1.0,0.0,0.0,1.0,1232.0,3721.0,-3416.0,766.0,2,0.06972406503420077,-0.0025952226013430625,
2024-04-07 05:07:08.844000+00:00,9496.0,0.0,0.0,0.0,1.0,0.0,0.0,1.0,1232.0,3721.0,-3416.0,766.0,2,0.06972406503420077,-0.0025952226013430625,
2024-04-07 05:07:09.124000+00:00,9496.0,0.0,0.0,0.0,1.0,0.0,0.0,1.0,1232.0,3721.0,-3416.0,766.0,2,0.06972406503420077,-0.0025952226013430625,
2024-04-07 05:07:09.324000+00:00,9496.0,0.0,0.0,0.0,1.0,0.0,0.0,1.0,1232.0,3721.0,-3416.0,766.0,2,0.06972406503420077,-0.0025952226013430625,
2024-04-07 05:07:09.683000+00:00,9496.0,0.0,0.0,0.0,1.0,0.0,0.0,1.0,1232.0,3721.0,-3416.0,766.0,2,0.06972406503420077,-0.0025952226013430625,
2024-04-07 05:07:10.003000+00:00,9496.0,0.0,0.0,0.0,1.0,0.0,0.0,1.0,1232.0,3721.0,-3416.0,766.0,2,0.06972406503420077,-0.0025952226013430625,
2024-04-07 05:07:10.323000+00:00,9496.0,0.0,0.0,0.0,1.0,0.0,0.0,1.0,1232.0,3721.0,-3416.0,766.0,2,0.06972406503420077,-0.0025952226013430625,
2024-04-07 05:07:10.523000+00:00,9496.0,0.0,0.0,0.0,1.0,0.0,0.0,1.0,1232.0,3721.0,-3416.0,766.0,2,0.06972406503420077,-0.0025952226013430625,
2024-04-07 05:07:10.723000+00:00,9496.0,0.0,0.0,0.0,1.0,0.0,0.0,1.0,1232.0,3721.0,-3416.0,766.0,2,0.06972406503420077,-0.0025952226013430625,
2024-04-07 05:07:11.164000+00:00,9496.0,0.0,0.0,0.0,1.0,0.0,0.0,1.0,1232.0,3721.0,-3416.0,766.0,2,0.06972406503420077,-0.0025952226013430625,
2024-04-07 05:07:11.324000+00:00,9496.0,0.0,0.0,0.0,1.0,0.0,0.0,1.0,1232.0,3721.0,-3416.0,766.0,2,0.06972406503420077,-0.0025952226013430625,
2024-04-07 05:07:11.484000+00:00,9496.0,0.0,0.0,0.0,1.0,0.0,0.0,1.0,1232.0,3721.0,-3416.0,766.0,2,0.06972406503420077,-0.0025952226013430625,
2024-04-07 05:07:11.644000+00:00,9496.0,0.0,0.0,0.0,1.0,0.0,0.0,1.0,1232.0,3721.0,-3416.0,766.0,2,0.06972406503420077,-0.0025952226013430625,
2024-04-07 05:07:11.884000+00:00,9496.0,0.0,0.0,0.0,1.0,0.0,0.0,1.0,1232.0,3721.0,-3416.0,766.0,2,0.06972406503420077,-0.0025952226013430625,
2024-04-07 05:07:12.044000+00:00,9496.0,0.0,0.0,0.0,1.0,0.0,0.0,1.0,1232.0,3721.0,-3416.0,766.0,2,0.06972406503420077,-0.0025952226013430625,
2024-04-07 05:07:12.244000+00:00,9496.0,0.0,0.0,0.0,1.0,0.0,0.0,1.0,1232.0,3721.0,-3416.0,766.0,2,0.06972406503420077,-0.0025952226013430625,
2024-04-07 05:07:12.524000+00:00,9496.0,0.0,0.0,0.0,1.0,0.0,0.0,1.0,1232.0,3721.0,-3416.0,766.0,2,0.06972406503420077,-0.0025952226013430625,
2024-04-07 05:07:12.724000+00:00,9496.0,0.0,0.0,0.0,1.0,0.0,0.0,1.0,1232.0,3721.0,-3416.0,766.0,2,0.06972406503420077,-0.0025952226013430625,
2024-04-07 05:07:13.044000+00:00,9496.0,0.0,0.0,0.0,1.0,0.0,0.0,1.0,1232.0,3721.0,-3416.0,766.0,2,0.06972406503420077,-0.0025952226013430625,
2024-04-07 05:07:13.324000+00:00,9496.0,0.0,0.0,0.0,1.0,0.0,0.0,1.0,1232.0,3721.0,-3416.0,766.0,2,0.06972406503420077,-0.0025952226013430625,
2024-04-07 05:07:13.484000+00:00,9496.0,0.0,0.0,0.0,1.0,0.0,0.0,1.0,1232.0,3721.0,-3416.0,766.0,2,0.06972406503420077,-0.0025952226013430625,
2024-04-07 05:07:13.764000+00:00,9496.0,0.0,0.0,0.0,1.0,0.0,0.0,1.0,1232.0,3721.0,-3416.0,766.0,2,0.06972406503420077,-0.0025952226013430625,
2024-04-07 05:07:14.004000+00:00,9496.0,0.0,0.0,0.0,1.0,0.0,0.0,1.0,1232.0,3721.0,-3416.0,766.0,2,0.06972406503420077,-0.0025952226013430625,
2024-04-07 05:07:14.204000+00:00,9496.0,0.0,0.0,0.0,1.0,0.0,0.0,1.0,1232.0,3721.0,-3416.0,766.0,2,0.06972406503420077,-0.0025952226013430625,
2024-04-07 05:07:14.364000+00:00,9496.0,0.0,0.0,0.0,1.0,0.0,0.0,1.0,1232.0,3721.0,-3416.0,766.0,2,0.06972406503420077,-0.0025952226013430625,
2024-04-07 05:07:14.644000+00:00,9496.0,0.0,0.0,0.0,1.0,0.0,0.0,1.0,1232.0,3721.0,-3416.0,766.0,2,0.06972406503420077,-0.0025952226013430625,
2024-04-07 05:07:15.084000+00:00,9496.0,0.0,0.0,0.0,1.0,0.0,0.0,1.0,1232.0,3721.0,-3416.0,766.0,2,0.06972406503420077,-0.0025952226013430625,
2024-04-07 05:07:15.284000+00:00,9496.0,0.0,0.0,0.0,1.0,0.0,0.0,1.0,1232.0,3721.0,-3416.0,766.0,2,0.06972406503420077,-0.0025952226013430625,
2024-04-07 05:07:15.564000+00:00,9496.0,0.0,0.0,0.0,1.0,0.0,0.0,1.0,1232.0,3721.0,-3416.0,766.0,2,0.06972406503420077,-0.0025952226013430625,
2024-04-07 05:07:15.924000+00:00,9496.0,0.0,0.0,0.0,1.0,0.0,0.0,1.0,1232.0,3721.0,-3416.0,766.0,2,0.06972406503420077,-0.0025952226013430625,
2024-04-07 05:07:16.244000+00:00,9496.0,0.0,0.0,0.0,1.0,0.0,0.0,1.0,1232.0,3721.0,-3416.0,766.0,2,0.06972406503420077,-0.0025952226013430625,
2024-04-07 05:07:16.523000+00:00,9496.0,0.0,0.0,0.0,1.0,0.0,0.0,1.0,1232.0,3721.0,-3416.0,766.0,2,0.06972406503420077,-0.0025952226013430625,
2024-04-07 05:07:16.843000+00:00,9496.0,0.0,0.0,0.0,1.0,0.0,0.0,1.0,1232.0,3721.0,-3416.0,766.0,2,0.06972406503420077,-0.0025952226013430625,
2024-04-07 05:07:17.003000+00:00,9496.0,0.0,0.0,0.0,1.0,0.0,0.0,1.0,1232.0,3721.0,-3416.0,766.0,2,0.06972406503420077,-0.0025952226013430625,
2024-04-07 05:07:17.203000+00:00,9496.0,0.0,0.0,0.0,1.0,0.0,0.0,1.0,1232.0,3721.0,-3416.0,766.0,2,0.06972406503420077,-0.0025952226013430625,
2024-04-07 05:07:17.483000+00:00,9496.0,0.0,0.0,0.0,1.0,0.0,0.0,1.0,1232.0,3721.0,-3416.0,766.0,2,0.06972406503420077,-0.0025952226013430625,
2024-04-07 05:07:17.684000+00:00,9496.0,0.0,0.0,0.0,1.0,0.0,0.0,1.0,1232.0,3721.0,-3416.0,766.0,2,0.06972406503420077,-0.0025952226013430625,
2024-04-07 05:07:17.884000+00:00,9496.0,0.0,0.0,0.0,1.0,0.0,0.0,1.0,1232.0,3721.0,-3416.0,766.0,2,0.06972406503420077,-0.0025952226013430625,
2024-04-07 05:07:18.124000+00:00,9496.0,0.0,0.0,0.0,1.0,0.0,0.0,1.0,1232.0,3721.0,-3416.0,766.0,2,0.06972406503420077,-0.0025952226013430625,
2024-04-07 05:07:18.284000+00:00,9496.0,0.0,0.0,0.0,1.0,0.0,0.0,1.0,1232.0,3721.0,-3416.0,766.0,2,0.06972406503420077,-0.0025952226013430625,
2024-04-07 05:07:18.444000+00:00,9496.0,0.0,0.0,0.0,1.0,0.0,0.0,1.0,1232.0,3721.0,-3416.0,766.0,2,0.06972406503420077,-0.0025952226013430625,
2024-04-07 05:07:18.764000+00:00,9496.0,0.0,0.0,0.0,1.0,0.0,0.0,1.0,1232.0,3721.0,-3416.0,766.0,2,0.06972406503420077,-0.0025952226013430625,
2024-04-07 05:07:18.964000+00:00,9496.0,0.0,0.0,0.0,1.0,0.0,0.0,1.0,1232.0,3721.0,-3416.0,766.0,2,0.06972406503420077,-0.0025952226013430625,
2024-04-07 05:07:19.324000+00:00,9496.0,0.0,0.0,0.0,1.0,0.0,0.0,1.0,1232.0,3721.0,-3416.0,766.0,2,0.06972406503420077,-0.0025952226013430625,
2024-04-07 05:07:19.564000+00:00,9496.0,0.0,0.0,0.0,1.0,0.0,0.0,1.0,1232.0,3721.0,-3416.0,766.0,2,0.06972406503420077,-0.0025952226013430625,
2024-04-07 05:07:20.004000+00:00,9496.0,0.0,0.0,0.0,1.0,0.0,0.0,1.0,1232.0,3721.0,-3416.0,766.0,2,0.06972406503420077,-0.0025952226013430625,
2024-04-07 05:07:20.324000+00:00,9496.0,0.0,0.0,0.0,1.0,0.0,0.0,1.0,1232.0,3721.0,-3416.0,766.0,2,0.06972406503420077,-0.0025952226013430625,
2024-04-07 05:07:20.484000+00:00,9496.0,0.0,0.0,0.0,1.0,0.0,0.0,1.0,1232.0,3721.0,-3416.0,766.0,2,0.06972406503420077,-0.0025952226013430625,
2024-04-07 05:07:20.764000+00:00,9496.0,0.0,0.0,0.0,1.0,0.0,0.0,1.0,1232.0,3721.0,-3416.0,766.0,2,0.06972406503420077,-0.0025952226013430625,
2024-04-07 05:07:21.004000+00:00,9496.0,0.0,0.0,0.0,1.0,0.0,0.0,1.0,1232.0,3721.0,-3416.0,766.0,2,0.06972406503420077,-0.0025952226013430625,
2024-04-07 05:07:21.164000+00:00,9496.0,0.0,0.0,0.0,1.0,0.0,0.0,1.0,1232.0,3721.0,-3416.0,766.0,2,0.06972406503420077,-0.0025952226013430625,
2024-04-07 05:07:21.524000+00:00,9496.0,0.0,0.0,0.0,1.0,0.0,0.0,1.0,1232.0,3721.0,-3416.0,766.0,2,0.06972406503420077,-0.0025952226013430625,
2024-04-07 05:07:21.844000+00:00,9496.0,0.0,0.0,0.0,1.0,0.0,0.0,1.0,1232.0,3721.0,-3416.0,766.0,2,0.06972406503420077,-0.0025952226013430625,
2024-04-07 05:07:22.004000+00:00,9496.0,0.0,0.0,0.0,1.0,0.0,0.0,1.0,1232.0,3721.0,-3416.0,766.0,2,0.06972406503420077,-0.0025952226013430625,
2024-04-07 05:07:22.484000+00:00,9496.0,0.0,0.0,0.0,1.0,0.0,0.0,1.0,1232.0,3721.0,-3416.0,766.0,2,0.06972406503420077,-0.0025952226013430625,
2024-04-07 05:07:22.644000+00:00,9496.0,0.0,0.0,0.0,1.0,0.0,0.0,1.0,1232.0,3721.0,-3416.0,766.0,2,0.06972406503420077,-0.0025952226013430625,
2024-04-07 05:07:22.844000+00:00,9496.0,0.0,0.0,0.0,1.0,0.0,0.0,1.0,1232.0,3721.0,-3416.0,766.0,2,0.06972406503420077,-0.0025952226013430625,
2024-04-07 05:07:23.083000+00:00,9496.0,0.0,0.0,0.0,1.0,0.0,0.0,1.0,1232.0,3721.0,-3416.0,766.0,2,0.06972406503420077,-0.0025952226013430625,
2024-04-07 05:07:23.523000+00:00,9496.0,0.0,0.0,0.0,1.0,0.0,0.0,1.0,1232.0,3721.0,-3416.0,766.0,2,0.06972406503420077,-0.0025952226013430625,
2024-04-07 05:07:23.923000+00:00,9496.0,0.0,0.0,0.0,1.0,0.0,0.0,1.0,1232.0,3721.0,-3416.0,766.0,2,0.06972406503420077,-0.0025952226013430625,
2024-04-07 05:07:24.123000+00:00,9496.0,0.0,0.0,0.0,1.0,0.0,0.0,1.0,1232.0,3721.0,-3416.0,766.0,2,0.06972406503420077,-0.0025952226013430625,
2024-04-07 05:07:24.404000+00:00,9496.0,0.0,0.0,0.0,1.0,0.0,0.0,1.0,1232.0,3721.0,-3416.0,766.0,2,0.06972406503420077,-0.0025952226013430625,
2024-04-07 05:07:24.724000+00:00,9496.0,0.0,0.0,0.0,1.0,0.0,0.0,1.0,1232.0,3721.0,-3416.0,766.0,2,0.06972406503420077,-0.0025952226013430625,
2024-04-07 05:07:24.964000+00:00,9496.0,0.0,0.0,0.0,1.0,0.0,0.0,1.0,1232.0,3721.0,-3416.0,766.0,2,0.06972406503420077,-0.0025952226013430625,
2024-04-07 05:07:25.244000+00:00,9496.0,0.0,0.0,0.0,1.0,0.0,0.0,1.0,1232.0,3721.0,-3416.0,766.0,2,0.06972406503420077,-0.0025952226013430625,
2024-04-07 05:07:25.444000+00:00,9496.0,0.0,0.0,0.0,1.0,0.0,0.0,1.0,1232.0,3721.0,-3416.0,766.0,2,0.06972406503420077,-0.0025952226013430625,
2024-04-07 05:07:26.004000+00:00,9496.0,0.0,0.0,0.0,1.0,0.0,0.0,1.0,1232.0,3721.0,-3416.0,766.0,2,0.06972406503420077,-0.0025952226013430625,
2024-04-07 05:07:26.204000+00:00,9496.0,0.0,0.0,0.0,1.0,0.0,0.0,1.0,1232.0,3721.0,-3416.0,766.0,2,0.06972406503420077,-0.0025952226013430625,
2024-04-07 05:07:26.364000+00:00,9496.0,0.0,0.0,0.0,1.0,0.0,0.0,1.0,1232.0,3721.0,-3416.0,766.0,2,0.06972406503420077,-0.0025952226013430625,
2024-04-07 05:07:26.604000+00:00,9496.0,0.0,0.0,0.0,1.0,0.0,0.0,1.0,1232.0,3721.0,-3416.0,766.0,2,0.06972406503420077,-0.0025952226013430625,
2024-04-07 05:07:26.884000+00:00,9496.0,0.0,0.0,0.0,1.0,0.0,0.0,1.0,1232.0,3688.0,-3378.0,766.0,2,0.06972406503420077,-0.0025952226013430625,
2024-04-07 05:07:27.084000+00:00,9496.0,0.0,0.0,0.0,1.0,0.0,0.0,1.0,1232.0,3688.0,-3378.0,766.0,2,0.06972406503420077,-0.0025952226013430625,
2024-04-07 05:07:27.444000+00:00,9496.0,0.0,0.0,0.0,1.0,0.0,0.0,1.0,1232.0,3688.0,-3378.0,766.0,2,0.06972406503420077,-0.0025952226013430625,
2024-04-07 05:07:27.844000+00:00,9496.0,0.0,0.0,0.0,1.0,0.0,0.0,1.0,1232.0,3688.0,-3378.0,766.0,2,0.06972406503420077,-0.0025952226013430625,
2024-04-07 05:07:28.004000+00:00,9496.0,0.0,0.0,0.0,1.0,0.0,0.0,1.0,1232.0,3688.0,-3378.0,766.0,2,0.06972406503420077,-0.0025952226013430625,
2024-04-07 05:07:28.164000+00:00,9496.0,0.0,0.0,0.0,1.0,0.0,0.0,1.0,1232.0,3688.0,-3378.0,766.0,2,0.06972406503420077,-0.0025952226013430625,
2024-04-07 05:07:28.364000+00:00,9496.0,0.0,0.0,0.0,1.0,0.0,0.0,1.0,1232.0,3688.0,-3378.0,766.0,2,0.06972406503420077,-0.0025952226013430625,
2024-04-07 05:07:28.604000+00:00,9496.0,0.0,0.0,0.0,1.0,0.0,0.0,1.0,1232.0,3688.0,-3378.0,766.0,2,0.06972406503420077,-0.0025952226013430625,
2024-04-07 05:07:28.764000+00:00,9496.0,0.0,0.0,0.0,1.0,0.0,0.0,1.0,1232.0,3688.0,-3378.0,766.0,2,0.06972406503420077,-0.0025952226013430625,
2024-04-07 05:07:28.964000+00:00,9496.0,0.0,0.0,0.0,1.0,0.0,0.0,1.0,1232.0,3688.0,-3378.0,766.0,2,0.06972406503420077,-0.0025952226013430625,
2024-04-07 05:07:29.284000+00:00,9496.0,0.0,0.0,0.0,1.0,0.0,0.0,1.0,1232.0,3688.0,-3378.0,766.0,2,0.06972406503420077,-0.0025952226013430625,
2024-04-07 05:07:29.684000+00:00,9496.0,0.0,0.0,0.0,1.0,0.0,0.0,1.0,1232.0,3688.0,-3378.0,766.0,2,0.06972406503420077,-0.0025952226013430625,
2024-04-07 05:07:29.963000+00:00,9496.0,0.0,0.0,0.0,1.0,0.0,0.0,1.0,1232.0,3688.0,-3378.0,766.0,2,0.06972406503420077,-0.0025952226013430625,
2024-04-07 05:07:30.123000+00:00,9496.0,0.0,0.0,0.0,1.0,0.0,0.0,1.0,1232.0,3688.0,-3378.0,766.0,2,0.06972406503420077,-0.0025952226013430625,
2024-04-07 05:07:30.403000+00:00,9496.0,0.0,0.0,0.0,1.0,0.0,0.0,1.0,1232.0,3688.0,-3378.0,766.0,2,0.06972406503420077,-0.0025952226013430625,
2024-04-07 05:07:30.643000+00:00,9496.0,0.0,0.0,0.0,1.0,0.0,0.0,1.0,1232.0,3688.0,-3378.0,766.0,2,0.06972406503420077,-0.0025952226013430625,
2024-04-07 05:07:30.844000+00:00,9496.0,0.0,0.0,0.0,1.0,0.0,0.0,1.0,1232.0,3688.0,-3378.0,766.0,2,0.06972406503420077,-0.0025952226013430625,
2024-04-07 05:07:31.244000+00:00,9496.0,0.0,0.0,0.0,1.0,0.0,0.0,1.0,1232.0,3688.0,-3378.0,766.0,2,0.06972406503420077,-0.0025952226013430625,
2024-04-07 05:07:31.684000+00:00,9496.0,0.0,0.0,0.0,1.0,0.0,0.0,1.0,1232.0,3688.0,-3378.0,766.0,2,0.06972406503420077,-0.0025952226013430625,
2024-04-07 05:07:31.884000+00:00,9496.0,0.0,0.0,0.0,1.0,0.0,0.0,1.0,1232.0,3688.0,-3378.0,766.0,2,0.06972406503420077,-0.0025952226013430625,
2024-04-07 05:07:32.244000+00:00,9496.0,0.0,0.0,0.0,1.0,0.0,0.0,1.0,1232.0,3688.0,-3378.0,766.0,2,0.06972406503420077,-0.0025952226013430625,
2024-04-07 05:07:32.564000+00:00,9496.0,0.0,0.0,0.0,1.0,0.0,0.0,1.0,1232.0,3688.0,-3378.0,766.0,2,0.06972406503420077,-0.0025952226013430625,
2024-04-07 05:07:32.764000+00:00,9496.0,0.0,0.0,0.0,1.0,0.0,0.0,1.0,1232.0,3688.0,-3378.0,766.0,2,0.06972406503420077,-0.0025952226013430625,
2024-04-07 05:07:33.164000+00:00,9496.0,0.0,0.0,0.0,1.0,0.0,0.0,1.0,1232.0,3688.0,-3378.0,766.0,2,0.06972406503420077,-0.0025952226013430625,
2024-04-07 05:07:33.524000+00:00,9496.0,0.0,0.0,0.0,1.0,0.0,0.0,1.0,1232.0,3688.0,-3378.0,766.0,2,0.06972406503420077,-0.0025952226013430625,
2024-04-07 05:07:33.684000+00:00,9496.0,0.0,0.0,0.0,1.0,0.0,0.0,1.0,1232.0,3688.0,-3378.0,766.0,2,0.06972406503420077,-0.0025952226013430625,
2024-04-07 05:07:33.964000+00:00,9496.0,0.0,0.0,0.0,1.0,0.0,0.0,1.0,1232.0,3688.0,-3378.0,766.0,2,0.06972406503420077,-0.0025952226013430625,
2024-04-07 05:07:34.124000+00:00,9496.0,0.0,0.0,0.0,1.0,0.0,0.0,1.0,1232.0,3688.0,-3378.0,766.0,2,0.06972406503420077,-0.0025952226013430625,
2024-04-07 05:07:34.404000+00:00,9496.0,0.0,0.0,0.0,1.0,0.0,0.0,1.0,1232.0,3688.0,-3378.0,766.0,2,0.06972406503420077,-0.0025952226013430625,
2024-04-07 05:07:34.844000+00:00,9496.0,0.0,0.0,0.0,1.0,0.0,0.0,1.0,1232.0,3688.0,-3378.0,766.0,2,0.06972406503420077,-0.0025952226013430625,
2024-04-07 05:07:35.044000+00:00,9496.0,0.0,0.0,0.0,1.0,0.0,0.0,1.0,1232.0,3688.0,-3378.0,766.0,2,0.06972406503420077,-0.0025952226013430625,
2024-04-07 05:07:35.284000+00:00,9496.0,0.0,0.0,0.0,1.0,0.0,0.0,1.0,1232.0,3688.0,-3378.0,766.0,2,0.06972406503420077,-0.0025952226013430625,
2024-04-07 05:07:35.564000+00:00,9496.0,0.0,0.0,0.0,1.0,0.0,0.0,1.0,1232.0,3688.0,-3378.0,766.0,2,0.06972406503420077,-0.0025952226013430625,
2024-04-07 05:07:35.844000+00:00,9496.0,0.0,0.0,0.0,1.0,0.0,0.0,1.0,1232.0,3688.0,-3378.0,766.0,2,0.06972406503420077,-0.0025952226013430625,
2024-04-07 05:07:36.044000+00:00,9496.0,0.0,0.0,0.0,1.0,0.0,0.0,1.0,1232.0,3688.0,-3378.0,766.0,2,0.06972406503420077,-0.0025952226013430625,
2024-04-07 05:07:36.284000+00:00,9496.0,0.0,0.0,0.0,1.0,0.0,0.0,1.0,1232.0,3688.0,-3378.0,766.0,2,0.06972406503420077,-0.0025952226013430625,
2024-04-07 05:07:36.603000+00:00,9496.0,0.0,0.0,0.0,1.0,0.0,0.0,1.0,1232.0,3688.0,-3378.0,766.0,2,0.06972406503420077,-0.0025952226013430625,
2024-04-07 05:07:37.003000+00:00,9496.0,0.0,0.0,0.0,1.0,0.0,0.0,1.0,1232.0,3688.0,-3378.0,766.0,2,0.06972406503420077,-0.0025952226013430625,
2024-04-07 05:07:37.323000+00:00,9496.0,0.0,0.0,0.0,1.0,0.0,0.0,1.0,1232.0,3688.0,-3378.0,766.0,2,0.06972406503420077,-0.0025952226013430625,
2024-04-07 05:07:37.484000+00:00,9496.0,0.0,0.0,0.0,1.0,0.0,0.0,1.0,1232.0,3688.0,-3378.0,766.0,2,0.06972406503420077,-0.0025952226013430625,
2024-04-07 05:07:37.764000+00:00,9496.0,0.0,0.0,0.0,1.0,0.0,0.0,1.0,1232.0,3688.0,-3378.0,766.0,2,0.06972406503420077,-0.0025952226013430625,
2024-04-07 05:07:38.084000+00:00,9496.0,0.0,0.0,0.0,1.0,0.0,0.0,1.0,1232.0,3688.0,-3378.0,766.0,2,0.06972406503420077,-0.0025952226013430625,
2024-04-07 05:07:38.244000+00:00,9496.0,0.0,0.0,0.0,1.0,0.0,0.0,1.0,1232.0,3688.0,-3378.0,766.0,2,0.06972406503420077,-0.0025952226013430625,
2024-04-07 05:07:38.484000+00:00,9496.0,0.0,0.0,0.0,1.0,0.0,0.0,1.0,1232.0,3688.0,-3378.0,766.0,2,0.06972406503420077,-0.0025952226013430625,
2024-04-07 05:07:38.804000+00:00,9496.0,0.0,0.0,0.0,1.0,0.0,0.0,1.0,1232.0,3688.0,-3378.0,766.0,2,0.06972406503420077,-0.0025952226013430625,
2024-04-07 05:07:39.124000+00:00,9496.0,0.0,0.0,0.0,1.0,0.0,0.0,1.0,1232.0,3688.0,-3378.0,766.0,2,0.06972406503420077,-0.0025952226013430625,
2024-04-07 05:07:39.444000+00:00,9496.0,0.0,0.0,0.0,1.0,0.0,0.0,1.0,1232.0,3688.0,-3378.0,766.0,2,0.06972406503420077,-0.0025952226013430625,
2024-04-07 05:07:39.724000+00:00,9496.0,0.0,0.0,0.0,1.0,0.0,0.0,1.0,1232.0,3688.0,-3378.0,766.0,2,0.06972406503420077,-0.0025952226013430625,
2024-04-07 05:07:39.924000+00:00,9496.0,0.0,0.0,0.0,1.0,0.0,0.0,1.0,1232.0,3688.0,-3378.0,766.0,2,0.06972406503420077,-0.0025952226013430625,
2024-04-07 05:07:40.084000+00:00,9496.0,0.0,0.0,0.0,1.0,0.0,0.0,1.0,1232.0,3688.0,-3378.0,766.0,2,0.06972406503420077,-0.0025952226013430625,
2024-04-07 05:07:40.324000+00:00,9496.0,0.0,0.0,0.0,1.0,0.0,0.0,1.0,1232.0,3688.0,-3378.0,766.0,2,0.06972406503420077,-0.0025952226013430625,
2024-04-07 05:07:40.564000+00:00,9496.0,0.0,0.0,0.0,1.0,0.0,0.0,1.0,1232.0,3688.0,-3378.0,766.0,2,0.06972406503420077,-0.0025952226013430625,
2024-04-07 05:07:40.804000+00:00,9496.0,0.0,0.0,0.0,1.0,0.0,0.0,1.0,1232.0,3688.0,-3378.0,766.0,2,0.06972406503420077,-0.0025952226013430625,
2024-04-07 05:07:41.164000+00:00,9496.0,0.0,0.0,0.0,1.0,0.0,0.0,1.0,1232.0,3688.0,-3378.0,766.0,2,0.06972406503420077,-0.0025952226013430625,
2024-04-07 05:07:41.484000+00:00,9496.0,0.0,0.0,0.0,1.0,0.0,0.0,1.0,1232.0,3688.0,-3378.0,766.0,2,0.06972406503420077,-0.0025952226013430625,
2024-04-07 05:07:41.804000+00:00,9496.0,0.0,0.0,0.0,1.0,0.0,0.0,1.0,1232.0,3688.0,-3378.0,766.0,2,0.06972406503420077,-0.0025952226013430625,
2024-04-07 05:07:42.124000+00:00,9496.0,0.0,0.0,0.0,1.0,0.0,0.0,1.0,1232.0,3688.0,-3378.0,766.0,2,0.06972406503420077,-0.0025952226013430625,
2024-04-07 05:07:42.324000+00:00,9496.0,0.0,0.0,0.0,1.0,0.0,0.0,1.0,1232.0,3688.0,-3378.0,766.0,2,0.06972406503420077,-0.0025952226013430625,
2024-04-07 05:07:42.564000+00:00,9496.0,0.0,0.0,0.0,1.0,0.0,0.0,1.0,1232.0,3688.0,-3378.0,766.0,2,0.06972406503420077,-0.0025952226013430625,
2024-04-07 05:07:42.724000+00:00,9496.0,0.0,0.0,0.0,1.0,0.0,0.0,1.0,1232.0,3688.0,-3378.0,766.0,2,0.06972406503420077,-0.0025952226013430625,
2024-04-07 05:07:43.004000+00:00,9496.0,0.0,0.0,0.0,1.0,0.0,0.0,1.0,1232.0,3688.0,-3378.0,766.0,2,0.06972406503420077,-0.0025952226013430625,
2024-04-07 05:07:43.204000+00:00,9496.0,0.0,0.0,0.0,1.0,0.0,0.0,1.0,1232.0,3688.0,-3378.0,766.0,2,0.06972406503420077,-0.0025952226013430625,
2024-04-07 05:07:43.443000+00:00,9496.0,0.0,0.0,0.0,1.0,0.0,0.0,1.0,1232.0,3688.0,-3378.0,766.0,2,0.06972406503420077,-0.0025952226013430625,
2024-04-07 05:07:43.723000+00:00,9496.0,0.0,0.0,0.0,1.0,0.0,0.0,1.0,1232.0,3688.0,-3378.0,766.0,2,0.06972406503420077,-0.0025952226013430625,
2024-04-07 05:07:43.964000+00:00,9496.0,0.0,0.0,0.0,1.0,0.0,0.0,1.0,1232.0,3688.0,-3378.0,766.0,2,0.06972406503420077,-0.0025952226013430625,
2024-04-07 05:07:44.124000+00:00,9496.0,0.0,0.0,0.0,1.0,0.0,0.0,1.0,1232.0,3688.0,-3378.0,766.0,2,0.06972406503420077,-0.0025952226013430625,
2024-04-07 05:07:44.324000+00:00,9496.0,0.0,0.0,0.0,1.0,0.0,0.0,1.0,1232.0,3688.0,-3378.0,766.0,2,0.06972406503420077,-0.0025952226013430625,
2024-04-07 05:07:44.564000+00:00,9496.0,0.0,0.0,0.0,1.0,0.0,0.0,1.0,1232.0,3688.0,-3378.0,766.0,2,0.06972406503420077,-0.0025952226013430625,
2024-04-07 05:07:44.804000+00:00,9496.0,0.0,0.0,0.0,1.0,0.0,0.0,1.0,1232.0,3688.0,-3378.0,766.0,2,0.06972406503420077,-0.0025952226013430625,
2024-04-07 05:07:45.004000+00:00,9496.0,0.0,0.0,0.0,1.0,0.0,0.0,1.0,1232.0,3688.0,-3378.0,766.0,2,0.06972406503420077,-0.0025952226013430625,
2024-04-07 05:07:45.284000+00:00,9496.0,0.0,0.0,0.0,1.0,0.0,0.0,1.0,1232.0,3688.0,-3378.0,766.0,2,0.06972406503420077,-0.0025952226013430625,
2024-04-07 05:07:45.484000+00:00,9496.0,0.0,0.0,0.0,1.0,0.0,0.0,1.0,1232.0,3688.0,-3378.0,766.0,2,0.06972406503420077,-0.0025952226013430625,
2024-04-07 05:07:45.644000+00:00,9496.0,0.0,0.0,0.0,1.0,0.0,0.0,1.0,1232.0,3688.0,-3378.0,766.0,2,0.06972406503420077,-0.0025952226013430625,
2024-04-07 05:07:46.124000+00:00,9496.0,0.0,0.0,0.0,1.0,0.0,0.0,1.0,1232.0,3688.0,-3378.0,766.0,2,0.06972406503420077,-0.0025952226013430625,
2024-04-07 05:07:46.364000+00:00,9496.0,0.0,0.0,0.0,1.0,0.0,0.0,1.0,1232.0,3688.0,-3378.0,766.0,2,0.06972406503420077,-0.0025952226013430625,
2024-04-07 05:07:46.684000+00:00,9496.0,0.0,0.0,0.0,1.0,0.0,0.0,1.0,1232.0,3688.0,-3378.0,766.0,2,0.06972406503420077,-0.0025952226013430625,
2024-04-07 05:07:47.084000+00:00,9496.0,0.0,0.0,0.0,1.0,0.0,0.0,1.0,1232.0,3688.0,-3378.0,766.0,2,0.06972406503420077,-0.0025952226013430625,
2024-04-07 05:07:47.364000+00:00,9496.0,0.0,0.0,0.0,1.0,0.0,0.0,1.0,1232.0,3688.0,-3378.0,766.0,2,0.06972406503420077,-0.0025952226013430625,
2024-04-07 05:07:47.724000+00:00,9496.0,0.0,0.0,0.0,1.0,0.0,0.0,1.0,1232.0,3688.0,-3378.0,766.0,2,0.06972406503420077,-0.0025952226013430625,
2024-04-07 05:07:48.164000+00:00,9496.0,0.0,0.0,0.0,1.0,0.0,0.0,1.0,1232.0,3688.0,-3378.0,766.0,2,0.06972406503420077,-0.0025952226013430625,
2024-04-07 05:07:48.324000+00:00,9496.0,0.0,0.0,0.0,1.0,0.0,0.0,1.0,1232.0,3688.0,-3378.0,766.0,2,0.06972406503420077,-0.0025952226013430625,
2024-04-07 05:07:48.524000+00:00,9496.0,0.0,0.0,0.0,1.0,0.0,0.0,1.0,1232.0,3688.0,-3378.0,766.0,2,0.06972406503420077,-0.0025952226013430625,
2024-04-07 05:07:48.844000+00:00,9496.0,0.0,0.0,0.0,1.0,0.0,0.0,1.0,1232.0,3688.0,-3378.0,766.0,2,0.06972406503420077,-0.0025952226013430625,
2024-04-07 05:07:49.164000+00:00,9496.0,0.0,0.0,0.0,1.0,0.0,0.0,1.0,1232.0,3688.0,-3378.0,766.0,2,0.06972406503420077,-0.0025952226013430625,
2024-04-07 05:07:49.404000+00:00,9496.0,0.0,0.0,0.0,1.0,0.0,0.0,1.0,1232.0,3688.0,-3378.0,766.0,2,0.06972406503420077,-0.0025952226013430625,
2024-04-07 05:07:49.564000+00:00,9496.0,0.0,0.0,0.0,1.0,0.0,0.0,1.0,1232.0,3688.0,-3378.0,766.0,2,0.06972406503420077,-0.0025952226013430625,
2024-04-07 05:07:49.924000+00:00,9496.0,0.0,0.0,0.0,1.0,0.0,0.0,1.0,1232.0,3688.0,-3378.0,766.0,2,0.06972406503420077,-0.0025952226013430625,
2024-04-07 05:07:50.243000+00:00,9496.0,0.0,0.0,0.0,1.0,0.0,0.0,1.0,1232.0,3688.0,-3378.0,766.0,2,0.06972406503420077,-0.0025952226013430625,
2024-04-07 05:07:50.403000+00:00,9496.0,0.0,0.0,0.0,1.0,0.0,0.0,1.0,1232.0,3688.0,-3378.0,766.0,2,0.06972406503420077,-0.0025952226013430625,
2024-04-07 05:07:50.604000+00:00,9496.0,0.0,0.0,0.0,1.0,0.0,0.0,1.0,1232.0,3688.0,-3378.0,766.0,2,0.06972406503420077,-0.0025952226013430625,
2024-04-07 05:07:50.804000+00:00,9496.0,0.0,0.0,0.0,1.0,0.0,0.0,1.0,1232.0,3688.0,-3378.0,766.0,2,0.06972406503420077,-0.0025952226013430625,
2024-04-07 05:07:51.044000+00:00,9496.0,0.0,0.0,0.0,1.0,0.0,0.0,1.0,1232.0,3688.0,-3378.0,766.0,2,0.06972406503420077,-0.0025952226013430625,
2024-04-07 05:07:51.284000+00:00,9496.0,0.0,0.0,0.0,1.0,0.0,0.0,1.0,1232.0,3688.0,-3378.0,766.0,2,0.06972406503420077,-0.0025952226013430625,
2024-04-07 05:07:51.484000+00:00,9496.0,0.0,0.0,0.0,1.0,0.0,0.0,1.0,1232.0,3688.0,-3378.0,766.0,2,0.06972406503420077,-0.0025952226013430625,
2024-04-07 05:07:51.684000+00:00,9496.0,0.0,0.0,0.0,1.0,0.0,0.0,1.0,1232.0,3688.0,-3378.0,766.0,2,0.06972406503420077,-0.0025952226013430625,
2024-04-07 05:07:51.884000+00:00,9496.0,0.0,0.0,0.0,1.0,0.0,0.0,1.0,1232.0,3688.0,-3378.0,766.0,2,0.06972406503420077,-0.0025952226013430625,
2024-04-07 05:07:52.084000+00:00,9496.0,0.0,0.0,0.0,1.0,0.0,0.0,1.0,1232.0,3688.0,-3378.0,766.0,2,0.06972406503420077,-0.0025952226013430625,
2024-04-07 05:07:52.364000+00:00,9496.0,0.0,0.0,0.0,1.0,0.0,0.0,1.0,1232.0,3688.0,-3378.0,766.0,2,0.06972406503420077,-0.0025952226013430625,
2024-04-07 05:07:52.604000+00:00,9496.0,0.0,0.0,0.0,1.0,0.0,0.0,1.0,1232.0,3688.0,-3378.0,766.0,2,0.06972406503420077,-0.0025952226013430625,
2024-04-07 05:07:52.844000+00:00,9496.0,0.0,0.0,0.0,1.0,0.0,0.0,1.0,1232.0,3688.0,-3378.0,766.0,2,0.06972406503420077,-0.0025952226013430625,
2024-04-07 05:07:53.004000+00:00,9496.0,0.0,0.0,0.0,1.0,0.0,0.0,1.0,1232.0,3688.0,-3378.0,766.0,2,0.06972406503420077,-0.0025952226013430625,
2024-04-07 05:07:53.244000+00:00,9496.0,0.0,0.0,0.0,1.0,0.0,0.0,1.0,1232.0,3688.0,-3378.0,766.0,2,0.06972406503420077,-0.0025952226013430625,
2024-04-07 05:07:53.604000+00:00,9496.0,0.0,0.0,0.0,1.0,0.0,0.0,1.0,1232.0,3688.0,-3378.0,766.0,2,0.06972406503420077,-0.0025952226013430625,
2024-04-07 05:07:53.964000+00:00,9496.0,0.0,0.0,0.0,1.0,0.0,0.0,1.0,1232.0,3688.0,-3378.0,766.0,2,0.06972406503420077,-0.0025952226013430625,
2024-04-07 05:07:54.204000+00:00,9496.0,0.0,0.0,0.0,1.0,0.0,0.0,1.0,1232.0,3688.0,-3378.0,766.0,2,0.06972406503420077,-0.0025952226013430625,
2024-04-07 05:07:54.364000+00:00,9496.0,0.0,0.0,0.0,1.0,0.0,0.0,1.0,1232.0,3688.0,-3378.0,766.0,2,0.06972406503420077,-0.0025952226013430625,
2024-04-07 05:07:54.844000+00:00,9496.0,0.0,0.0,0.0,1.0,0.0,0.0,1.0,1232.0,3688.0,-3378.0,766.0,2,0.06972406503420077,-0.0025952226013430625,
2024-04-07 05:07:55.004000+00:00,9496.0,0.0,0.0,0.0,1.0,0.0,0.0,1.0,1232.0,3688.0,-3378.0,766.0,2,0.06972406503420077,-0.0025952226013430625,
2024-04-07 05:07:55.204000+00:00,9496.0,0.0,0.0,0.0,1.0,0.0,0.0,1.0,1232.0,3688.0,-3378.0,766.0,2,0.06972406503420077,-0.0025952226013430625,
2024-04-07 05:07:55.404000+00:00,9496.0,0.0,0.0,0.0,1.0,0.0,0.0,1.0,1232.0,3688.0,-3378.0,766.0,2,0.06972406503420077,-0.0025952226013430625,
2024-04-07 05:07:55.804000+00:00,9496.0,0.0,0.0,0.0,1.0,0.0,0.0,1.0,1232.0,3688.0,-3378.0,766.0,2,0.06972406503420077,-0.0025952226013430625,
2024-04-07 05:07:56.164000+00:00,9496.0,0.0,0.0,0.0,1.0,0.0,0.0,1.0,1232.0,3688.0,-3378.0,766.0,2,0.06972406503420077,-0.0025952226013430625,
2024-04-07 05:07:56.444000+00:00,9496.0,0.0,0.0,0.0,1.0,0.0,0.0,1.0,1232.0,3688.0,-3378.0,766.0,2,0.06972406503420077,-0.0025952226013430625,
2024-04-07 05:07:56.684000+00:00,9496.0,0.0,0.0,0.0,1.0,0.0,0.0,1.0,1232.0,3688.0,-3378.0,766.0,2,0.06972406503420077,-0.0025952226013430625,
2024-04-07 05:07:57.083000+00:00,9496.0,0.0,0.0,0.0,1.0,0.0,0.0,1.0,1232.0,3688.0,-3378.0,766.0,2,0.06972406503420077,-0.0025952226013430625,
2024-04-07 05:07:57.244000+00:00,9496.0,0.0,0.0,0.0,1.0,0.0,0.0,1.0,1232.0,3688.0,-3378.0,766.0,2,0.06972406503420077,-0.0025952226013430625,
2024-04-07 05:07:57.564000+00:00,9496.0,0.0,0.0,0.0,1.0,0.0,0.0,1.0,1232.0,3688.0,-3378.0,766.0,2,0.06972406503420077,-0.0025952226013430625,
2024-04-07 05:07:57.844000+00:00,9496.0,0.0,0.0,0.0,1.0,0.0,0.0,1.0,1232.0,3688.0,-3378.0,766.0,2,0.06972406503420077,-0.0025952226013430625,
2024-04-07 05:07:58.124000+00:00,9496.0,0.0,0.0,0.0,1.0,0.0,0.0,1.0,1232.0,3688.0,-3378.0,766.0,2,0.06972406503420077,-0.0025952226013430625,
2024-04-07 05:07:58.444000+00:00,9496.0,0.0,0.0,0.0,1.0,0.0,0.0,1.0,1232.0,3688.0,-3378.0,766.0,2,0.06972406503420077,-0.0025952226013430625,
2024-04-07 05:07:58.724000+00:00,9496.0,0.0,0.0,0.0,1.0,0.0,0.0,1.0,1232.0,3688.0,-3378.0,766.0,2,0.06972406503420077,-0.0025952226013430625,
2024-04-07 05:07:58.924000+00:00,9496.0,0.0,0.0,0.0,1.0,0.0,0.0,1.0,1232.0,3688.0,-3378.0,766.0,2,0.06972406503420077,-0.0025952226013430625,
2024-04-07 05:07:59.284000+00:00,9496.0,0.0,0.0,0.0,1.0,0.0,0.0,1.0,1232.0,3688.0,-3378.0,766.0,2,0.06972406503420077,-0.0025952226013430625,
2024-04-07 05:07:59.564000+00:00,9496.0,0.0,0.0,0.0,1.0,0.0,0.0,1.0,1232.0,3688.0,-3378.0,766.0,2,0.06972406503420077,-0.0025952226013430625,
2024-04-07 05:07:59.764000+00:00,9496.0,0.0,0.0,0.0,1.0,0.0,0.0,1.0,1232.0,3688.0,-3378.0,766.0,2,0.06972406503420077,-0.0025952226013430625,
2024-04-07 05:07:59.924000+00:00,9496.0,0.0,0.0,0.0,1.0,0.0,0.0,1.0,1232.0,3688.0,-3378.0,766.0,2,0.06972406503420077,-0.0025952226013430625,
2024-04-07 05:08:00.124000+00:00,9496.0,0.0,0.0,0.0,1.0,0.0,0.0,1.0,1232.0,3688.0,-3378.0,766.0,2,0.06972406503420077,-0.0025952226013430625,
2024-04-07 05:08:00.324000+00:00,9496.0,0.0,0.0,0.0,1.0,0.0,0.0,1.0,1232.0,3688.0,-3378.0,766.0,2,0.06972406503420077,-0.0025952226013430625,
2024-04-07 05:08:00.484000+00:00,9496.0,0.0,0.0,0.0,1.0,0.0,0.0,1.0,1232.0,3688.0,-3378.0,766.0,2,0.06972406503420077,-0.0025952226013430625,
2024-04-07 05:08:00.724000+00:00,9496.0,0.0,0.0,0.0,1.0,0.0,0.0,1.0,1232.0,3688.0,-3378.0,766.0,2,0.06972406503420077,-0.0025952226013430625,
2024-04-07 05:08:01.004000+00:00,9496.0,0.0,0.0,0.0,1.0,0.0,0.0,1.0,1232.0,3688.0,-3378.0,766.0,2,0.06972406503420077,-0.0025952226013430625,
2024-04-07 05:08:01.324000+00:00,9496.0,0.0,0.0,0.0,1.0,0.0,0.0,1.0,1232.0,3688.0,-3378.0,766.0,2,0.06972406503420077,-0.0025952226013430625,
2024-04-07 05:08:01.484000+00:00,9496.0,0.0,0.0,0.0,1.0,0.0,0.0,1.0,1232.0,3688.0,-3378.0,766.0,2,0.06972406503420077,-0.0025952226013430625,
2024-04-07 05:08:01.724000+00:00,9496.0,0.0,0.0,0.0,1.0,0.0,0.0,1.0,1232.0,3688.0,-3378.0,766.0,2,0.06972406503420077,-0.0025952226013430625,
2024-04-07 05:08:02.004000+00:00,9496.0,0.0,0.0,0.0,1.0,0.0,0.0,1.0,1232.0,3688.0,-3378.0,766.0,2,0.06972406503420077,-0.0025952226013430625,
2024-04-07 05:08:02.204000+00:00,9496.0,0.0,0.0,0.0,1.0,0.0,0.0,1.0,1232.0,3688.0,-3378.0,766.0,2,0.06972406503420077,-0.0025952226013430625,
2024-04-07 05:08:02.364000+00:00,9496.0,0.0,0.0,0.0,1.0,0.0,0.0,1.0,1232.0,3688.0,-3378.0,766.0,2,0.06972406503420077,-0.0025952226013430625,
2024-04-07 05:08:02.524000+00:00,9496.0,0.0,0.0,0.0,1.0,0.0,0.0,1.0,1232.0,3688.0,-3378.0,766.0,2,0.06972406503420077,-0.0025952226013430625,
2024-04-07 05:08:02.764000+00:00,9496.0,0.0,0.0,0.0,1.0,0.0,0.0,1.0,1232.0,3688.0,-3378.0,766.0,2,0.06972406503420077,-0.0025952226013430625,
2024-04-07 05:08:02.924000+00:00,9496.0,0.0,0.0,0.0,1.0,0.0,0.0,1.0,1232.0,3688.0,-3378.0,766.0,2,0.06972406503420077,-0.0025952226013430625,
2024-04-07 05:08:03.244000+00:00,9496.0,0.0,0.0,0.0,1.0,0.0,0.0,1.0,1232.0,3688.0,-3378.0,766.0,2,0.06972406503420077,-0.0025952226013430625,
2024-04-07 05:08:03.443000+00:00,9496.0,0.0,0.0,0.0,1.0,0.0,0.0,1.0,1232.0,3688.0,-3378.0,766.0,2,0.06972406503420077,-0.0025952226013430625,
2024-04-07 05:08:03.643000+00:00,9496.0,0.0,0.0,0.0,1.0,0.0,0.0,1.0,1232.0,3688.0,-3378.0,766.0,2,0.06972406503420077,-0.0025952226013430625,
2024-04-07 05:08:03.924000+00:00,9496.0,0.0,0.0,0.0,1.0,0.0,0.0,1.0,1232.0,3688.0,-3378.0,766.0,2,0.06972406503420077,-0.0025952226013430625,
2024-04-07 05:08:04.204000+00:00,9496.0,0.0,0.0,0.0,1.0,0.0,0.0,1.0,1232.0,3688.0,-3378.0,766.0,2,0.06972406503420077,-0.0025952226013430625,
2024-04-07 05:08:04.364000+00:00,9496.0,0.0,0.0,0.0,1.0,0.0,0.0,1.0,1232.0,3688.0,-3378.0,766.0,2,0.06972406503420077,-0.0025952226013430625,
2024-04-07 05:08:04.764000+00:00,9496.0,0.0,0.0,0.0,1.0,0.0,0.0,1.0,1232.0,3688.0,-3378.0,766.0,2,0.06972406503420077,-0.0025952226013430625,
2024-04-07 05:08:05.124000+00:00,9496.0,0.0,0.0,0.0,1.0,0.0,0.0,1.0,1232.0,3688.0,-3378.0,766.0,2,0.06972406503420077,-0.0025952226013430625,
2024-04-07 05:08:05.284000+00:00,9496.0,0.0,0.0,0.0,1.0,0.0,0.0,1.0,1232.0,3688.0,-3378.0,766.0,2,0.06972406503420077,-0.0025952226013430625,
2024-04-07 05:08:05.484000+00:00,9496.0,0.0,0.0,0.0,1.0,0.0,0.0,1.0,1232.0,3688.0,-3378.0,766.0,2,0.06972406503420077,-0.0025952226013430625,
2024-04-07 05:08:05.764000+00:00,9496.0,0.0,0.0,0.0,1.0,0.0,0.0,1.0,1232.0,3688.0,-3378.0,766.0,2,0.06972406503420077,-0.0025952226013430625,
2024-04-07 05:08:06.004000+00:00,9496.0,0.0,0.0,0.0,1.0,0.0,0.0,1.0,1232.0,3688.0,-3378.0,766.0,2,0.06972406503420077,-0.0025952226013430625,
2024-04-07 05:08:06.364000+00:00,9496.0,0.0,0.0,0.0,1.0,0.0,0.0,1.0,1232.0,3688.0,-3378.0,766.0,2,0.06972406503420077,-0.0025952226013430625,
2024-04-07 05:08:06.684000+00:00,9496.0,0.0,0.0,0.0,1.0,0.0,0.0,1.0,1232.0,3688.0,-3378.0,766.0,2,0.06972406503420077,-0.0025952226013430625,
2024-04-07 05:08:06.924000+00:00,9496.0,0.0,0.0,0.0,1.0,0.0,0.0,1.0,1232.0,3688.0,-3378.0,766.0,2,0.06972406503420077,-0.0025952226013430625,
2024-04-07 05:08:07.404000+00:00,9496.0,0.0,0.0,0.0,1.0,0.0,0.0,1.0,1232.0,3688.0,-3378.0,766.0,2,0.06972406503420077,-0.0025952226013430625,
2024-04-07 05:08:07.684000+00:00,9496.0,0.0,0.0,0.0,1.0,0.0,0.0,1.0,1232.0,3688.0,-3378.0,766.0,2,0.06972406503420077,-0.0025952226013430625,
2024-04-07 05:08:07.924000+00:00,9496.0,0.0,0.0,0.0,1.0,0.0,0.0,1.0,1232.0,3688.0,-3378.0,766.0,2,0.06972406503420077,-0.0025952226013430625,
2024-04-07 05:08:08.204000+00:00,9496.0,0.0,0.0,0.0,1.0,0.0,0.0,1.0,1232.0,3688.0,-3378.0,766.0,2,0.06972406503420077,-0.0025952226013430625,
2024-04-07 05:08:08.484000+00:00,9496.0,0.0,0.0,0.0,1.0,0.0,0.0,1.0,1232.0,3688.0,-3378.0,766.0,2,0.06972406503420077,-0.0025952226013430625,
2024-04-07 05:08:08.844000+00:00,9496.0,0.0,0.0,0.0,1.0,0.0,0.0,1.0,1232.0,3688.0,-3378.0,766.0,2,0.06972406503420077,-0.0025952226013430625,
2024-04-07 05:08:09.244000+00:00,9496.0,0.0,0.0,0.0,1.0,0.0,0.0,1.0,1232.0,3688.0,-3378.0,766.0,2,0.06972406503420077,-0.0025952226013430625,
2024-04-07 05:08:09.404000+00:00,9496.0,0.0,0.0,0.0,1.0,0.0,0.0,1.0,1232.0,3688.0,-3378.0,766.0,2,0.06972406503420077,-0.0025952226013430625,
2024-04-07 05:08:09.764000+00:00,9496.0,0.0,0.0,0.0,1.0,0.0,0.0,1.0,1232.0,3688.0,-3378.0,766.0,2,0.06972406503420077,-0.0025952226013430625,
2024-04-07 05:08:10.203000+00:00,9496.0,0.0,0.0,0.0,1.0,0.0,0.0,1.0,1232.0,3688.0,-3378.0,766.0,2,0.06972406503420077,-0.0025952226013430625,
2024-04-07 05:08:10.364000+00:00,9496.0,0.0,0.0,0.0,1.0,0.0,0.0,1.0,1232.0,3688.0,-3378.0,766.0,2,0.06972406503420077,-0.0025952226013430625,
2024-04-07 05:08:10.644000+00:00,9496.0,0.0,0.0,0.0,1.0,0.0,0.0,1.0,1232.0,3688.0,-3378.0,766.0,2,0.06972406503420077,-0.0025952226013430625,
2024-04-07 05:08:10.844000+00:00,9496.0,0.0,0.0,0.0,1.0,0.0,0.0,1.0,1232.0,3688.0,-3378.0,766.0,2,0.06972406503420077,-0.0025952226013430625,
2024-04-07 05:08:11.204000+00:00,9496.0,0.0,0.0,0.0,1.0,0.0,0.0,1.0,1232.0,3688.0,-3378.0,766.0,2,0.06972406503420077,-0.0025952226013430625,
2024-04-07 05:08:11.444000+00:00,9496.0,0.0,0.0,0.0,1.0,0.0,0.0,1.0,1232.0,3688.0,-3378.0,766.0,2,0.06972406503420077,-0.0025952226013430625,
2024-04-07 05:08:11.644000+00:00,9496.0,0.0,0.0,0.0,1.0,0.0,0.0,1.0,1232.0,3688.0,-3378.0,766.0,2,0.06972406503420077,-0.0025952226013430625,
2024-04-07 05:08:11.884000+00:00,9496.0,0.0,0.0,0.0,1.0,0.0,0.0,1.0,1232.0,3688.0,-3378.0,766.0,2,0.06972406503420077,-0.0025952226013430625,
2024-04-07 05:08:12.084000+00:00,9496.0,0.0,0.0,0.0,1.0,0.0,0.0,1.0,1232.0,3688.0,-3378.0,766.0,2,0.06972406503420077,-0.0025952226013430625,
2024-04-07 05:08:12.284000+00:00,9496.0,0.0,0.0,0.0,1.0,0.0,0.0,1.0,1232.0,3688.0,-3378.0,766.0,2,0.06972406503420077,-0.0025952226013430625,
2024-04-07 05:08:12.644000+00:00,9496.0,0.0,0.0,0.0,1.0,0.0,0.0,1.0,1232.0,3688.0,-3378.0,766.0,2,0.06972406503420077,-0.0025952226013430625,
2024-04-07 05:08:12.884000+00:00,9496.0,0.0,0.0,0.0,1.0,0.0,0.0,1.0,1232.0,3688.0,-3378.0,766.0,2,0.06972406503420077,-0.0025952226013430625,
2024-04-07 05:08:13.044000+00:00,9496.0,0.0,0.0,0.0,1.0,0.0,0.0,1.0,1232.0,3688.0,-3378.0,766.0,2,0.06972406503420077,-0.0025952226013430625,
2024-04-07 05:08:13.244000+00:00,9496.0,0.0,0.0,0.0,1.0,0.0,0.0,1.0,1232.0,3688.0,-3378.0,766.0,2,0.06972406503420077,-0.0025952226013430625,
2024-04-07 05:08:13.484000+00:00,9496.0,0.0,0.0,0.0,1.0,0.0,0.0,1.0,1232.0,3688.0,-3378.0,766.0,2,0.06972406503420077,-0.0025952226013430625,
2024-04-07 05:08:13.764000+00:00,9496.0,0.0,0.0,0.0,1.0,0.0,0.0,1.0,1232.0,3688.0,-3378.0,766.0,2,0.06972406503420077,-0.0025952226013430625,
2024-04-07 05:08:13.924000+00:00,9496.0,0.0,0.0,0.0,1.0,0.0,0.0,1.0,1232.0,3688.0,-3378.0,766.0,2,0.06972406503420077,-0.0025952226013430625,
2024-04-07 05:08:14.124000+00:00,9496.0,0.0,0.0,0.0,1.0,0.0,0.0,1.0,1232.0,3688.0,-3378.0,766.0,2,0.06972406503420077,-0.0025952226013430625,
2024-04-07 05:08:14.404000+00:00,9496.0,0.0,0.0,0.0,1.0,0.0,0.0,1.0,1232.0,3688.0,-3378.0,766.0,2,0.06972406503420077,-0.0025952226013430625,
2024-04-07 05:08:14.804000+00:00,9496.0,0.0,0.0,0.0,1.0,0.0,0.0,1.0,1232.0,3688.0,-3378.0,766.0,2,0.06972406503420077,-0.0025952226013430625,
2024-04-07 05:08:15.004000+00:00,9496.0,0.0,0.0,0.0,1.0,0.0,0.0,1.0,1232.0,3688.0,-3378.0,766.0,2,0.06972406503420077,-0.0025952226013430625,
2024-04-07 05:08:15.164000+00:00,9496.0,0.0,0.0,0.0,1.0,0.0,0.0,1.0,1232.0,3688.0,-3378.0,766.0,2,0.06972406503420077,-0.0025952226013430625,
2024-04-07 05:08:15.324000+00:00,9496.0,0.0,0.0,0.0,1.0,0.0,0.0,1.0,1232.0,3688.0,-3378.0,766.0,2,0.06972406503420077,-0.0025952226013430625,
2024-04-07 05:08:15.684000+00:00,9496.0,0.0,0.0,0.0,1.0,0.0,0.0,1.0,1232.0,3688.0,-3378.0,766.0,2,0.06972406503420077,-0.0025952226013430625,
2024-04-07 05:08:15.884000+00:00,9496.0,0.0,0.0,0.0,1.0,0.0,0.0,1.0,1232.0,3688.0,-3378.0,766.0,2,0.06972406503420077,-0.0025952226013430625,
2024-04-07 05:08:16.284000+00:00,9496.0,0.0,0.0,0.0,1.0,0.0,0.0,1.0,1232.0,3688.0,-3378.0,766.0,2,0.06972406503420077,-0.0025952226013430625,
2024-04-07 05:08:16.444000+00:00,9496.0,0.0,0.0,0.0,1.0,0.0,0.0,1.0,1232.0,3688.0,-3378.0,766.0,2,0.06972406503420077,-0.0025952226013430625,
2024-04-07 05:08:16.684000+00:00,9496.0,0.0,0.0,0.0,1.0,0.0,0.0,1.0,1232.0,3688.0,-3378.0,766.0,2,0.06972406503420077,-0.0025952226013430625,
2024-04-07 05:08:17.084000+00:00,9496.0,0.0,0.0,0.0,1.0,0.0,0.0,1.0,1232.0,3688.0,-3378.0,766.0,2,0.06972406503420077,-0.0025952226013430625,
2024-04-07 05:08:17.324000+00:00,9496.0,0.0,0.0,0.0,1.0,0.0,0.0,1.0,1232.0,3688.0,-3378.0,766.0,2,0.06972406503420077,-0.0025952226013430625,
2024-04-07 05:08:17.564000+00:00,9496.0,0.0,0.0,0.0,1.0,0.0,0.0,1.0,1232.0,3688.0,-3378.0,766.0,2,0.06972406503420077,-0.0025952226013430625,
2024-04-07 05:08:17.924000+00:00,9496.0,0.0,0.0,0.0,1.0,0.0,0.0,1.0,1232.0,3688.0,-3378.0,766.0,2,0.06972406503420077,-0.0025952226013430625,
2024-04-07 05:08:18.084000+00:00,9496.0,0.0,0.0,0.0,1.0,0.0,0.0,1.0,1232.0,3688.0,-3378.0,766.0,2,0.06972406503420077,-0.0025952226013430625,
2024-04-07 05:08:18.364000+00:00,9496.0,0.0,0.0,0.0,1.0,0.0,0.0,1.0,1232.0,3688.0,-3378.0,766.0,2,0.06972406503420077,-0.0025952226013430625,
2024-04-07 05:08:18.724000+00:00,9496.0,0.0,0.0,0.0,1.0,0.0,0.0,1.0,1232.0,3688.0,-3378.0,766.0,2,0.06972406503420077,-0.0025952226013430625,
2024-04-07 05:08:19.084000+00:00,9496.0,0.0,0.0,0.0,1.0,0.0,0.0,1.0,1232.0,3688.0,-3378.0,766.0,2,0.06972406503420077,-0.0025952226013430625,
2024-04-07 05:08:19.404000+00:00,9496.0,0.0,0.0,0.0,1.0,0.0,0.0,1.0,1232.0,3688.0,-3378.0,766.0,2,0.06972406503420077,-0.0025952226013430625,
2024-04-07 05:08:19.564000+00:00,9496.0,0.0,0.0,0.0,1.0,0.0,0.0,1.0,1232.0,3688.0,-3378.0,766.0,2,0.06972406503420077,-0.0025952226013430625,
2024-04-07 05:08:19.844000+00:00,9496.0,0.0,0.0,0.0,1.0,0.0,0.0,1.0,1232.0,3688.0,-3378.0,766.0,2,0.06972406503420077,-0.0025952226013430625,
2024-04-07 05:08:20.084000+00:00,9496.0,0.0,0.0,0.0,1.0,0.0,0.0,1.0,1232.0,3688.0,-3378.0,766.0,2,0.06972406503420077,-0.0025952226013430625,
2024-04-07 05:08:20.404000+00:00,9496.0,0.0,0.0,0.0,1.0,0.0,0.0,1.0,1232.0,3688.0,-3378.0,766.0,2,0.06972406503420077,-0.0025952226013430625,
2024-04-07 05:08:20.684000+00:00,9496.0,0.0,0.0,0.0,1.0,0.0,0.0,1.0,1232.0,3688.0,-3378.0,766.0,2,0.06972406503420077,-0.0025952226013430625,
2024-04-07 05:08:21.004000+00:00,9496.0,0.0,0.0,0.0,1.0,0.0,0.0,1.0,1232.0,3688.0,-3378.0,766.0,2,0.06972406503420077,-0.0025952226013430625,
2024-04-07 05:08:21.164000+00:00,9496.0,0.0,0.0,0.0,1.0,0.0,0.0,1.0,1232.0,3688.0,-3378.0,766.0,2,0.06972406503420077,-0.0025952226013430625,
2024-04-07 05:08:21.524000+00:00,9496.0,0.0,0.0,0.0,1.0,0.0,0.0,1.0,1232.0,3688.0,-3378.0,766.0,2,0.06972406503420077,-0.0025952226013430625,
2024-04-07 05:08:21.684000+00:00,9496.0,0.0,0.0,0.0,1.0,0.0,0.0,1.0,1232.0,3688.0,-3378.0,766.0,2,0.06972406503420077,-0.0025952226013430625,
2024-04-07 05:08:21.884000+00:00,9496.0,0.0,0.0,0.0,1.0,0.0,0.0,1.0,1232.0,3688.0,-3378.0,766.0,2,0.06972406503420077,-0.0025952226013430625,
2024-04-07 05:08:22.644000+00:00,9496.0,0.0,0.0,0.0,1.0,0.0,0.0,1.0,1232.0,3688.0,-3378.0,766.0,2,0.06972406503420077,-0.0025952226013430625,
2024-04-07 05:08:22.964000+00:00,9496.0,0.0,0.0,0.0,1.0,0.0,0.0,1.0,1232.0,3688.0,-3378.0,766.0,2,0.06972406503420077,-0.0025952226013430625,
2024-04-07 05:08:23.124000+00:00,9496.0,0.0,0.0,0.0,1.0,0.0,0.0,1.0,1232.0,3688.0,-3378.0,766.0,2,0.06972406503420077,-0.0025952226013430625,
2024-04-07 05:08:23.404000+00:00,9496.0,0.0,0.0,0.0,1.0,0.0,0.0,1.0,1232.0,3688.0,-3378.0,766.0,2,0.06972406503420077,-0.0025952226013430625,
2024-04-07 05:08:23.764000+00:00,9496.0,0.0,0.0,0.0,1.0,0.0,0.0,1.0,1232.0,3688.0,-3378.0,766.0,2,0.06972406503420077,-0.0025952226013430625,
2024-04-07 05:08:23.924000+00:00,9496.0,0.0,0.0,0.0,1.0,0.0,0.0,1.0,1232.0,3688.0,-3378.0,766.0,2,0.06972406503420077,-0.0025952226013430625,
2024-04-07 05:08:24.124000+00:00,9496.0,0.0,0.0,0.0,1.0,0.0,0.0,1.0,1232.0,3688.0,-3378.0,766.0,2,0.06972406503420077,-0.0025952226013430625,
2024-04-07 05:08:24.364000+00:00,9496.0,0.0,0.0,0.0,1.0,0.0,0.0,1.0,1232.0,3688.0,-3378.0,766.0,2,0.06972406503420077,-0.0025952226013430625,
2024-04-07 05:08:24.964000+00:00,9496.0,0.0,0.0,0.0,1.0,0.0,0.0,1.0,1232.0,3688.0,-3378.0,766.0,2,0.06972406503420077,-0.0025952226013430625,
2024-04-07 05:08:25.124000+00:00,9496.0,0.0,0.0,0.0,1.0,0.0,0.0,1.0,1232.0,3688.0,-3378.0,766.0,2,0.06972406503420077,-0.0025952226013430625,
2024-04-07 05:08:25.364000+00:00,9496.0,0.0,0.0,0.0,1.0,0.0,0.0,1.0,1232.0,3688.0,-3378.0,766.0,2,0.06972406503420077,-0.0025952226013430625,
2024-04-07 05:08:25.524000+00:00,9496.0,0.0,0.0,0.0,1.0,0.0,0.0,1.0,1232.0,3688.0,-3378.0,766.0,2,0.06972406503420077,-0.0025952226013430625,
2024-04-07 05:08:25.884000+00:00,9496.0,0.0,0.0,0.0,1.0,0.0,0.0,1.0,1232.0,3688.0,-3378.0,766.0,2,0.06972406503420077,-0.0025952226013430625,
2024-04-07 05:08:26.284000+00:00,9496.0,0.0,0.0,0.0,1.0,0.0,0.0,1.0,1232.0,3688.0,-3378.0,766.0,2,0.06972406503420077,-0.0025952226013430625,
2024-04-07 05:08:26.644000+00:00,9496.0,0.0,0.0,0.0,1.0,0.0,0.0,1.0,1232.0,3688.0,-3378.0,766.0,2,0.06972406503420077,-0.0025952226013430625,
2024-04-07 05:08:26.804000+00:00,9496.0,0.0,0.0,0.0,1.0,0.0,0.0,1.0,1232.0,3688.0,-3378.0,766.0,2,0.06972406503420077,-0.0025952226013430625,
2024-04-07 05:08:26.964000+00:00,9496.0,0.0,0.0,0.0,1.0,0.0,0.0,1.0,1232.0,3688.0,-3378.0,766.0,2,0.06972406503420077,-0.0025952226013430625,
2024-04-07 05:08:27.204000+00:00,9496.0,0.0,0.0,0.0,1.0,0.0,0.0,1.0,1232.0,3688.0,-3378.0,766.0,2,0.06972406503420077,-0.0025952226013430625,
2024-04-07 05:08:27.524000+00:00,9496.0,0.0,0.0,0.0,1.0,0.0,0.0,1.0,1232.0,3688.0,-3378.0,766.0,2,0.06972406503420077,-0.0025952226013430625,
2024-04-07 05:08:27.884000+00:00,9496.0,0.0,0.0,0.0,1.0,0.0,0.0,1.0,1232.0,3688.0,-3378.0,766.0,2,0.06972406503420077,-0.0025952226013430625,
2024-04-07 05:08:28.044000+00:00,9496.0,0.0,0.0,0.0,1.0,0.0,0.0,1.0,1232.0,3688.0,-3378.0,766.0,2,0.06972406503420077,-0.0025952226013430625,
2024-04-07 05:08:28.244000+00:00,9496.0,0.0,0.0,0.0,1.0,0.0,0.0,1.0,1232.0,3688.0,-3378.0,766.0,2,0.06972406503420077,-0.0025952226013430625,
2024-04-07 05:08:28.484000+00:00,9496.0,0.0,0.0,0.0,1.0,0.0,0.0,1.0,1232.0,3688.0,-3378.0,766.0,2,0.06972406503420077,-0.0025952226013430625,
2024-04-07 05:08:28.644000+00:00,9496.0,0.0,0.0,0.0,1.0,0.0,0.0,1.0,1232.0,3688.0,-3378.0,766.0,2,0.06972406503420077,-0.0025952226013430625,
2024-04-07 05:08:29.004000+00:00,9496.0,0.0,0.0,0.0,1.0,0.0,0.0,1.0,1232.0,3688.0,-3378.0,766.0,2,0.06972406503420077,-0.0025952226013430625,
2024-04-07 05:08:29.164000+00:00,9496.0,0.0,0.0,0.0,1.0,0.0,0.0,1.0,1232.0,3688.0,-3378.0,766.0,2,0.06972406503420077,-0.0025952226013430625,
2024-04-07 05:08:29.364000+00:00,9496.0,0.0,0.0,0.0,1.0,0.0,0.0,1.0,1232.0,3688.0,-3378.0,766.0,2,0.06972406503420077,-0.0025952226013430625,
2024-04-07 05:08:29.604000+00:00,9496.0,0.0,0.0,0.0,1.0,0.0,0.0,1.0,1232.0,3688.0,-3378.0,766.0,2,0.06972406503420077,-0.0025952226013430625,
2024-04-07 05:08:29.764000+00:00,9496.0,0.0,0.0,0.0,1.0,0.0,0.0,1.0,1232.0,3688.0,-3378.0,766.0,2,0.06972406503420077,-0.0025952226013430625,
2024-04-07 05:08:30.005000+00:00,9496.0,0.0,0.0,0.0,1.0,0.0,0.0,1.0,1232.0,3688.0,-3378.0,766.0,2,0.06972406503420077,-0.0025952226013430625,
2024-04-07 05:08:30.205000+00:00,9496.0,0.0,0.0,0.0,1.0,0.0,0.0,1.0,1232.0,3688.0,-3378.0,766.0,2,0.06972406503420077,-0.0025952226013430625,
2024-04-07 05:08:30.564000+00:00,9496.0,0.0,0.0,0.0,1.0,0.0,0.0,1.0,1232.0,3688.0,-3378.0,766.0,2,0.06972406503420077,-0.0025952226013430625,
2024-04-07 05:08:30.764000+00:00,9496.0,0.0,0.0,0.0,1.0,0.0,0.0,1.0,1232.0,3688.0,-3378.0,766.0,2,0.06972406503420077,-0.0025952226013430625,
2024-04-07 05:08:31.124000+00:00,9496.0,0.0,0.0,0.0,1.0,0.0,0.0,1.0,1232.0,3688.0,-3378.0,766.0,2,0.06972406503420077,-0.0025952226013430625,
2024-04-07 05:08:31.444000+00:00,9496.0,0.0,0.0,0.0,1.0,0.0,0.0,1.0,1232.0,3688.0,-3378.0,766.0,2,0.06972406503420077,-0.0025952226013430625,
2024-04-07 05:08:31.644000+00:00,9496.0,0.0,0.0,0.0,1.0,0.0,0.0,1.0,1232.0,3688.0,-3378.0,766.0,2,0.06972406503420077,-0.0025952226013430625,
2024-04-07 05:08:32.044000+00:00,9496.0,0.0,0.0,0.0,1.0,0.0,0.0,1.0,1232.0,3688.0,-3378.0,766.0,2,0.06972406503420077,-0.0025952226013430625,
2024-04-07 05:08:32.324000+00:00,9496.0,0.0,0.0,0.0,1.0,0.0,0.0,1.0,1232.0,3688.0,-3378.0,766.0,2,0.06972406503420077,-0.0025952226013430625,
2024-04-07 05:08:32.644000+00:00,9496.0,0.0,0.0,0.0,1.0,0.0,0.0,1.0,1232.0,3688.0,-3378.0,766.0,2,0.06972406503420077,-0.0025952226013430625,
2024-04-07 05:08:32.804000+00:00,9496.0,0.0,0.0,0.0,1.0,0.0,0.0,1.0,1232.0,3688.0,-3378.0,766.0,2,0.06972406503420077,-0.0025952226013430625,
2024-04-07 05:08:33.164000+00:00,9496.0,0.0,0.0,0.0,1.0,0.0,0.0,1.0,1232.0,3688.0,-3379.0,766.0,2,0.06972406503420077,-0.0025952226013430625,
2024-04-07 05:08:33.364000+00:00,9496.0,0.0,0.0,0.0,1.0,0.0,0.0,1.0,1232.0,3688.0,-3379.0,766.0,2,0.06972406503420077,-0.0025952226013430625,
2024-04-07 05:08:33.564000+00:00,9496.0,0.0,0.0,0.0,1.0,0.0,0.0,1.0,1232.0,3688.0,-3379.0,766.0,2,0.06972406503420077,-0.0025952226013430625,
2024-04-07 05:08:33.844000+00:00,9496.0,0.0,0.0,0.0,1.0,0.0,0.0,1.0,1232.0,3688.0,-3379.0,766.0,2,0.06972406503420077,-0.0025952226013430625,
2024-04-07 05:08:34.044000+00:00,9496.0,0.0,0.0,0.0,1.0,0.0,0.0,1.0,1232.0,3688.0,-3379.0,766.0,2,0.06972406503420077,-0.0025952226013430625,
2024-04-07 05:08:34.244000+00:00,9496.0,0.0,0.0,0.0,1.0,0.0,0.0,1.0,1232.0,3688.0,-3379.0,766.0,2,0.06972406503420077,-0.0025952226013430625,
2024-04-07 05:08:34.404000+00:00,9496.0,0.0,0.0,0.0,1.0,0.0,0.0,1.0,1232.0,3688.0,-3379.0,766.0,2,0.06972406503420077,-0.0025952226013430625,
2024-04-07 05:08:34.684000+00:00,9496.0,0.0,0.0,0.0,1.0,0.0,0.0,1.0,1232.0,3688.0,-3379.0,766.0,2,0.06972406503420077,-0.0025952226013430625,
2024-04-07 05:08:34.924000+00:00,9496.0,0.0,0.0,0.0,1.0,0.0,0.0,1.0,1232.0,3688.0,-3379.0,766.0,2,0.06972406503420077,-0.0025952226013430625,
2024-04-07 05:08:35.124000+00:00,9496.0,0.0,0.0,0.0,1.0,0.0,0.0,1.0,1232.0,3688.0,-3379.0,766.0,2,0.06972406503420077,-0.0025952226013430625,
2024-04-07 05:08:35.364000+00:00,9496.0,0.0,0.0,0.0,1.0,0.0,0.0,1.0,1232.0,3688.0,-3379.0,766.0,2,0.06972406503420077,-0.0025952226013430625,
2024-04-07 05:08:35.724000+00:00,9496.0,0.0,0.0,0.0,1.0,0.0,0.0,1.0,1232.0,3688.0,-3379.0,766.0,2,0.06972406503420077,-0.0025952226013430625,
2024-04-07 05:08:36.004000+00:00,9496.0,0.0,0.0,0.0,1.0,0.0,0.0,1.0,1232.0,3688.0,-3379.0,766.0,2,0.06972406503420077,-0.0025952226013430625,
2024-04-07 05:08:36.164000+00:00,9496.0,0.0,0.0,0.0,1.0,0.0,0.0,1.0,1232.0,3688.0,-3379.0,766.0,2,0.06972406503420077,-0.0025952226013430625,
2024-04-07 05:08:36.484000+00:00,9496.0,0.0,0.0,0.0,1.0,0.0,0.0,1.0,1232.0,3688.0,-3379.0,766.0,2,0.06972406503420077,-0.0025952226013430625,
2024-04-07 05:08:36.645000+00:00,9496.0,0.0,0.0,0.0,1.0,0.0,0.0,1.0,1232.0,3688.0,-3379.0,766.0,2,0.06972406503420077,-0.0025952226013430625,
2024-04-07 05:08:36.845000+00:00,9496.0,0.0,0.0,0.0,1.0,0.0,0.0,1.0,1232.0,3688.0,-3379.0,766.0,2,0.06972406503420077,-0.0025952226013430625,
2024-04-07 05:08:37.124000+00:00,9496.0,0.0,0.0,0.0,1.0,0.0,0.0,1.0,1232.0,3688.0,-3379.0,766.0,2,0.06972406503420077,-0.0025952226013430625,
2024-04-07 05:08:37.524000+00:00,9496.0,0.0,0.0,0.0,1.0,0.0,0.0,1.0,1232.0,3688.0,-3379.0,766.0,2,0.06972406503420077,-0.0025952226013430625,
2024-04-07 05:08:37.884000+00:00,9496.0,0.0,0.0,0.0,1.0,0.0,0.0,1.0,1232.0,3688.0,-3379.0,766.0,2,0.06972406503420077,-0.0025952226013430625,
2024-04-07 05:08:38.044000+00:00,9496.0,0.0,0.0,0.0,1.0,0.0,0.0,1.0,1232.0,3688.0,-3379.0,766.0,2,0.06972406503420077,-0.0025952226013430625,
2024-04-07 05:08:38.244000+00:00,9496.0,0.0,0.0,0.0,1.0,0.0,0.0,1.0,1232.0,3688.0,-3379.0,766.0,2,0.06972406503420077,-0.0025952226013430625,
2024-04-07 05:08:38.524000+00:00,9496.0,0.0,0.0,0.0,1.0,0.0,0.0,1.0,1232.0,3688.0,-3379.0,766.0,2,0.06972406503420077,-0.0025952226013430625,
2024-04-07 05:08:38.684000+00:00,9496.0,0.0,0.0,0.0,1.0,0.0,0.0,1.0,1232.0,3688.0,-3379.0,766.0,2,0.06972406503420077,-0.0025952226013430625,
2024-04-07 05:08:38.924000+00:00,9496.0,0.0,0.0,0.0,1.0,0.0,0.0,1.0,1232.0,3688.0,-3379.0,766.0,2,0.06972406503420077,-0.0025952226013430625,
2024-04-07 05:08:39.404000+00:00,9496.0,0.0,0.0,0.0,1.0,0.0,0.0,1.0,1232.0,3688.0,-3379.0,766.0,2,0.06972406503420077,-0.0025952226013430625,
2024-04-07 05:08:39.564000+00:00,9496.0,0.0,0.0,0.0,1.0,0.0,0.0,1.0,1232.0,3688.0,-3379.0,766.0,2,0.06972406503420077,-0.0025952226013430625,
2024-04-07 05:08:39.884000+00:00,9496.0,0.0,0.0,0.0,1.0,0.0,0.0,1.0,1232.0,3689.0,-3379.0,766.0,2,0.06972406503420077,-0.0025952226013430625,
2024-04-07 05:08:40.204000+00:00,9496.0,0.0,0.0,0.0,1.0,0.0,0.0,1.0,1232.0,3689.0,-3379.0,766.0,2,0.06972406503420077,-0.0025952226013430625,
2024-04-07 05:08:40.604000+00:00,9496.0,0.0,0.0,0.0,1.0,0.0,0.0,1.0,1232.0,3689.0,-3379.0,766.0,2,0.06972406503420077,-0.0025952226013430625,
2024-04-07 05:08:40.884000+00:00,9496.0,0.0,0.0,0.0,1.0,0.0,0.0,1.0,1232.0,3689.0,-3379.0,766.0,2,0.06972406503420077,-0.0025952226013430625,
2024-04-07 05:08:41.124000+00:00,9496.0,0.0,0.0,0.0,1.0,0.0,0.0,1.0,1232.0,3689.0,-3379.0,766.0,2,0.06972406503420077,-0.0025952226013430625,
2024-04-07 05:08:41.324000+00:00,9496.0,0.0,0.0,0.0,1.0,0.0,0.0,1.0,1232.0,3689.0,-3379.0,766.0,2,0.06972406503420077,-0.0025952226013430625,
2024-04-07 05:08:41.484000+00:00,9496.0,0.0,0.0,0.0,1.0,0.0,0.0,1.0,1232.0,3689.0,-3379.0,766.0,2,0.06972406503420077,-0.0025952226013430625,
2024-04-07 05:08:41.684000+00:00,9496.0,0.0,0.0,0.0,1.0,0.0,0.0,1.0,1232.0,3689.0,-3379.0,766.0,2,0.06972406503420077,-0.0025952226013430625,
2024-04-07 05:08:42.004000+00:00,9496.0,0.0,0.0,0.0,1.0,0.0,0.0,1.0,1232.0,3689.0,-3379.0,766.0,2,0.06972406503420077,-0.0025952226013430625,
2024-04-07 05:08:42.284000+00:00,9496.0,0.0,0.0,0.0,1.0,0.0,0.0,1.0,1232.0,3689.0,-3379.0,766.0,2,0.06972406503420077,-0.0025952226013430625,
2024-04-07 05:08:42.604000+00:00,9496.0,0.0,0.0,0.0,1.0,0.0,0.0,1.0,1232.0,3689.0,-3379.0,766.0,2,0.06972406503420077,-0.0025952226013430625,
2024-04-07 05:08:42.764000+00:00,9496.0,0.0,0.0,0.0,1.0,0.0,0.0,1.0,1232.0,3689.0,-3379.0,766.0,2,0.06972406503420077,-0.0025952226013430625,
2024-04-07 05:08:42.964000+00:00,9496.0,0.0,0.0,0.0,1.0,0.0,0.0,1.0,1232.0,3689.0,-3379.0,766.0,2,0.06972406503420077,-0.0025952226013430625,
2024-04-07 05:08:43.124000+00:00,9496.0,0.0,0.0,0.0,1.0,0.0,0.0,1.0,1232.0,3689.0,-3379.0,766.0,2,0.06972406503420077,-0.0025952226013430625,
2024-04-07 05:08:43.485000+00:00,9496.0,0.0,0.0,0.0,1.0,0.0,0.0,1.0,1232.0,3689.0,-3379.0,766.0,2,0.06972406503420077,-0.0025952226013430625,
2024-04-07 05:08:43.645000+00:00,9496.0,0.0,0.0,0.0,1.0,0.0,0.0,1.0,1232.0,3689.0,-3379.0,766.0,2,0.06972406503420077,-0.0025952226013430625,
2024-04-07 05:08:43.804000+00:00,9496.0,0.0,0.0,0.0,1.0,0.0,0.0,1.0,1232.0,3689.0,-3379.0,766.0,2,0.06972406503420077,-0.0025952226013430625,
2024-04-07 05:08:44.084000+00:00,9496.0,0.0,0.0,0.0,1.0,0.0,0.0,1.0,1232.0,3689.0,-3379.0,766.0,2,0.06972406503420077,-0.0025952226013430625,
2024-04-07 05:08:44.244000+00:00,9496.0,0.0,0.0,0.0,1.0,0.0,0.0,1.0,1232.0,3689.0,-3379.0,766.0,2,0.06972406503420077,-0.0025952226013430625,
2024-04-07 05:08:44.444000+00:00,9496.0,0.0,0.0,0.0,1.0,0.0,0.0,1.0,1232.0,3689.0,-3379.0,766.0,2,0.06972406503420077,-0.0025952226013430625,
2024-04-07 05:08:44.604000+00:00,9496.0,0.0,0.0,0.0,1.0,0.0,0.0,1.0,1232.0,3689.0,-3379.0,766.0,2,0.06972406503420077,-0.0025952226013430625,
2024-04-07 05:08:44.804000+00:00,9496.0,0.0,0.0,0.0,1.0,0.0,0.0,1.0,1232.0,3689.0,-3379.0,766.0,2,0.06972406503420077,-0.0025952226013430625,
2024-04-07 05:08:45.044000+00:00,9496.0,0.0,0.0,0.0,1.0,0.0,0.0,1.0,1232.0,3689.0,-3379.0,766.0,2,0.06972406503420077,-0.0025952226013430625,
2024-04-07 05:08:45.324000+00:00,9496.0,0.0,0.0,0.0,1.0,0.0,0.0,1.0,1232.0,3689.0,-3379.0,766.0,2,0.06972406503420077,-0.0025952226013430625,
2024-04-07 05:08:45.484000+00:00,9496.0,0.0,0.0,0.0,1.0,0.0,0.0,1.0,1232.0,3689.0,-3379.0,766.0,2,0.06972406503420077,-0.0025952226013430625,
2024-04-07 05:08:45.684000+00:00,9496.0,0.0,0.0,0.0,1.0,0.0,0.0,1.0,1232.0,3689.0,-3379.0,766.0,2,0.06972406503420077,-0.0025952226013430625,
2024-04-07 05:08:45.844000+00:00,9496.0,0.0,0.0,0.0,1.0,0.0,0.0,1.0,1232.0,3689.0,-3379.0,766.0,2,0.06972406503420077,-0.0025952226013430625,
2024-04-07 05:08:46.004000+00:00,9496.0,0.0,0.0,0.0,1.0,0.0,0.0,1.0,1232.0,3689.0,-3379.0,766.0,2,0.06972406503420077,-0.0025952226013430625,
2024-04-07 05:08:46.364000+00:00,9496.0,0.0,0.0,0.0,1.0,0.0,0.0,1.0,1232.0,3689.0,-3379.0,766.0,2,0.06972406503420077,-0.0025952226013430625,
2024-04-07 05:08:46.724000+00:00,9496.0,0.0,0.0,0.0,1.0,0.0,0.0,1.0,1232.0,3689.0,-3379.0,766.0,2,0.06972406503420077,-0.0025952226013430625,
2024-04-07 05:08:46.884000+00:00,9496.0,0.0,0.0,0.0,1.0,0.0,0.0,1.0,1232.0,3689.0,-3379.0,766.0,2,0.06972406503420077,-0.0025952226013430625,
2024-04-07 05:08:47.084000+00:00,9496.0,0.0,0.0,0.0,1.0,0.0,0.0,1.0,1232.0,3689.0,-3379.0,766.0,2,0.06972406503420077,-0.0025952226013430625,
2024-04-07 05:08:47.364000+00:00,9496.0,0.0,0.0,0.0,1.0,0.0,0.0,1.0,1232.0,3689.0,-3379.0,766.0,2,0.06972406503420077,-0.0025952226013430625,
2024-04-07 05:08:47.524000+00:00,9496.0,0.0,0.0,0.0,1.0,0.0,0.0,1.0,1232.0,3689.0,-3379.0,766.0,2,0.06972406503420077,-0.0025952226013430625,
2024-04-07 05:08:47.684000+00:00,9496.0,0.0,0.0,0.0,1.0,0.0,0.0,1.0,1232.0,3689.0,-3379.0,766.0,2,0.06972406503420077,-0.0025952226013430625,
2024-04-07 05:08:47.844000+00:00,9496.0,0.0,0.0,0.0,1.0,0.0,0.0,1.0,1232.0,3689.0,-3379.0,766.0,2,0.06972406503420077,-0.0025952226013430625,
2024-04-07 05:08:48.044000+00:00,9496.0,0.0,0.0,0.0,1.0,0.0,0.0,1.0,1232.0,3689.0,-3379.0,766.0,2,0.06972406503420077,-0.0025952226013430625,
2024-04-07 05:08:48.364000+00:00,9496.0,0.0,0.0,0.0,1.0,0.0,0.0,1.0,1232.0,3689.0,-3379.0,766.0,2,0.06972406503420077,-0.0025952226013430625,
2024-04-07 05:08:48.684000+00:00,9496.0,0.0,0.0,0.0,1.0,0.0,0.0,1.0,1232.0,3689.0,-3379.0,766.0,2,0.06972406503420077,-0.0025952226013430625,
2024-04-07 05:08:48.964000+00:00,9496.0,0.0,0.0,0.0,1.0,0.0,0.0,1.0,1232.0,3689.0,-3379.0,766.0,2,0.06972406503420077,-0.0025952226013430625,
2024-04-07 05:08:49.124000+00:00,9496.0,0.0,0.0,0.0,1.0,0.0,0.0,1.0,1232.0,3689.0,-3379.0,766.0,2,0.06972406503420077,-0.0025952226013430625,
2024-04-07 05:08:49.364000+00:00,9496.0,0.0,0.0,0.0,1.0,0.0,0.0,1.0,1232.0,3689.0,-3379.0,766.0,2,0.06972406503420077,-0.0025952226013430625,
2024-04-07 05:08:49.684000+00:00,9496.0,0.0,0.0,0.0,1.0,0.0,0.0,1.0,1232.0,3689.0,-3379.0,766.0,2,0.06972406503420077,-0.0025952226013430625,
2024-04-07 05:08:50.005000+00:00,9496.0,0.0,0.0,0.0,1.0,0.0,0.0,1.0,1232.0,3689.0,-3379.0,766.0,2,0.06972406503420077,-0.0025952226013430625,
2024-04-07 05:08:50.405000+00:00,9496.0,0.0,0.0,0.0,1.0,0.0,0.0,1.0,1232.0,3689.0,-3379.0,766.0,2,0.06972406503420077,-0.0025952226013430625,
2024-04-07 05:08:50.604000+00:00,9496.0,0.0,0.0,0.0,1.0,0.0,0.0,1.0,1232.0,3689.0,-3379.0,766.0,2,0.06972406503420077,-0.0025952226013430625,
2024-04-07 05:08:50.844000+00:00,9496.0,0.0,0.0,0.0,1.0,0.0,0.0,1.0,1232.0,3689.0,-3379.0,766.0,2,0.06972406503420077,-0.0025952226013430625,
2024-04-07 05:08:51.004000+00:00,9496.0,0.0,0.0,0.0,1.0,0.0,0.0,1.0,1232.0,3689.0,-3379.0,766.0,2,0.06972406503420077,-0.0025952226013430625,
2024-04-07 05:08:51.204000+00:00,9496.0,0.0,0.0,0.0,1.0,0.0,0.0,1.0,1232.0,3689.0,-3379.0,766.0,2,0.06972406503420077,-0.0025952226013430625,
2024-04-07 05:08:51.444000+00:00,9496.0,0.0,0.0,0.0,1.0,0.0,0.0,1.0,1232.0,3689.0,-3379.0,766.0,2,0.06972406503420077,-0.0025952226013430625,
2024-04-07 05:08:51.644000+00:00,9496.0,0.0,0.0,0.0,1.0,0.0,0.0,1.0,1232.0,3689.0,-3379.0,766.0,2,0.06972406503420077,-0.0025952226013430625,
2024-04-07 05:08:52.004000+00:00,9496.0,0.0,0.0,0.0,1.0,0.0,0.0,1.0,1232.0,3689.0,-3379.0,766.0,2,0.06972406503420077,-0.0025952226013430625,
2024-04-07 05:08:52.204000+00:00,9496.0,0.0,0.0,0.0,1.0,0.0,0.0,1.0,1232.0,3689.0,-3379.0,766.0,2,0.06972406503420077,-0.0025952226013430625,
2024-04-07 05:08:52.404000+00:00,9496.0,0.0,0.0,0.0,1.0,0.0,0.0,1.0,1232.0,3689.0,-3379.0,766.0,2,0.06972406503420077,-0.0025952226013430625,
2024-04-07 05:08:52.564000+00:00,9496.0,0.0,0.0,0.0,1.0,0.0,0.0,1.0,1232.0,3689.0,-3379.0,766.0,2,0.06972406503420077,-0.0025952226013430625,
2024-04-07 05:08:52.884000+00:00,9496.0,0.0,0.0,0.0,1.0,0.0,0.0,1.0,1232.0,3689.0,-3379.0,766.0,2,0.06972406503420077,-0.0025952226013430625,
2024-04-07 05:08:53.124000+00:00,9496.0,0.0,0.0,0.0,1.0,0.0,0.0,1.0,1232.0,3689.0,-3379.0,766.0,2,0.06972406503420077,-0.0025952226013430625,
2024-04-07 05:08:53.444000+00:00,9496.0,0.0,0.0,0.0,1.0,0.0,0.0,1.0,1232.0,3689.0,-3379.0,766.0,2,0.06972406503420077,-0.0025952226013430625,
2024-04-07 05:08:53.804000+00:00,9496.0,0.0,0.0,0.0,1.0,0.0,0.0,1.0,1232.0,3689.0,-3379.0,766.0,2,0.06972406503420077,-0.0025952226013430625,
2024-04-07 05:08:54.084000+00:00,9496.0,0.0,0.0,0.0,1.0,0.0,0.0,1.0,1232.0,3689.0,-3379.0,766.0,2,0.06972406503420077,-0.0025952226013430625,
2024-04-07 05:08:54.364000+00:00,9496.0,0.0,0.0,0.0,1.0,0.0,0.0,1.0,1232.0,3689.0,-3379.0,766.0,2,0.06972406503420077,-0.0025952226013430625,
2024-04-07 05:08:54.724000+00:00,9496.0,0.0,0.0,0.0,1.0,0.0,0.0,1.0,1232.0,3689.0,-3379.0,766.0,2,0.06972406503420077,-0.0025952226013430625,
2024-04-07 05:08:54.884000+00:00,9496.0,0.0,0.0,0.0,1.0,0.0,0.0,1.0,1232.0,3689.0,-3379.0,766.0,2,0.06972406503420077,-0.0025952226013430625,
2024-04-07 05:08:55.364000+00:00,9496.0,0.0,0.0,0.0,1.0,0.0,0.0,1.0,1232.0,3689.0,-3379.0,766.0,2,0.06972406503420077,-0.0025952226013430625,
2024-04-07 05:08:55.764000+00:00,9496.0,0.0,0.0,0.0,1.0,0.0,0.0,1.0,1232.0,3689.0,-3379.0,766.0,2,0.06972406503420077,-0.0025952226013430625,
2024-04-07 05:08:56.204000+00:00,9496.0,0.0,0.0,0.0,1.0,0.0,0.0,1.0,1232.0,3689.0,-3379.0,766.0,2,0.06972406503420077,-0.0025952226013430625,
2024-04-07 05:08:56.525000+00:00,9496.0,0.0,0.0,0.0,1.0,0.0,0.0,1.0,1232.0,3689.0,-3379.0,766.0,2,0.06972406503420077,-0.0025952226013430625,
2024-04-07 05:08:56.765000+00:00,9496.0,0.0,0.0,0.0,1.0,0.0,0.0,1.0,1232.0,3689.0,-3379.0,766.0,2,0.06972406503420077,-0.0025952226013430625,
2024-04-07 05:08:56.925000+00:00,9496.0,0.0,0.0,0.0,1.0,0.0,0.0,1.0,1232.0,3689.0,-3379.0,766.0,2,0.06972406503420077,-0.0025952226013430625,
2024-04-07 05:08:57.205000+00:00,9496.0,0.0,0.0,0.0,1.0,0.0,0.0,1.0,1232.0,3689.0,-3379.0,766.0,2,0.06972406503420077,-0.0025952226013430625,
2024-04-07 05:08:57.444000+00:00,9496.0,0.0,0.0,0.0,1.0,0.0,0.0,1.0,1232.0,3689.0,-3379.0,766.0,2,0.06972406503420077,-0.0025952226013430625,
2024-04-07 05:08:57.644000+00:00,9496.0,0.0,0.0,0.0,1.0,0.0,0.0,1.0,1232.0,3689.0,-3379.0,766.0,2,0.06972406503420077,-0.0025952226013430625,
2024-04-07 05:08:57.844000+00:00,9496.0,0.0,0.0,0.0,1.0,0.0,0.0,1.0,1232.0,3689.0,-3379.0,766.0,2,0.06972406503420077,-0.0025952226013430625,
2024-04-07 05:08:58.004000+00:00,9496.0,0.0,0.0,0.0,1.0,0.0,0.0,1.0,1232.0,3689.0,-3379.0,766.0,2,0.06972406503420077,-0.0025952226013430625,
2024-04-07 05:08:58.324000+00:00,9496.0,0.0,0.0,0.0,1.0,0.0,0.0,1.0,1232.0,3689.0,-3379.0,766.0,2,0.06972406503420077,-0.0025952226013430625,
2024-04-07 05:08:58.604000+00:00,9496.0,0.0,0.0,0.0,1.0,0.0,0.0,1.0,1232.0,3689.0,-3379.0,766.0,2,0.06972406503420077,-0.0025952226013430625,
2024-04-07 05:08:58.884000+00:00,9496.0,0.0,0.0,0.0,1.0,0.0,0.0,1.0,1232.0,3689.0,-3379.0,766.0,2,0.06972406503420077,-0.0025952226013430625,
2024-04-07 05:08:59.204000+00:00,9496.0,0.0,0.0,0.0,1.0,0.0,0.0,1.0,1232.0,3689.0,-3379.0,766.0,2,0.06972406503420077,-0.0025952226013430625,
2024-04-07 05:08:59.484000+00:00,9496.0,0.0,0.0,0.0,1.0,0.0,0.0,1.0,1232.0,3689.0,-3379.0,766.0,2,0.06972406503420077,-0.0025952226013430625,
2024-04-07 05:08:59.644000+00:00,9496.0,0.0,0.0,0.0,1.0,0.0,0.0,1.0,1232.0,3689.0,-3379.0,766.0,2,0.06972406503420077,-0.0025952226013430625,
2024-04-07 05:08:59.844000+00:00,9496.0,0.0,0.0,0.0,1.0,0.0,0.0,1.0,1232.0,3689.0,-3379.0,766.0,2,0.06972406503420077,-0.0025952226013430625,
2024-04-07 05:09:00.004000+00:00,9496.0,0.0,0.0,0.0,1.0,0.0,0.0,1.0,1232.0,3689.0,-3379.0,766.0,2,0.06972406503420077,-0.0025952226013430625,
2024-04-07 05:09:00.164000+00:00,9496.0,0.0,0.0,0.0,1.0,0.0,0.0,1.0,1232.0,3689.0,-3379.0,766.0,2,0.06972406503420077,-0.0025952226013430625,
2024-04-07 05:09:00.444000+00:00,9496.0,0.0,0.0,0.0,1.0,0.0,0.0,1.0,1232.0,3689.0,-3379.0,766.0,2,0.06972406503420077,-0.0025952226013430625,
2024-04-07 05:09:00.684000+00:00,9496.0,0.0,0.0,0.0,1.0,0.0,0.0,1.0,1232.0,3689.0,-3379.0,766.0,2,0.06972406503420077,-0.0025952226013430625,
2024-04-07 05:09:00.844000+00:00,9496.0,0.0,0.0,0.0,1.0,0.0,0.0,1.0,1232.0,3689.0,-3379.0,766.0,2,0.06972406503420077,-0.0025952226013430625,
2024-04-07 05:09:01.044000+00:00,9496.0,0.0,0.0,0.0,1.0,0.0,0.0,1.0,1232.0,3689.0,-3379.0,766.0,2,0.06972406503420077,-0.0025952226013430625,
2024-04-07 05:09:01.284000+00:00,9496.0,0.0,0.0,0.0,1.0,0.0,0.0,1.0,1232.0,3689.0,-3379.0,766.0,2,0.06972406503420077,-0.0025952226013430625,
2024-04-07 05:09:01.524000+00:00,9496.0,0.0,0.0,0.0,1.0,0.0,0.0,1.0,1232.0,3689.0,-3379.0,766.0,2,0.06972406503420077,-0.0025952226013430625,
2024-04-07 05:09:01.724000+00:00,9496.0,0.0,0.0,1.0,1.0,0.0,0.0,1.0,1232.0,3689.0,-3379.0,766.0,2,0.06972406503420077,-0.0025952226013430625,
2024-04-07 05:09:01.964000+00:00,9496.0,0.0,0.0,0.0,1.0,0.0,0.0,1.0,1232.0,3689.0,-3379.0,766.0,2,0.06972406503420077,-0.0025952226013430625,
2024-04-07 05:09:02.324000+00:00,9496.0,0.0,0.0,0.0,1.0,0.0,0.0,1.0,1232.0,3689.0,-3379.0,766.0,2,0.06972406503420077,-0.0025952226013430625,
2024-04-07 05:09:02.564000+00:00,9496.0,0.0,0.0,0.0,1.0,0.0,0.0,1.0,1232.0,3689.0,-3379.0,766.0,2,0.06972406503420077,-0.0025952226013430625,
2024-04-07 05:09:02.844000+00:00,9496.0,0.0,0.0,0.0,1.0,0.0,0.0,1.0,1232.0,3689.0,-3379.0,766.0,2,0.06972406503420077,-0.0025952226013430625,
2024-04-07 05:09:03.125000+00:00,9496.0,0.0,0.0,0.0,1.0,0.0,0.0,1.0,1232.0,3689.0,-3379.0,766.0,2,0.06972406503420077,-0.0025952226013430625,
2024-04-07 05:09:03.325000+00:00,9496.0,0.0,0.0,0.0,1.0,0.0,0.0,1.0,1232.0,3689.0,-3379.0,766.0,2,0.06972406503420077,-0.0025952226013430625,
2024-04-07 05:09:03.605000+00:00,9496.0,0.0,0.0,0.0,1.0,0.0,0.0,1.0,1232.0,3689.0,-3379.0,766.0,2,0.06972406503420077,-0.0025952226013430625,
2024-04-07 05:09:03.765000+00:00,9496.0,0.0,0.0,0.0,1.0,0.0,0.0,1.0,1232.0,3689.0,-3379.0,766.0,2,0.06972406503420077,-0.0025952226013430625,
2024-04-07 05:09:03.925000+00:00,9496.0,0.0,0.0,0.0,1.0,0.0,0.0,1.0,1232.0,3689.0,-3379.0,766.0,2,0.06972406503420077,-0.0025952226013430625,
2024-04-07 05:09:04.084000+00:00,9496.0,0.0,0.0,0.0,1.0,0.0,0.0,1.0,1232.0,3689.0,-3379.0,766.0,2,0.06972406503420077,-0.0025952226013430625,
2024-04-07 05:09:04.404000+00:00,9496.0,0.0,0.0,0.0,1.0,0.0,0.0,1.0,1232.0,3689.0,-3379.0,766.0,2,0.06972406503420077,-0.0025952226013430625,
2024-04-07 05:09:04.724000+00:00,9496.0,0.0,0.0,0.0,1.0,0.0,0.0,1.0,1232.0,3689.0,-3379.0,766.0,2,0.06972406503420077,-0.0025952226013430625,
2024-04-07 05:09:04.884000+00:00,9496.0,0.0,0.0,0.0,1.0,0.0,0.0,1.0,1232.0,3689.0,-3380.0,766.0,2,0.06972406503420077,-0.0025952226013430625,
2024-04-07 05:09:05.244000+00:00,9496.0,0.0,0.0,0.0,1.0,0.0,0.0,1.0,1232.0,3689.0,-3380.0,766.0,2,0.06972406503420077,-0.0025952226013430625,
2024-04-07 05:09:05.564000+00:00,9496.0,0.0,0.0,0.0,1.0,0.0,0.0,1.0,1232.0,3689.0,-3380.0,766.0,2,0.06972406503420077,-0.0025952226013430625,
2024-04-07 05:09:05.804000+00:00,9496.0,0.0,0.0,0.0,1.0,0.0,0.0,1.0,1232.0,3689.0,-3380.0,766.0,2,0.06972406503420077,-0.0025952226013430625,
2024-04-07 05:09:06.044000+00:00,9496.0,0.0,0.0,0.0,1.0,0.0,0.0,1.0,1232.0,3689.0,-3380.0,766.0,2,0.06972406503420077,-0.0025952226013430625,
2024-04-07 05:09:06.404000+00:00,9496.0,0.0,0.0,0.0,1.0,0.0,0.0,1.0,1232.0,3689.0,-3380.0,766.0,2,0.06972406503420077,-0.0025952226013430625,
2024-04-07 05:09:06.564000+00:00,9496.0,0.0,0.0,0.0,1.0,0.0,0.0,1.0,1232.0,3689.0,-3380.0,766.0,2,0.06972406503420077,-0.0025952226013430625,
2024-04-07 05:09:06.804000+00:00,9496.0,0.0,0.0,0.0,1.0,0.0,0.0,1.0,1232.0,3689.0,-3380.0,766.0,2,0.06972406503420077,-0.0025952226013430625,
2024-04-07 05:09:07.044000+00:00,9496.0,0.0,0.0,0.0,1.0,0.0,0.0,1.0,1232.0,3689.0,-3380.0,766.0,2,0.06972406503420077,-0.0025952226013430625,
2024-04-07 05:09:07.204000+00:00,9496.0,0.0,0.0,0.0,1.0,0.0,0.0,1.0,1232.0,3689.0,-3380.0,766.0,2,0.06972406503420077,-0.0025952226013430625,
2024-04-07 05:09:07.364000+00:00,9496.0,0.0,0.0,0.0,1.0,0.0,0.0,1.0,1232.0,3689.0,-3380.0,766.0,2,0.06972406503420077,-0.0025952226013430625,
2024-04-07 05:09:07.644000+00:00,9496.0,0.0,0.0,0.0,1.0,0.0,0.0,1.0,1232.0,3689.0,-3380.0,766.0,2,0.06972406503420077,-0.0025952226013430625,
2024-04-07 05:09:07.804000+00:00,9496.0,0.0,0.0,0.0,1.0,0.0,0.0,1.0,1232.0,3689.0,-3380.0,766.0,2,0.06972406503420077,-0.0025952226013430625,
2024-04-07 05:09:07.964000+00:00,9496.0,0.0,0.0,0.0,1.0,0.0,0.0,1.0,1232.0,3689.0,-3380.0,766.0,2,0.06972406503420077,-0.0025952226013430625,
2024-04-07 05:09:08.164000+00:00,9496.0,0.0,0.0,0.0,1.0,0.0,0.0,1.0,1232.0,3689.0,-3380.0,766.0,2,0.06972406503420077,-0.0025952226013430625,
2024-04-07 05:09:08.364000+00:00,9496.0,0.0,0.0,0.0,1.0,0.0,0.0,1.0,1232.0,3689.0,-3380.0,766.0,2,0.06972406503420077,-0.0025952226013430625,
2024-04-07 05:09:08.644000+00:00,9496.0,0.0,0.0,0.0,1.0,0.0,0.0,1.0,1232.0,3689.0,-3380.0,766.0,2,0.06972406503420077,-0.0025952226013430625,
2024-04-07 05:09:08.804000+00:00,9496.0,0.0,0.0,0.0,1.0,0.0,0.0,1.0,1232.0,3689.0,-3380.0,766.0,2,0.06972406503420077,-0.0025952226013430625,
2024-04-07 05:09:09.044000+00:00,9496.0,0.0,0.0,0.0,1.0,0.0,0.0,1.0,1232.0,3689.0,-3380.0,766.0,2,0.06972406503420077,-0.0025952226013430625,
2024-04-07 05:09:09.485000+00:00,9496.0,0.0,0.0,0.0,1.0,0.0,0.0,1.0,1232.0,3689.0,-3380.0,766.0,2,0.06972406503420077,-0.0025952226013430625,
2024-04-07 05:09:09.925000+00:00,9496.0,0.0,0.0,0.0,1.0,0.0,0.0,1.0,1232.0,3689.0,-3380.0,766.0,2,0.06972406503420077,-0.0025952226013430625,
2024-04-07 05:09:10.125000+00:00,9496.0,0.0,0.0,0.0,1.0,0.0,0.0,1.0,1232.0,3689.0,-3380.0,766.0,2,0.06972406503420077,-0.0025952226013430625,
2024-04-07 05:09:10.565000+00:00,9496.0,0.0,0.0,0.0,1.0,0.0,0.0,1.0,1232.0,3689.0,-3380.0,766.0,2,0.06972406503420077,-0.0025952226013430625,
2024-04-07 05:09:10.884000+00:00,9496.0,0.0,0.0,0.0,1.0,0.0,0.0,1.0,1232.0,3689.0,-3380.0,766.0,2,0.06972406503420077,-0.0025952226013430625,
2024-04-07 05:09:11.124000+00:00,9496.0,0.0,0.0,0.0,1.0,0.0,0.0,1.0,1232.0,3689.0,-3380.0,766.0,2,0.06972406503420077,-0.0025952226013430625,
2024-04-07 05:09:11.284000+00:00,9496.0,0.0,0.0,0.0,1.0,0.0,0.0,1.0,1232.0,3689.0,-3380.0,766.0,2,0.06972406503420077,-0.0025952226013430625,
2024-04-07 05:09:11.524000+00:00,9496.0,0.0,0.0,0.0,1.0,0.0,0.0,1.0,1232.0,3689.0,-3380.0,766.0,2,0.06972406503420077,-0.0025952226013430625,
2024-04-07 05:09:11.764000+00:00,9496.0,0.0,0.0,0.0,1.0,0.0,0.0,1.0,1232.0,3689.0,-3380.0,766.0,2,0.06972406503420077,-0.0025952226013430625,
2024-04-07 05:09:12.164000+00:00,9496.0,0.0,0.0,0.0,1.0,0.0,0.0,1.0,1232.0,3689.0,-3380.0,766.0,2,0.06972406503420077,-0.0025952226013430625,
2024-04-07 05:09:12.404000+00:00,9496.0,0.0,0.0,0.0,1.0,0.0,0.0,1.0,1232.0,3689.0,-3380.0,766.0,2,0.06972406503420077,-0.0025952226013430625,
2024-04-07 05:09:12.764000+00:00,9496.0,0.0,0.0,0.0,1.0,0.0,0.0,1.0,1232.0,3689.0,-3380.0,766.0,2,0.06972406503420077,-0.0025952226013430625,
2024-04-07 05:09:13.044000+00:00,9496.0,0.0,0.0,0.0,1.0,0.0,0.0,1.0,1232.0,3689.0,-3380.0,766.0,2,0.06972406503420077,-0.0025952226013430625,
2024-04-07 05:09:13.364000+00:00,9496.0,0.0,0.0,0.0,1.0,0.0,0.0,1.0,1232.0,3689.0,-3380.0,766.0,2,0.06972406503420077,-0.0025952226013430625,
2024-04-07 05:09:13.804000+00:00,9496.0,0.0,0.0,0.0,1.0,0.0,0.0,1.0,1232.0,3689.0,-3380.0,766.0,2,0.06972406503420077,-0.0025952226013430625,
2024-04-07 05:09:14.044000+00:00,9496.0,0.0,0.0,0.0,1.0,0.0,0.0,1.0,1232.0,3689.0,-3380.0,766.0,2,0.06972406503420077,-0.0025952226013430625,
2024-04-07 05:09:14.284000+00:00,9496.0,0.0,0.0,0.0,1.0,0.0,0.0,1.0,1232.0,3689.0,-3380.0,766.0,2,0.06972406503420077,-0.0025952226013430625,
2024-04-07 05:09:14.564000+00:00,9496.0,0.0,0.0,0.0,1.0,0.0,0.0,1.0,1232.0,3689.0,-3380.0,766.0,2,0.06972406503420077,-0.0025952226013430625,
2024-04-07 05:09:14.764000+00:00,9496.0,0.0,0.0,0.0,1.0,0.0,0.0,1.0,1232.0,3689.0,-3380.0,766.0,2,0.06972406503420077,-0.0025952226013430625,
2024-04-07 05:09:15.044000+00:00,9496.0,0.0,0.0,0.0,1.0,0.0,0.0,1.0,1232.0,3689.0,-3380.0,766.0,2,0.06972406503420077,-0.0025952226013430625,
2024-04-07 05:09:15.284000+00:00,9496.0,0.0,0.0,0.0,1.0,0.0,0.0,1.0,1232.0,3689.0,-3380.0,766.0,2,0.06972406503420077,-0.0025952226013430625,
2024-04-07 05:09:15.644000+00:00,9496.0,0.0,0.0,0.0,1.0,0.0,0.0,1.0,1232.0,3689.0,-3380.0,766.0,2,0.06972406503420077,-0.0025952226013430625,
2024-04-07 05:09:15.964000+00:00,9496.0,0.0,0.0,0.0,1.0,0.0,0.0,1.0,1232.0,3689.0,-3380.0,766.0,2,0.06972406503420077,-0.0025952226013430625,
2024-04-07 05:09:16.285000+00:00,9496.0,0.0,0.0,0.0,1.0,0.0,0.0,1.0,1232.0,3689.0,-3380.0,766.0,2,0.06972406503420077,-0.0025952226013430625,
2024-04-07 05:09:16.445000+00:00,9496.0,0.0,0.0,0.0,1.0,0.0,0.0,1.0,1232.0,3689.0,-3380.0,766.0,2,0.06972406503420077,-0.0025952226013430625,
2024-04-07 05:09:16.605000+00:00,9496.0,0.0,0.0,0.0,1.0,0.0,0.0,1.0,1232.0,3689.0,-3380.0,766.0,2,0.06972406503420077,-0.0025952226013430625,
2024-04-07 05:09:16.765000+00:00,9496.0,0.0,0.0,0.0,1.0,0.0,0.0,1.0,1232.0,3689.0,-3380.0,766.0,2,0.06972406503420077,-0.0025952226013430625,
2024-04-07 05:09:17.085000+00:00,9496.0,0.0,0.0,0.0,1.0,0.0,0.0,1.0,1232.0,3689.0,-3380.0,766.0,2,0.06972406503420077,-0.0025952226013430625,
2024-04-07 05:09:17.285000+00:00,9496.0,0.0,0.0,0.0,1.0,0.0,0.0,1.0,1232.0,3689.0,-3380.0,766.0,2,0.06972406503420077,-0.0025952226013430625,
2024-04-07 05:09:17.524000+00:00,9496.0,0.0,0.0,0.0,1.0,0.0,0.0,1.0,1232.0,3689.0,-3380.0,766.0,2,0.06972406503420077,-0.0025952226013430625,
2024-04-07 05:09:17.684000+00:00,9496.0,0.0,0.0,0.0,1.0,0.0,0.0,1.0,1232.0,3689.0,-3380.0,766.0,2,0.06972406503420077,-0.0025952226013430625,
2024-04-07 05:09:17.964000+00:00,9496.0,0.0,0.0,0.0,1.0,0.0,0.0,1.0,1232.0,3689.0,-3380.0,766.0,2,0.06972406503420077,-0.0025952226013430625,
2024-04-07 05:09:18.124000+00:00,9496.0,0.0,0.0,0.0,1.0,0.0,0.0,1.0,1232.0,3689.0,-3380.0,766.0,2,0.06972406503420077,-0.0025952226013430625,
2024-04-07 05:09:18.284000+00:00,9496.0,0.0,0.0,0.0,1.0,0.0,0.0,1.0,1232.0,3689.0,-3380.0,766.0,2,0.06972406503420077,-0.0025952226013430625,
2024-04-07 05:09:18.444000+00:00,9496.0,0.0,0.0,0.0,1.0,0.0,0.0,1.0,1232.0,3689.0,-3380.0,766.0,2,0.06972406503420077,-0.0025952226013430625,
2024-04-07 05:09:18.684000+00:00,9496.0,0.0,0.0,0.0,1.0,0.0,0.0,1.0,1232.0,3689.0,-3380.0,766.0,2,0.06972406503420077,-0.0025952226013430625,
2024-04-07 05:09:19.004000+00:00,9496.0,0.0,0.0,0.0,1.0,0.0,0.0,1.0,1232.0,3689.0,-3380.0,766.0,2,0.06972406503420077,-0.0025952226013430625,
2024-04-07 05:09:19.324000+00:00,9496.0,0.0,0.0,0.0,1.0,0.0,0.0,1.0,1232.0,3689.0,-3380.0,766.0,2,0.06972406503420077,-0.0025952226013430625,
2024-04-07 05:09:19.644000+00:00,9496.0,0.0,0.0,0.0,1.0,0.0,0.0,1.0,1232.0,3689.0,-3380.0,766.0,2,0.06972406503420077,-0.0025952226013430625,
2024-04-07 05:09:19.924000+00:00,9496.0,0.0,0.0,0.0,1.0,0.0,0.0,1.0,1232.0,3689.0,-3380.0,766.0,2,0.06972406503420077,-0.0025952226013430625,
2024-04-07 05:09:20.164000+00:00,9496.0,0.0,0.0,0.0,1.0,0.0,0.0,1.0,1232.0,3689.0,-3380.0,766.0,2,0.06972406503420077,-0.0025952226013430625,
2024-04-07 05:09:20.524000+00:00,9496.0,0.0,0.0,0.0,1.0,0.0,0.0,1.0,1232.0,3689.0,-3380.0,766.0,2,0.06972406503420077,-0.0025952226013430625,
2024-04-07 05:09:20.844000+00:00,9496.0,0.0,0.0,0.0,1.0,0.0,0.0,1.0,1232.0,3689.0,-3380.0,766.0,2,0.06972406503420077,-0.0025952226013430625,
2024-04-07 05:09:21.244000+00:00,9496.0,0.0,0.0,0.0,1.0,0.0,0.0,1.0,1232.0,3689.0,-3380.0,766.0,2,0.06972406503420077,-0.0025952226013430625,
2024-04-07 05:09:21.404000+00:00,9496.0,0.0,0.0,0.0,1.0,0.0,0.0,1.0,1232.0,3689.0,-3380.0,766.0,2,0.06972406503420077,-0.0025952226013430625,
2024-04-07 05:09:21.644000+00:00,9496.0,0.0,0.0,0.0,1.0,0.0,0.0,1.0,1232.0,3689.0,-3380.0,766.0,2,0.06972406503420077,-0.0025952226013430625,
2024-04-07 05:09:22.044000+00:00,9496.0,0.0,0.0,0.0,1.0,0.0,0.0,1.0,1232.0,3689.0,-3380.0,766.0,2,0.06972406503420077,-0.0025952226013430625,
2024-04-07 05:09:22.284000+00:00,9496.0,0.0,0.0,0.0,1.0,0.0,0.0,1.0,1232.0,3689.0,-3380.0,766.0,2,0.06972406503420077,-0.0025952226013430625,
2024-04-07 05:09:22.524000+00:00,9496.0,0.0,0.0,0.0,1.0,0.0,0.0,1.0,1232.0,3689.0,-3380.0,766.0,2,0.06972406503420077,-0.0025952226013430625,
2024-04-07 05:09:22.765000+00:00,9496.0,0.0,0.0,0.0,1.0,0.0,0.0,1.0,1232.0,3689.0,-3380.0,766.0,2,0.06972406503420077,-0.0025952226013430625,
2024-04-07 05:09:23.005000+00:00,9496.0,0.0,0.0,0.0,1.0,0.0,0.0,1.0,1232.0,3689.0,-3380.0,766.0,2,0.06972406503420077,-0.0025952226013430625,
2024-04-07 05:09:23.165000+00:00,9496.0,0.0,0.0,0.0,1.0,0.0,0.0,1.0,1232.0,3689.0,-3380.0,766.0,2,0.06972406503420077,-0.0025952226013430625,
2024-04-07 05:09:23.485000+00:00,9496.0,0.0,0.0,0.0,1.0,0.0,0.0,1.0,1232.0,3689.0,-3380.0,766.0,2,0.06972406503420077,-0.0025952226013430625,
2024-04-07 05:09:23.885000+00:00,9496.0,0.0,0.0,0.0,1.0,0.0,0.0,1.0,1232.0,3689.0,-3380.0,766.0,2,0.06972406503420077,-0.0025952226013430625,
2024-04-07 05:09:24.125000+00:00,9496.0,0.0,0.0,0.0,1.0,0.0,0.0,1.0,1232.0,3689.0,-3380.0,766.0,2,0.06972406503420077,-0.0025952226013430625,
2024-04-07 05:09:24.444000+00:00,9496.0,0.0,0.0,0.0,1.0,0.0,0.0,1.0,1232.0,3689.0,-3380.0,766.0,2,0.06972406503420077,-0.0025952226013430625,
2024-04-07 05:09:24.644000+00:00,9496.0,0.0,0.0,0.0,1.0,0.0,0.0,1.0,1232.0,3689.0,-3380.0,766.0,2,0.06972406503420077,-0.0025952226013430625,
2024-04-07 05:09:24.884000+00:00,9496.0,0.0,0.0,0.0,1.0,0.0,0.0,1.0,1232.0,3689.0,-3380.0,766.0,2,0.06972406503420077,-0.0025952226013430625,
2024-04-07 05:09:25.164000+00:00,9496.0,0.0,0.0,0.0,1.0,0.0,0.0,1.0,1232.0,3689.0,-3380.0,766.0,2,0.06972406503420077,-0.0025952226013430625,
2024-04-07 05:09:25.364000+00:00,9496.0,0.0,0.0,0.0,1.0,0.0,0.0,1.0,1232.0,3689.0,-3380.0,766.0,2,0.06972406503420077,-0.0025952226013430625,
2024-04-07 05:09:25.564000+00:00,9496.0,0.0,0.0,0.0,1.0,0.0,0.0,1.0,1232.0,3689.0,-3380.0,766.0,2,0.06972406503420077,-0.0025952226013430625,
2024-04-07 05:09:26.004000+00:00,9496.0,0.0,0.0,0.0,1.0,0.0,0.0,1.0,1232.0,3689.0,-3380.0,766.0,2,0.06972406503420077,-0.0025952226013430625,
2024-04-07 05:09:26.444000+00:00,9496.0,0.0,0.0,0.0,1.0,0.0,0.0,1.0,1232.0,3689.0,-3380.0,766.0,2,0.06972406503420077,-0.0025952226013430625,
2024-04-07 05:09:26.804000+00:00,9496.0,0.0,0.0,0.0,1.0,0.0,0.0,1.0,1232.0,3689.0,-3380.0,766.0,2,0.06972406503420077,-0.0025952226013430625,
2024-04-07 05:09:26.964000+00:00,9496.0,0.0,0.0,0.0,1.0,0.0,0.0,1.0,1232.0,3689.0,-3380.0,766.0,2,0.06972406503420077,-0.0025952226013430625,
2024-04-07 05:09:27.204000+00:00,9496.0,0.0,0.0,0.0,1.0,0.0,0.0,1.0,1232.0,3689.0,-3380.0,766.0,2,0.06972406503420077,-0.0025952226013430625,
2024-04-07 05:09:27.604000+00:00,9496.0,0.0,0.0,0.0,1.0,0.0,0.0,1.0,1232.0,3689.0,-3380.0,766.0,2,0.06972406503420077,-0.0025952226013430625,
2024-04-07 05:09:27.964000+00:00,9496.0,0.0,0.0,0.0,1.0,0.0,0.0,1.0,1232.0,3689.0,-3380.0,766.0,2,0.06972406503420077,-0.0025952226013430625,
2024-04-07 05:09:28.124000+00:00,9496.0,0.0,0.0,0.0,1.0,0.0,0.0,1.0,1232.0,3689.0,-3380.0,766.0,2,0.06972406503420077,-0.0025952226013430625,
2024-04-07 05:09:28.324000+00:00,9496.0,0.0,0.0,0.0,1.0,0.0,0.0,1.0,1232.0,3689.0,-3380.0,766.0,2,0.06972406503420077,-0.0025952226013430625,
2024-04-07 05:09:28.564000+00:00,9496.0,0.0,0.0,0.0,1.0,0.0,0.0,1.0,1232.0,3689.0,-3380.0,766.0,2,0.06972406503420077,-0.0025952226013430625,
2024-04-07 05:09:28.764000+00:00,9496.0,0.0,0.0,0.0,1.0,0.0,0.0,1.0,1232.0,3689.0,-3380.0,766.0,2,0.06972406503420077,-0.0025952226013430625,
2024-04-07 05:09:29.044000+00:00,9496.0,0.0,0.0,0.0,1.0,0.0,0.0,1.0,1232.0,3689.0,-3380.0,766.0,2,0.06972406503420077,-0.0025952226013430625,
2024-04-07 05:09:29.245000+00:00,9496.0,0.0,0.0,0.0,1.0,0.0,0.0,1.0,1232.0,3689.0,-3380.0,766.0,2,0.06972406503420077,-0.0025952226013430625,
2024-04-07 05:09:29.485000+00:00,9496.0,0.0,0.0,0.0,1.0,0.0,0.0,1.0,1232.0,3689.0,-3380.0,766.0,2,0.06972406503420077,-0.0025952226013430625,
2024-04-07 05:09:29.725000+00:00,9496.0,0.0,0.0,0.0,1.0,0.0,0.0,1.0,1232.0,3689.0,-3380.0,766.0,2,0.06972406503420077,-0.0025952226013430625,
2024-04-07 05:09:29.925000+00:00,9496.0,0.0,0.0,0.0,1.0,0.0,0.0,1.0,1232.0,3689.0,-3380.0,766.0,2,0.06972406503420077,-0.0025952226013430625,
2024-04-07 05:09:30.085000+00:00,9496.0,0.0,0.0,0.0,1.0,0.0,0.0,1.0,1232.0,3689.0,-3380.0,766.0,2,0.06972406503420077,-0.0025952226013430625,
2024-04-07 05:09:30.285000+00:00,9496.0,0.0,0.0,0.0,1.0,0.0,0.0,1.0,1232.0,3689.0,-3380.0,766.0,2,0.06972406503420077,-0.0025952226013430625,
2024-04-07 05:09:30.485000+00:00,9496.0,0.0,0.0,0.0,1.0,0.0,0.0,1.0,1232.0,3689.0,-3380.0,766.0,2,0.06972406503420077,-0.0025952226013430625,
2024-04-07 05:09:30.685000+00:00,9496.0,0.0,0.0,0.0,1.0,0.0,0.0,1.0,1232.0,3689.0,-3380.0,766.0,2,0.06972406503420077,-0.0025952226013430625,
2024-04-07 05:09:31.084000+00:00,9496.0,0.0,0.0,0.0,1.0,0.0,0.0,1.0,1232.0,3689.0,-3380.0,766.0,2,0.06972406503420077,-0.0025952226013430625,
2024-04-07 05:09:31.244000+00:00,9496.0,0.0,0.0,0.0,1.0,0.0,0.0,1.0,1232.0,3689.0,-3380.0,766.0,2,0.06972406503420077,-0.0025952226013430625,
2024-04-07 05:09:31.564000+00:00,9496.0,0.0,0.0,0.0,1.0,0.0,0.0,1.0,1232.0,3689.0,-3380.0,766.0,2,0.06972406503420077,-0.0025952226013430625,
2024-04-07 05:09:31.764000+00:00,9496.0,0.0,0.0,0.0,1.0,0.0,0.0,1.0,1232.0,3689.0,-3380.0,766.0,2,0.06972406503420077,-0.0025952226013430625,
2024-04-07 05:09:32.204000+00:00,9496.0,0.0,0.0,0.0,1.0,0.0,0.0,1.0,1232.0,3689.0,-3380.0,766.0,2,0.06972406503420077,-0.0025952226013430625,
2024-04-07 05:09:32.364000+00:00,9496.0,0.0,0.0,0.0,1.0,0.0,0.0,1.0,1232.0,3689.0,-3380.0,766.0,2,0.06972406503420077,-0.0025952226013430625,
2024-04-07 05:09:32.804000+00:00,9496.0,0.0,0.0,0.0,1.0,0.0,0.0,1.0,1232.0,3689.0,-3380.0,766.0,2,0.06972406503420077,-0.0025952226013430625,
2024-04-07 05:09:32.964000+00:00,9496.0,0.0,0.0,0.0,1.0,0.0,0.0,1.0,1232.0,3689.0,-3380.0,766.0,2,0.06972406503420077,-0.0025952226013430625,
2024-04-07 05:09:33.324000+00:00,9496.0,0.0,0.0,0.0,1.0,0.0,0.0,1.0,1232.0,3689.0,-3380.0,766.0,2,0.06972406503420077,-0.0025952226013430625,
2024-04-07 05:09:33.604000+00:00,9496.0,0.0,0.0,0.0,1.0,0.0,0.0,1.0,1232.0,3689.0,-3380.0,766.0,2,0.06972406503420077,-0.0025952226013430625,
2024-04-07 05:09:33.764000+00:00,9496.0,0.0,0.0,0.0,1.0,0.0,0.0,1.0,1232.0,3689.0,-3380.0,766.0,2,0.06972406503420077,-0.0025952226013430625,
2024-04-07 05:09:34.004000+00:00,9496.0,0.0,0.0,0.0,1.0,0.0,0.0,1.0,1232.0,3689.0,-3380.0,766.0,2,0.06972406503420077,-0.0025952226013430625,
2024-04-07 05:09:34.164000+00:00,9496.0,0.0,0.0,0.0,1.0,0.0,0.0,1.0,1232.0,3689.0,-3380.0,766.0,2,0.06972406503420077,-0.0025952226013430625,
2024-04-07 05:09:34.324000+00:00,9496.0,0.0,0.0,0.0,1.0,0.0,0.0,1.0,1232.0,3689.0,-3380.0,766.0,2,0.06972406503420077,-0.0025952226013430625,
2024-04-07 05:09:34.564000+00:00,9496.0,0.0,0.0,0.0,1.0,0.0,0.0,1.0,1232.0,3689.0,-3380.0,766.0,2,0.06972406503420077,-0.0025952226013430625,
2024-04-07 05:09:34.844000+00:00,9496.0,0.0,0.0,0.0,1.0,0.0,0.0,1.0,1232.0,3689.0,-3380.0,766.0,2,0.06972406503420077,-0.0025952226013430625,
2024-04-07 05:09:35.204000+00:00,9496.0,0.0,0.0,0.0,1.0,0.0,0.0,1.0,1232.0,3689.0,-3380.0,766.0,2,0.06972406503420077,-0.0025952226013430625,
2024-04-07 05:09:35.524000+00:00,9496.0,0.0,0.0,0.0,1.0,0.0,0.0,1.0,1232.0,3689.0,-3380.0,766.0,2,0.06972406503420077,-0.0025952226013430625,
2024-04-07 05:09:35.845000+00:00,9496.0,0.0,0.0,0.0,1.0,0.0,0.0,1.0,1232.0,3689.0,-3380.0,766.0,2,0.06972406503420077,-0.0025952226013430625,
2024-04-07 05:09:36.085000+00:00,9496.0,0.0,0.0,0.0,1.0,0.0,0.0,1.0,1232.0,3689.0,-3380.0,766.0,2,0.06972406503420077,-0.0025952226013430625,
2024-04-07 05:09:36.245000+00:00,9496.0,0.0,0.0,0.0,1.0,0.0,0.0,1.0,1232.0,3689.0,-3380.0,766.0,2,0.06972406503420077,-0.0025952226013430625,
2024-04-07 05:09:36.405000+00:00,9496.0,0.0,0.0,0.0,1.0,0.0,0.0,1.0,1232.0,3689.0,-3380.0,766.0,2,0.06972406503420077,-0.0025952226013430625,
2024-04-07 05:09:36.645000+00:00,9496.0,0.0,0.0,0.0,1.0,0.0,0.0,1.0,1232.0,3689.0,-3380.0,766.0,2,0.06972406503420077,-0.0025952226013430625,
2024-04-07 05:09:36.965000+00:00,9496.0,0.0,0.0,0.0,1.0,0.0,0.0,1.0,1232.0,3689.0,-3380.0,766.0,2,0.06972406503420077,-0.0025952226013430625,
2024-04-07 05:09:37.245000+00:00,9496.0,0.0,0.0,0.0,1.0,0.0,0.0,1.0,1232.0,3689.0,-3380.0,766.0,2,0.06972406503420077,-0.0025952226013430625,
2024-04-07 05:09:37.485000+00:00,9496.0,0.0,0.0,0.0,1.0,0.0,0.0,1.0,1232.0,3689.0,-3380.0,766.0,2,0.06972406503420077,-0.0025952226013430625,
2024-04-07 05:09:37.644000+00:00,9496.0,0.0,0.0,0.0,1.0,0.0,0.0,1.0,1232.0,3689.0,-3380.0,766.0,2,0.06972406503420077,-0.0025952226013430625,
2024-04-07 05:09:37.924000+00:00,9496.0,0.0,0.0,0.0,1.0,0.0,0.0,1.0,1232.0,3689.0,-3380.0,766.0,2,0.06972406503420077,-0.0025952226013430625,
2024-04-07 05:09:38.324000+00:00,9496.0,0.0,0.0,0.0,1.0,0.0,0.0,1.0,1232.0,3689.0,-3380.0,766.0,2,0.06972406503420077,-0.0025952226013430625,
2024-04-07 05:09:38.484000+00:00,9496.0,0.0,0.0,0.0,1.0,0.0,0.0,1.0,1232.0,3689.0,-3380.0,766.0,2,0.06972406503420077,-0.0025952226013430625,
2024-04-07 05:09:38.724000+00:00,9496.0,0.0,0.0,0.0,1.0,0.0,0.0,1.0,1232.0,3689.0,-3380.0,766.0,2,0.06972406503420077,-0.0025952226013430625,
2024-04-07 05:09:39.004000+00:00,9496.0,0.0,0.0,0.0,1.0,0.0,0.0,1.0,1232.0,3689.0,-3380.0,766.0,2,0.06972406503420077,-0.0025952226013430625,
2024-04-07 05:09:39.324000+00:00,9496.0,0.0,0.0,0.0,1.0,0.0,0.0,1.0,1232.0,3689.0,-3380.0,766.0,2,0.06972406503420077,-0.0025952226013430625,
2024-04-07 05:09:39.524000+00:00,9496.0,0.0,0.0,0.0,1.0,0.0,0.0,1.0,1232.0,3689.0,-3380.0,766.0,2,0.06972406503420077,-0.0025952226013430625,
2024-04-07 05:09:39.724000+00:00,9496.0,0.0,0.0,0.0,1.0,0.0,0.0,1.0,1232.0,3690.0,-3380.0,766.0,2,0.06972406503420077,-0.0025952226013430625,
2024-04-07 05:09:40.044000+00:00,9496.0,0.0,0.0,0.0,1.0,0.0,0.0,1.0,1232.0,3690.0,-3380.0,766.0,2,0.06972406503420077,-0.0025952226013430625,
2024-04-07 05:09:40.364000+00:00,9496.0,0.0,0.0,0.0,1.0,0.0,0.0,1.0,1232.0,3690.0,-3380.0,766.0,2,0.06972406503420077,-0.0025952226013430625,
2024-04-07 05:09:40.524000+00:00,9496.0,0.0,0.0,0.0,1.0,0.0,0.0,1.0,1232.0,3690.0,-3380.0,766.0,2,0.06972406503420077,-0.0025952226013430625,
2024-04-07 05:09:40.724000+00:00,9496.0,0.0,0.0,0.0,1.0,0.0,0.0,1.0,1232.0,3690.0,-3380.0,766.0,2,0.06972406503420077,-0.0025952226013430625,
2024-04-07 05:09:40.924000+00:00,9496.0,0.0,0.0,0.0,1.0,0.0,0.0,1.0,1232.0,3690.0,-3380.0,766.0,2,0.06972406503420077,-0.0025952226013430625,
2024-04-07 05:09:41.084000+00:00,9496.0,0.0,0.0,0.0,1.0,0.0,0.0,1.0,1232.0,3690.0,-3380.0,766.0,2,0.06972406503420077,-0.0025952226013430625,
2024-04-07 05:09:41.284000+00:00,9496.0,0.0,0.0,0.0,1.0,0.0,0.0,1.0,1232.0,3690.0,-3380.0,766.0,2,0.06972406503420077,-0.0025952226013430625,
2024-04-07 05:09:41.604000+00:00,9496.0,0.0,0.0,0.0,1.0,0.0,0.0,1.0,1232.0,3690.0,-3380.0,766.0,2,0.06972406503420077,-0.0025952226013430625,
2024-04-07 05:09:41.964000+00:00,9496.0,0.0,0.0,0.0,1.0,0.0,0.0,1.0,1232.0,3690.0,-3380.0,766.0,2,0.06972406503420077,-0.0025952226013430625,
2024-04-07 05:09:42.204000+00:00,9496.0,0.0,0.0,0.0,1.0,0.0,0.0,1.0,1232.0,3690.0,-3380.0,766.0,2,0.06972406503420077,-0.0025952226013430625,
2024-04-07 05:09:43.165000+00:00,9496.0,0.0,0.0,0.0,1.0,0.0,0.0,1.0,1232.0,3690.0,-3380.0,766.0,2,0.06972406503420077,-0.0025952226013430625,
2024-04-07 05:09:43.445000+00:00,9496.0,0.0,0.0,0.0,1.0,0.0,0.0,1.0,1232.0,3690.0,-3380.0,766.0,2,0.06972406503420077,-0.0025952226013430625,
2024-04-07 05:09:43.685000+00:00,9496.0,0.0,0.0,0.0,1.0,0.0,0.0,1.0,1232.0,3690.0,-3380.0,766.0,2,0.06972406503420077,-0.0025952226013430625,
2024-04-07 05:09:43.965000+00:00,9496.0,0.0,0.0,0.0,1.0,0.0,0.0,1.0,1232.0,3690.0,-3380.0,766.0,2,0.06972406503420077,-0.0025952226013430625,
2024-04-07 05:09:44.125000+00:00,9496.0,0.0,0.0,0.0,1.0,0.0,0.0,1.0,1232.0,3690.0,-3380.0,766.0,2,0.06972406503420077,-0.0025952226013430625,
2024-04-07 05:09:44.364000+00:00,9496.0,0.0,0.0,0.0,1.0,0.0,0.0,1.0,1232.0,3690.0,-3380.0,766.0,2,0.06972406503420077,-0.0025952226013430625,
2024-04-07 05:09:44.604000+00:00,9496.0,0.0,0.0,0.0,1.0,0.0,0.0,1.0,1232.0,3690.0,-3380.0,766.0,2,0.06972406503420077,-0.0025952226013430625,
2024-04-07 05:09:44.964000+00:00,9496.0,0.0,0.0,0.0,1.0,0.0,0.0,1.0,1232.0,3690.0,-3380.0,766.0,2,0.06972406503420077,-0.0025952226013430625,
2024-04-07 05:09:45.124000+00:00,9496.0,0.0,0.0,0.0,1.0,0.0,0.0,1.0,1232.0,3690.0,-3380.0,766.0,2,0.06972406503420077,-0.0025952226013430625,
2024-04-07 05:09:45.564000+00:00,9496.0,0.0,0.0,0.0,1.0,0.0,0.0,1.0,1232.0,3690.0,-3380.0,766.0,2,0.06972406503420077,-0.0025952226013430625,
2024-04-07 05:09:45.724000+00:00,9496.0,0.0,0.0,0.0,1.0,0.0,0.0,1.0,1232.0,3690.0,-3380.0,766.0,2,0.06972406503420077,-0.0025952226013430625,
2024-04-07 05:09:45.924000+00:00,9496.0,0.0,0.0,0.0,1.0,0.0,0.0,1.0,1232.0,3690.0,-3380.0,766.0,2,0.06972406503420077,-0.0025952226013430625,
2024-04-07 05:09:46.164000+00:00,9496.0,0.0,0.0,0.0,3.0,0.0,0.0,1.0,1232.0,3690.0,-3380.0,766.0,2,0.06972406503420077,-0.0025952226013430625,
2024-04-07 05:09:46.364000+00:00,9496.0,0.0,0.0,0.0,3.0,0.0,0.0,1.0,1232.0,3690.0,-3380.0,766.0,2,0.06972406503420077,-0.0025952226013430625,
2024-04-07 05:09:46.564000+00:00,9496.0,0.0,0.0,0.0,3.0,0.0,0.0,1.0,1232.0,3690.0,-3380.0,766.0,2,0.06972406503420077,-0.0025952226013430625,
2024-04-07 05:09:46.764000+00:00,9496.0,0.0,0.0,0.0,3.0,0.0,0.0,1.0,1232.0,3690.0,-3380.0,766.0,2,0.06972406503420077,-0.0025952226013430625,
2024-04-07 05:09:46.924000+00:00,9496.0,0.0,0.0,0.0,3.0,0.0,0.0,1.0,1232.0,3690.0,-3380.0,766.0,2,0.06972406503420077,-0.0025952226013430625,
2024-04-07 05:09:47.164000+00:00,9496.0,0.0,0.0,0.0,3.0,0.0,0.0,1.0,1232.0,3690.0,-3380.0,766.0,2,0.06972406503420077,-0.0025952226013430625,
2024-04-07 05:09:47.404000+00:00,9496.0,0.0,0.0,0.0,3.0,0.0,0.0,1.0,1232.0,3690.0,-3380.0,766.0,2,0.06972406503420077,-0.0025952226013430625,
2024-04-07 05:09:47.684000+00:00,9496.0,0.0,0.0,0.0,1.0,0.0,0.0,1.0,1232.0,3690.0,-3380.0,766.0,2,0.06972406503420077,-0.0025952226013430625,
2024-04-07 05:09:47.924000+00:00,9496.0,0.0,0.0,0.0,1.0,0.0,0.0,1.0,1232.0,3690.0,-3380.0,766.0,2,0.06972406503420077,-0.0025952226013430625,
2024-04-07 05:09:48.124000+00:00,9496.0,0.0,0.0,0.0,1.0,0.0,0.0,1.0,1232.0,3690.0,-3380.0,766.0,2,0.06972406503420077,-0.0025952226013430625,
2024-04-07 05:09:48.284000+00:00,9496.0,0.0,0.0,0.0,1.0,0.0,0.0,1.0,1232.0,3690.0,-3380.0,766.0,2,0.06972406503420077,-0.0025952226013430625,
2024-04-07 05:09:48.604000+00:00,9496.0,0.0,0.0,0.0,1.0,0.0,0.0,1.0,1232.0,3690.0,-3380.0,766.0,2,0.06972406503420077,-0.0025952226013430625,
2024-04-07 05:09:48.764000+00:00,9496.0,0.0,0.0,0.0,1.0,0.0,0.0,1.0,1232.0,3690.0,-3380.0,766.0,2,0.06972406503420077,-0.0025952226013430625,
2024-04-07 05:09:49.045000+00:00,9496.0,0.0,0.0,0.0,1.0,0.0,0.0,1.0,1232.0,3690.0,-3380.0,766.0,2,0.06972406503420077,-0.0025952226013430625,
2024-04-07 05:09:49.245000+00:00,9496.0,1120.0,0.0,0.0,1.0,0.0,0.0,1.0,1232.0,3690.0,-3380.0,766.0,2,0.06972406503420077,-0.0025952226013430625,
2024-04-07 05:09:49.445000+00:00,9496.0,2503.0,0.0,0.0,1.0,0.0,0.0,1.0,1232.0,3690.0,-3380.0,766.0,2,0.06972406503420077,-0.0025952226013430625,
2024-04-07 05:09:49.685000+00:00,9496.0,2536.0,0.0,0.0,1.0,0.0,0.0,1.0,1232.0,3690.0,-3380.0,766.0,2,0.06972406503420077,-0.0025952226013430625,
2024-04-07 05:09:49.925000+00:00,9496.0,2672.0,0.0,0.0,1.0,0.0,0.0,1.0,1232.0,3690.0,-3380.0,766.0,2,0.06972406503420077,-0.0025952226013430625,
2024-04-07 05:09:50.165000+00:00,9496.0,2644.0,0.0,0.0,1.0,0.0,0.0,1.0,1232.0,3690.0,-3380.0,766.0,2,0.06972406503420077,-0.0025952226013430625,
2024-04-07 05:09:50.325000+00:00,9496.0,2521.0,0.0,0.0,1.0,0.0,0.0,1.0,1232.0,3690.0,-3380.0,766.0,2,0.06972406503420077,-0.0025952226013430625,
2024-04-07 05:09:50.565000+00:00,9496.0,2668.0,0.0,0.0,1.0,0.0,0.0,1.0,1232.0,3690.0,-3380.0,766.0,2,0.06972406503420077,-0.0025952226013430625,
2024-04-07 05:09:51.005000+00:00,9496.0,2585.0,0.0,0.0,1.0,0.0,0.0,1.0,1232.0,3690.0,-3380.0,766.0,2,0.06972406503420077,-0.0025952226013430625,
2024-04-07 05:09:51.164000+00:00,9496.0,2585.0,0.0,0.0,1.0,0.0,0.0,1.0,1232.0,3690.0,-3380.0,766.0,2,0.06972406503420077,-0.0025952226013430625,
2024-04-07 05:09:51.364000+00:00,9496.0,2752.0,0.0,0.0,1.0,0.0,0.0,1.0,1232.0,3690.0,-3380.0,766.0,2,0.06972406503420077,-0.0025952226013430625,
2024-04-07 05:09:51.604000+00:00,9496.0,2613.0,0.0,0.0,1.0,0.0,0.0,1.0,1232.0,3690.0,-3380.0,766.0,2,0.06972406503420077,-0.0025952226013430625,
2024-04-07 05:09:52.044000+00:00,9496.0,2615.0,0.0,0.0,1.0,0.0,0.0,1.0,1232.0,3690.0,-3380.0,766.0,2,0.06972406503420077,-0.0025952226013430625,
2024-04-07 05:09:52.364000+00:00,9496.0,2776.0,0.0,0.0,1.0,0.0,0.0,1.0,1232.0,3690.0,-3380.0,766.0,2,0.06972406503420077,-0.0025952226013430625,
2024-04-07 05:09:52.564000+00:00,9496.0,2626.0,0.0,0.0,1.0,0.0,0.0,1.0,1232.0,3690.0,-3380.0,766.0,2,0.06972406503420077,-0.0025952226013430625,
2024-04-07 05:09:53.084000+00:00,9496.0,2730.0,0.0,0.0,1.0,0.0,0.0,1.0,1232.0,3690.0,-3380.0,766.0,2,0.06972406503420077,-0.0025952226013430625,
2024-04-07 05:09:53.404000+00:00,9496.0,3928.0,0.0,0.0,1.0,0.0,0.0,1.0,1232.0,3690.0,-3380.0,766.0,2,0.06972406503420077,-0.0025952226013430625,
2024-04-07 05:09:53.604000+00:00,9496.0,3992.0,0.0,0.0,1.0,0.0,0.0,1.0,1232.0,3690.0,-3380.0,766.0,2,0.06972406503420077,-0.0025952226013430625,
2024-04-07 05:09:53.964000+00:00,9496.0,4038.0,0.0,0.0,1.0,0.0,0.0,1.0,1232.0,3690.0,-3380.0,766.0,2,0.06972406503420077,-0.0025952226013430625,
2024-04-07 05:09:54.284000+00:00,9496.0,4000.0,0.0,0.0,1.0,0.0,0.0,1.0,1232.0,3690.0,-3380.0,766.0,2,0.06972406503420077,-0.0025952226013430625,
2024-04-07 05:09:54.444000+00:00,9496.0,3942.0,0.0,0.0,1.0,0.0,0.0,1.0,1232.0,3690.0,-3380.0,766.0,2,0.06972406503420077,-0.0025952226013430625,
2024-04-07 05:09:54.684000+00:00,9496.0,3931.0,0.0,0.0,1.0,0.0,0.0,1.0,1232.0,3690.0,-3380.0,766.0,2,0.06972406503420077,-0.0025952226013430625,
2024-04-07 05:09:55.004000+00:00,9496.0,3727.0,0.0,0.0,1.0,0.0,0.0,1.0,1232.0,3690.0,-3380.0,766.0,2,0.06972406503420077,-0.0025952226013430625,
2024-04-07 05:09:55.284000+00:00,9496.0,3746.0,0.0,0.0,1.0,0.0,0.0,1.0,1232.0,3690.0,-3380.0,766.0,2,0.06972406503420077,-0.0025952226013430625,
2024-04-07 05:09:55.525000+00:00,9496.0,3639.0,0.0,0.0,1.0,0.0,0.0,1.0,1232.0,3690.0,-3380.0,766.0,2,0.06972406503420077,-0.0025952226013430625,
2024-04-07 05:09:55.845000+00:00,9496.0,3652.0,0.0,0.0,1.0,0.0,0.0,1.0,1232.0,3690.0,-3380.0,766.0,2,0.06972406503420077,-0.0025952226013430625,
2024-04-07 05:09:56.125000+00:00,9496.0,3603.0,0.0,0.0,1.0,0.0,0.0,1.0,1232.0,3690.0,-3380.0,766.0,2,0.06972406503420077,-0.0025952226013430625,
2024-04-07 05:09:56.485000+00:00,9496.0,3614.0,0.0,0.0,1.0,0.0,0.0,1.0,1232.0,3690.0,-3380.0,766.0,2,0.06972406503420077,-0.0025952226013430625,
2024-04-07 05:09:56.765000+00:00,9496.0,3486.0,0.0,0.0,1.0,0.0,0.0,1.0,1232.0,3690.0,-3380.0,766.0,2,0.06972406503420077,-0.0025952226013430625,
2024-04-07 05:09:56.965000+00:00,9496.0,3329.0,0.0,0.0,1.0,0.0,0.0,1.0,1232.0,3690.0,-3380.0,766.0,2,0.06972406503420077,-0.0025952226013430625,
2024-04-07 05:09:57.165000+00:00,9496.0,3428.0,0.0,0.0,1.0,0.0,0.0,1.0,1232.0,3690.0,-3380.0,766.0,2,0.06972406503420077,-0.0025952226013430625,
2024-04-07 05:09:57.485000+00:00,9496.0,3325.0,0.0,0.0,1.0,0.0,0.0,1.0,1232.0,3690.0,-3380.0,766.0,2,0.06972406503420077,-0.0025952226013430625,
2024-04-07 05:09:57.964000+00:00,9496.0,3391.0,0.0,0.0,1.0,0.0,0.0,1.0,1232.0,3690.0,-3380.0,766.0,2,0.06972406503420077,-0.0025952226013430625,
2024-04-07 05:09:58.164000+00:00,9496.0,3381.0,0.0,0.0,1.0,0.0,0.0,1.0,1232.0,3690.0,-3380.0,766.0,2,0.06972406503420077,-0.0025952226013430625,
2024-04-07 05:09:58.364000+00:00,9496.0,3340.0,0.0,0.0,1.0,0.0,0.0,1.0,1232.0,3690.0,-3380.0,766.0,2,0.06972406503420077,-0.0025952226013430625,
2024-04-07 05:09:58.524000+00:00,9496.0,3423.0,0.0,0.0,1.0,0.0,0.0,1.0,1232.0,3690.0,-3380.0,766.0,2,0.06972406503420077,-0.0025952226013430625,
2024-04-07 05:09:58.684000+00:00,9496.0,3370.0,0.0,0.0,1.0,0.0,0.0,1.0,1232.0,3690.0,-3380.0,766.0,2,0.06972406503420077,-0.0025952226013430625,
2024-04-07 05:09:58.884000+00:00,9496.0,3414.0,0.0,0.0,1.0,0.0,0.0,1.0,1232.0,3690.0,-3380.0,766.0,2,0.06972406503420077,-0.0025952226013430625,
2024-04-07 05:09:59.044000+00:00,9496.0,3343.0,0.0,0.0,1.0,0.0,0.0,1.0,1232.0,3690.0,-3380.0,766.0,2,0.06972406503420077,-0.0025952226013430625,
2024-04-07 05:09:59.404000+00:00,9496.0,3472.0,0.0,0.0,1.0,0.0,0.0,1.0,1232.0,3690.0,-3380.0,766.0,2,0.06972406503420077,-0.0025952226013430625,
2024-04-07 05:09:59.804000+00:00,9496.0,3677.0,0.0,0.0,1.0,0.0,0.0,1.0,1232.0,3690.0,-3380.0,766.0,2,0.06972406503420077,-0.0025952226013430625,
2024-04-07 05:09:59.964000+00:00,9496.0,3609.0,0.0,0.0,1.0,0.0,0.0,1.0,1232.0,3690.0,-3380.0,766.0,2,0.06972406503420077,-0.0025952226013430625,
2024-04-07 05:10:00.204000+00:00,9496.0,3648.0,0.0,0.0,1.0,0.0,0.0,1.0,1232.0,3690.0,-3380.0,766.0,2,0.06972406503420077,-0.0025952226013430625,
2024-04-07 05:10:00.364000+00:00,9496.0,3618.0,0.0,0.0,1.0,0.0,0.0,1.0,1232.0,3690.0,-3380.0,766.0,2,0.06972406503420077,-0.0025952226013430625,
2024-04-07 05:10:00.524000+00:00,9496.0,3617.0,0.0,0.0,1.0,0.0,0.0,1.0,1232.0,3690.0,-3380.0,766.0,2,0.06972406503420077,-0.0025952226013430625,
2024-04-07 05:10:00.724000+00:00,9496.0,3538.0,0.0,0.0,1.0,0.0,0.0,1.0,1232.0,3690.0,-3380.0,766.0,2,0.06972406503420077,-0.0025952226013430625,
2024-04-07 05:10:00.924000+00:00,9496.0,3502.0,0.0,0.0,1.0,0.0,0.0,1.0,1232.0,3690.0,-3380.0,766.0,2,0.06972406503420077,-0.0025952226013430625,
2024-04-07 05:10:01.284000+00:00,9496.0,3532.0,0.0,0.0,1.0,0.0,0.0,1.0,1232.0,3690.0,-3380.0,766.0,2,0.06972406503420077,-0.0025952226013430625,
2024-04-07 05:10:01.644000+00:00,9496.0,3608.0,0.0,0.0,1.0,0.0,0.0,1.0,1232.0,3690.0,-3380.0,766.0,2,0.06972406503420077,-0.0025952226013430625,
2024-04-07 05:10:01.884000+00:00,9496.0,2879.0,0.0,0.0,1.0,0.0,0.0,1.0,1232.0,3690.0,-3380.0,766.0,2,0.06972406503420077,-0.0025952226013430625,
2024-04-07 05:10:02.165000+00:00,9496.0,1610.0,0.0,0.0,1.0,0.0,0.0,1.0,1232.0,3690.0,-3380.0,766.0,2,0.06972406503420077,-0.0025952226013430625,
2024-04-07 05:10:02.405000+00:00,9496.0,0.0,0.0,0.0,1.0,0.0,0.0,1.0,1232.0,3690.0,-3380.0,766.0,2,0.06972406503420077,-0.0025952226013430625,
2024-04-07 05:10:02.605000+00:00,9496.0,0.0,0.0,0.0,1.0,0.0,0.0,1.0,1232.0,3690.0,-3380.0,766.0,2,0.06972406503420077,-0.0025952226013430625,
2024-04-07 05:10:02.845000+00:00,9496.0,0.0,0.0,0.0,1.0,0.0,0.0,1.0,1232.0,3690.0,-3380.0,766.0,2,0.06972406503420077,-0.0025952226013430625,
2024-04-07 05:10:03.125000+00:00,9496.0,0.0,0.0,0.0,1.0,0.0,0.0,1.0,1232.0,3690.0,-3380.0,766.0,2,0.06972406503420077,-0.0025952226013430625,
2024-04-07 05:10:03.285000+00:00,9496.0,0.0,0.0,0.0,1.0,0.0,0.0,1.0,1232.0,3690.0,-3380.0,766.0,2,0.06972406503420077,-0.0025952226013430625,
2024-04-07 05:10:03.485000+00:00,9496.0,0.0,0.0,0.0,1.0,0.0,0.0,1.0,1232.0,3690.0,-3380.0,766.0,2,0.06972406503420077,-0.0025952226013430625,
2024-04-07 05:10:03.685000+00:00,9496.0,0.0,0.0,0.0,1.0,0.0,0.0,1.0,1232.0,3690.0,-3380.0,766.0,2,0.06972406503420077,-0.0025952226013430625,
2024-04-07 05:10:04.125000+00:00,9496.0,0.0,0.0,0.0,1.0,0.0,0.0,1.0,1232.0,3690.0,-3380.0,766.0,2,0.06972406503420077,-0.0025952226013430625,
2024-04-07 05:10:04.325000+00:00,9496.0,0.0,0.0,0.0,1.0,0.0,0.0,1.0,1232.0,3690.0,-3380.0,766.0,2,0.06972406503420077,-0.0025952226013430625,
2024-04-07 05:10:04.524000+00:00,9496.0,0.0,0.0,0.0,1.0,0.0,0.0,1.0,1232.0,3690.0,-3380.0,766.0,2,0.06972406503420077,-0.0025952226013430625,
2024-04-07 05:10:04.884000+00:00,9496.0,0.0,0.0,0.0,1.0,0.0,0.0,1.0,1232.0,3690.0,-3380.0,766.0,2,0.06972406503420077,-0.0025952226013430625,
2024-04-07 05:10:05.324000+00:00,9496.0,0.0,0.0,0.0,1.0,0.0,0.0,1.0,1232.0,3690.0,-3380.0,766.0,2,0.06972406503420077,-0.0025952226013430625,
2024-04-07 05:10:05.484000+00:00,9496.0,0.0,0.0,0.0,1.0,0.0,0.0,1.0,1232.0,3690.0,-3380.0,766.0,2,0.06972406503420077,-0.0025952226013430625,
2024-04-07 05:10:05.684000+00:00,9496.0,0.0,0.0,0.0,1.0,0.0,0.0,1.0,1232.0,3690.0,-3380.0,766.0,2,0.06972406503420077,-0.0025952226013430625,
2024-04-07 05:10:05.884000+00:00,9496.0,0.0,0.0,0.0,1.0,0.0,0.0,1.0,1232.0,3690.0,-3380.0,766.0,2,0.06972406503420077,-0.0025952226013430625,
2024-04-07 05:10:06.084000+00:00,9496.0,0.0,0.0,0.0,1.0,0.0,0.0,1.0,1232.0,3690.0,-3380.0,766.0,2,0.06972406503420077,-0.0025952226013430625,
2024-04-07 05:10:06.364000+00:00,9496.0,0.0,0.0,0.0,1.0,0.0,0.0,1.0,1232.0,3690.0,-3380.0,766.0,2,0.06972406503420077,-0.0025952226013430625,
2024-04-07 05:10:06.524000+00:00,9496.0,0.0,0.0,0.0,1.0,0.0,0.0,1.0,1232.0,3690.0,-3380.0,766.0,2,0.06972406503420077,-0.0025952226013430625,
2024-04-07 05:10:06.804000+00:00,9496.0,0.0,0.0,0.0,1.0,0.0,0.0,1.0,1232.0,3690.0,-3380.0,766.0,2,0.06972406503420077,-0.0025952226013430625,
2024-04-07 05:10:07.004000+00:00,9496.0,0.0,0.0,0.0,1.0,0.0,0.0,1.0,1232.0,3690.0,-3380.0,766.0,2,0.06972406503420077,-0.0025952226013430625,
2024-04-07 05:10:07.404000+00:00,9496.0,0.0,0.0,0.0,1.0,0.0,0.0,1.0,1232.0,3690.0,-3380.0,766.0,2,0.06972406503420077,-0.0025952226013430625,
2024-04-07 05:10:07.644000+00:00,9496.0,0.0,0.0,0.0,1.0,0.0,0.0,1.0,1232.0,3690.0,-3380.0,766.0,2,0.06972406503420077,-0.0025952226013430625,
2024-04-07 05:10:07.844000+00:00,9496.0,0.0,0.0,0.0,1.0,0.0,0.0,1.0,1232.0,3690.0,-3380.0,766.0,2,0.06972406503420077,-0.0025952226013430625,
2024-04-07 05:10:08.044000+00:00,9496.0,0.0,0.0,0.0,1.0,0.0,0.0,1.0,1232.0,3690.0,-3380.0,766.0,2,0.06972406503420077,-0.0025952226013430625,
2024-04-07 05:10:08.324000+00:00,9496.0,0.0,0.0,0.0,1.0,0.0,0.0,1.0,1232.0,3690.0,-3380.0,766.0,2,0.06972406503420077,-0.0025952226013430625,
2024-04-07 05:10:08.604000+00:00,9496.0,0.0,0.0,0.0,1.0,0.0,0.0,1.0,1232.0,3690.0,-3380.0,766.0,2,0.06972406503420077,-0.0025952226013430625,
2024-04-07 05:10:08.965000+00:00,9496.0,0.0,0.0,0.0,1.0,0.0,0.0,1.0,1232.0,3690.0,-3380.0,766.0,2,0.06972406503420077,-0.0025952226013430625,
2024-04-07 05:10:09.205000+00:00,9496.0,0.0,0.0,0.0,1.0,0.0,0.0,1.0,1232.0,3690.0,-3380.0,766.0,2,0.06972406503420077,-0.0025952226013430625,
2024-04-07 05:10:09.365000+00:00,9496.0,0.0,0.0,0.0,1.0,0.0,0.0,1.0,1232.0,3690.0,-3380.0,766.0,2,0.06972406503420077,-0.0025952226013430625,
2024-04-07 05:10:09.685000+00:00,9496.0,0.0,0.0,0.0,1.0,0.0,0.0,1.0,1232.0,3690.0,-3380.0,766.0,2,0.06972406503420077,-0.0025952226013430625,
2024-04-07 05:10:09.885000+00:00,9496.0,0.0,0.0,0.0,1.0,0.0,0.0,1.0,1232.0,3690.0,-3380.0,766.0,2,0.06972406503420077,-0.0025952226013430625,
2024-04-07 05:10:10.085000+00:00,9496.0,0.0,0.0,0.0,1.0,0.0,0.0,1.0,1232.0,3690.0,-3380.0,766.0,2,0.06972406503420077,-0.0025952226013430625,
2024-04-07 05:10:10.245000+00:00,9496.0,0.0,0.0,0.0,1.0,0.0,0.0,1.0,1232.0,3690.0,-3380.0,766.0,2,0.06972406503420077,-0.0025952226013430625,
2024-04-07 05:10:10.485000+00:00,9496.0,0.0,0.0,0.0,1.0,0.0,0.0,1.0,1232.0,3690.0,-3380.0,766.0,2,0.06972406503420077,-0.0025952226013430625,
2024-04-07 05:10:10.685000+00:00,9496.0,0.0,0.0,0.0,1.0,0.0,0.0,1.0,1232.0,3690.0,-3380.0,766.0,2,0.06972406503420077,-0.0025952226013430625,
2024-04-07 05:10:10.925000+00:00,9496.0,0.0,0.0,0.0,1.0,0.0,0.0,1.0,1232.0,3690.0,-3380.0,766.0,2,0.06972406503420077,-0.0025952226013430625,
2024-04-07 05:10:11.125000+00:00,9496.0,0.0,0.0,0.0,1.0,0.0,0.0,1.0,1232.0,3690.0,-3380.0,766.0,2,0.06972406503420077,-0.0025952226013430625,
2024-04-07 05:10:11.364000+00:00,9496.0,0.0,0.0,0.0,1.0,0.0,0.0,1.0,1232.0,3690.0,-3380.0,766.0,2,0.06972406503420077,-0.0025952226013430625,
2024-04-07 05:10:11.724000+00:00,9496.0,0.0,0.0,0.0,1.0,0.0,0.0,1.0,1232.0,3690.0,-3380.0,766.0,2,0.06972406503420077,-0.0025952226013430625,
2024-04-07 05:10:11.924000+00:00,9496.0,0.0,0.0,0.0,1.0,0.0,0.0,1.0,1232.0,3690.0,-3380.0,766.0,2,0.06972406503420077,-0.0025952226013430625,
2024-04-07 05:10:12.164000+00:00,9496.0,0.0,0.0,0.0,1.0,0.0,0.0,1.0,1232.0,3690.0,-3380.0,766.0,2,0.06972406503420077,-0.0025952226013430625,
2024-04-07 05:10:12.444000+00:00,9496.0,0.0,0.0,0.0,1.0,0.0,0.0,1.0,1232.0,3690.0,-3380.0,766.0,2,0.06972406503420077,-0.0025952226013430625,
2024-04-07 05:10:12.644000+00:00,9496.0,0.0,0.0,0.0,1.0,0.0,0.0,1.0,1232.0,3690.0,-3380.0,766.0,2,0.06972406503420077,-0.0025952226013430625,
2024-04-07 05:10:13.004000+00:00,9496.0,0.0,0.0,0.0,1.0,0.0,0.0,1.0,1232.0,3690.0,-3380.0,766.0,2,0.06972406503420077,-0.0025952226013430625,
2024-04-07 05:10:13.284000+00:00,9496.0,0.0,0.0,0.0,1.0,0.0,0.0,1.0,1232.0,3690.0,-3380.0,766.0,2,0.06972406503420077,-0.0025952226013430625,
2024-04-07 05:10:13.484000+00:00,9496.0,0.0,0.0,0.0,1.0,0.0,0.0,1.0,1232.0,3690.0,-3380.0,766.0,2,0.06972406503420077,-0.0025952226013430625,
2024-04-07 05:10:13.724000+00:00,9496.0,0.0,0.0,0.0,1.0,0.0,0.0,1.0,1232.0,3690.0,-3380.0,766.0,2,0.06972406503420077,-0.0025952226013430625,
2024-04-07 05:10:13.924000+00:00,9496.0,0.0,0.0,0.0,1.0,0.0,0.0,1.0,1232.0,3690.0,-3380.0,766.0,2,0.06972406503420077,-0.0025952226013430625,
2024-04-07 05:10:14.244000+00:00,9496.0,0.0,0.0,0.0,1.0,0.0,0.0,1.0,1232.0,3690.0,-3380.0,766.0,2,0.06972406503420077,-0.0025952226013430625,
2024-04-07 05:10:14.444000+00:00,9496.0,0.0,0.0,0.0,1.0,0.0,0.0,1.0,1232.0,3690.0,-3380.0,766.0,2,0.06972406503420077,-0.0025952226013430625,
2024-04-07 05:10:14.604000+00:00,9496.0,0.0,0.0,0.0,1.0,0.0,0.0,1.0,1232.0,3690.0,-3380.0,766.0,2,0.06972406503420077,-0.0025952226013430625,
2024-04-07 05:10:14.804000+00:00,9496.0,0.0,0.0,0.0,1.0,0.0,0.0,1.0,1232.0,3690.0,-3380.0,766.0,2,0.06972406503420077,-0.0025952226013430625,
2024-04-07 05:10:15.084000+00:00,9496.0,0.0,0.0,0.0,1.0,0.0,0.0,1.0,1232.0,3690.0,-3380.0,766.0,2,0.06972406503420077,-0.0025952226013430625,
2024-04-07 05:10:15.645000+00:00,9496.0,0.0,0.0,0.0,1.0,0.0,0.0,1.0,1232.0,3690.0,-3380.0,766.0,2,0.06972406503420077,-0.0025952226013430625,
2024-04-07 05:10:15.925000+00:00,9496.0,0.0,0.0,0.0,1.0,0.0,0.0,1.0,1232.0,3690.0,-3380.0,766.0,2,0.06972406503420077,-0.0025952226013430625,
2024-04-07 05:10:16.085000+00:00,9496.0,0.0,0.0,0.0,1.0,0.0,0.0,1.0,1232.0,3690.0,-3380.0,766.0,2,0.06972406503420077,-0.0025952226013430625,
2024-04-07 05:10:16.445000+00:00,9496.0,0.0,0.0,0.0,1.0,0.0,0.0,1.0,1232.0,3690.0,-3380.0,766.0,2,0.06972406503420077,-0.0025952226013430625,
2024-04-07 05:10:16.685000+00:00,9496.0,0.0,0.0,0.0,1.0,0.0,0.0,1.0,1232.0,3690.0,-3380.0,766.0,2,0.06972406503420077,-0.0025952226013430625,
2024-04-07 05:10:16.845000+00:00,9496.0,0.0,0.0,0.0,1.0,0.0,0.0,1.0,1232.0,3690.0,-3380.0,766.0,2,0.06972406503420077,-0.0025952226013430625,
2024-04-07 05:10:17.085000+00:00,9496.0,0.0,0.0,0.0,1.0,0.0,0.0,1.0,1232.0,3690.0,-3380.0,766.0,2,0.06972406503420077,-0.0025952226013430625,
2024-04-07 05:10:17.325000+00:00,9496.0,0.0,0.0,0.0,1.0,0.0,0.0,1.0,1232.0,3690.0,-3380.0,766.0,2,0.06972406503420077,-0.0025952226013430625,
2024-04-07 05:10:17.565000+00:00,9496.0,0.0,0.0,0.0,1.0,0.0,0.0,1.0,1232.0,3690.0,-3380.0,766.0,2,0.06972406503420077,-0.0025952226013430625,
2024-04-07 05:10:17.964000+00:00,9496.0,0.0,0.0,0.0,1.0,0.0,0.0,1.0,1232.0,3690.0,-3380.0,766.0,2,0.06972406503420077,-0.0025952226013430625,
2024-04-07 05:10:18.124000+00:00,9496.0,0.0,0.0,0.0,1.0,0.0,0.0,1.0,1232.0,3690.0,-3380.0,766.0,2,0.06972406503420077,-0.0025952226013430625,
2024-04-07 05:10:18.284000+00:00,9496.0,0.0,0.0,0.0,1.0,0.0,0.0,1.0,1232.0,3690.0,-3380.0,766.0,2,0.06972406503420077,-0.0025952226013430625,
2024-04-07 05:10:18.524000+00:00,9496.0,0.0,0.0,0.0,1.0,0.0,0.0,1.0,1232.0,3690.0,-3380.0,766.0,2,0.06972406503420077,-0.0025952226013430625,
2024-04-07 05:10:18.804000+00:00,9496.0,0.0,0.0,0.0,1.0,0.0,0.0,1.0,1232.0,3690.0,-3380.0,766.0,2,0.06972406503420077,-0.0025952226013430625,
2024-04-07 05:10:19.164000+00:00,9496.0,0.0,0.0,0.0,1.0,0.0,0.0,1.0,1232.0,3690.0,-3380.0,766.0,2,0.06972406503420077,-0.0025952226013430625,
2024-04-07 05:10:19.564000+00:00,9496.0,0.0,0.0,0.0,1.0,0.0,0.0,1.0,1232.0,3690.0,-3380.0,766.0,2,0.06972406503420077,-0.0025952226013430625,
2024-04-07 05:10:19.964000+00:00,9496.0,0.0,0.0,0.0,1.0,0.0,0.0,1.0,1232.0,3690.0,-3380.0,766.0,2,0.06972406503420077,-0.0025952226013430625,
2024-04-07 05:10:20.124000+00:00,9496.0,0.0,0.0,0.0,1.0,0.0,0.0,1.0,1232.0,3690.0,-3380.0,766.0,2,0.06972406503420077,-0.0025952226013430625,
2024-04-07 05:10:20.364000+00:00,9496.0,0.0,0.0,0.0,1.0,0.0,0.0,1.0,1232.0,3690.0,-3380.0,766.0,2,0.06972406503420077,-0.0025952226013430625,
2024-04-07 05:10:20.564000+00:00,9496.0,0.0,0.0,0.0,1.0,0.0,0.0,1.0,1232.0,3690.0,-3380.0,766.0,2,0.06972406503420077,-0.0025952226013430625,
2024-04-07 05:10:20.884000+00:00,9496.0,0.0,0.0,0.0,1.0,0.0,0.0,1.0,1232.0,3690.0,-3380.0,766.0,2,0.06972406503420077,-0.0025952226013430625,
2024-04-07 05:10:21.244000+00:00,9496.0,0.0,0.0,0.0,1.0,0.0,0.0,1.0,1232.0,3690.0,-3380.0,766.0,2,0.06972406503420077,-0.0025952226013430625,
2024-04-07 05:10:21.484000+00:00,9496.0,0.0,0.0,0.0,1.0,0.0,0.0,1.0,1232.0,3690.0,-3380.0,766.0,2,0.06972406503420077,-0.0025952226013430625,
2024-04-07 05:10:21.764000+00:00,9496.0,0.0,0.0,0.0,1.0,0.0,0.0,1.0,1232.0,3690.0,-3380.0,766.0,2,0.06972406503420077,-0.0025952226013430625,
2024-04-07 05:10:22.045000+00:00,9496.0,0.0,0.0,0.0,1.0,0.0,0.0,1.0,1232.0,3690.0,-3380.0,766.0,2,0.06972406503420077,-0.0025952226013430625,
2024-04-07 05:10:22.365000+00:00,9496.0,0.0,0.0,0.0,1.0,0.0,0.0,1.0,1232.0,3690.0,-3380.0,766.0,2,0.06972406503420077,-0.0025952226013430625,
2024-04-07 05:10:22.605000+00:00,9496.0,0.0,0.0,0.0,1.0,0.0,0.0,1.0,1232.0,3690.0,-3380.0,766.0,2,0.06972406503420077,-0.0025952226013430625,
2024-04-07 05:10:22.845000+00:00,9496.0,0.0,0.0,0.0,1.0,0.0,0.0,1.0,1232.0,3690.0,-3380.0,766.0,2,0.06972406503420077,-0.0025952226013430625,
2024-04-07 05:10:23.165000+00:00,9496.0,0.0,0.0,0.0,1.0,0.0,0.0,1.0,1232.0,3690.0,-3380.0,766.0,2,0.06972406503420077,-0.0025952226013430625,
2024-04-07 05:10:23.485000+00:00,9496.0,0.0,0.0,0.0,1.0,0.0,0.0,1.0,1232.0,3690.0,-3380.0,766.0,2,0.06972406503420077,-0.0025952226013430625,
2024-04-07 05:10:23.725000+00:00,9496.0,0.0,0.0,0.0,1.0,0.0,0.0,1.0,1232.0,3690.0,-3380.0,766.0,2,0.06972406503420077,-0.0025952226013430625,
2024-04-07 05:10:23.965000+00:00,9496.0,0.0,0.0,0.0,1.0,0.0,0.0,1.0,1232.0,3690.0,-3380.0,766.0,2,0.06972406503420077,-0.0025952226013430625,
2024-04-07 05:10:24.245000+00:00,9496.0,0.0,0.0,0.0,1.0,0.0,0.0,1.0,1232.0,3690.0,-3380.0,766.0,2,0.06972406503420077,-0.0025952226013430625,
2024-04-07 05:10:24.605000+00:00,9496.0,0.0,0.0,0.0,1.0,0.0,0.0,1.0,1232.0,3690.0,-3380.0,766.0,2,0.06972406503420077,-0.0025952226013430625,
2024-04-07 05:10:24.884000+00:00,9496.0,0.0,0.0,0.0,1.0,0.0,0.0,1.0,1232.0,3690.0,-3380.0,766.0,2,0.06972406503420077,-0.0025952226013430625,
2024-04-07 05:10:25.444000+00:00,9496.0,0.0,0.0,0.0,1.0,0.0,0.0,1.0,1232.0,3690.0,-3380.0,766.0,2,0.06972406503420077,-0.0025952226013430625,
2024-04-07 05:10:25.604000+00:00,9496.0,0.0,0.0,0.0,1.0,0.0,0.0,1.0,1232.0,3690.0,-3380.0,766.0,2,0.06972406503420077,-0.0025952226013430625,
2024-04-07 05:10:25.844000+00:00,9496.0,0.0,0.0,0.0,1.0,0.0,0.0,1.0,1232.0,3690.0,-3380.0,766.0,2,0.06972406503420077,-0.0025952226013430625,
2024-04-07 05:10:26.004000+00:00,9496.0,0.0,0.0,0.0,1.0,0.0,0.0,1.0,1232.0,3690.0,-3380.0,766.0,2,0.06972406503420077,-0.0025952226013430625,
2024-04-07 05:10:26.404000+00:00,9496.0,0.0,0.0,0.0,1.0,0.0,0.0,1.0,1232.0,3690.0,-3380.0,766.0,2,0.06972406503420077,-0.0025952226013430625,
2024-04-07 05:10:26.564000+00:00,9496.0,0.0,0.0,0.0,1.0,0.0,0.0,1.0,1232.0,3690.0,-3380.0,766.0,2,0.06972406503420077,-0.0025952226013430625,
2024-04-07 05:10:26.764000+00:00,9496.0,0.0,0.0,0.0,1.0,0.0,0.0,1.0,1232.0,3690.0,-3380.0,766.0,2,0.06972406503420077,-0.0025952226013430625,
2024-04-07 05:10:27.004000+00:00,9496.0,0.0,0.0,0.0,1.0,0.0,0.0,1.0,1232.0,3690.0,-3380.0,766.0,2,0.06972406503420077,-0.0025952226013430625,
2024-04-07 05:10:27.244000+00:00,9496.0,0.0,0.0,0.0,1.0,0.0,0.0,1.0,1232.0,3690.0,-3380.0,766.0,2,0.06972406503420077,-0.0025952226013430625,
2024-04-07 05:10:27.404000+00:00,9496.0,0.0,0.0,0.0,1.0,0.0,0.0,1.0,1232.0,3690.0,-3380.0,766.0,2,0.06972406503420077,-0.0025952226013430625,
2024-04-07 05:10:27.884000+00:00,9496.0,0.0,0.0,0.0,1.0,0.0,0.0,1.0,1232.0,3690.0,-3380.0,766.0,2,0.06972406503420077,-0.0025952226013430625,
2024-04-07 05:10:28.084000+00:00,9496.0,0.0,0.0,0.0,1.0,0.0,0.0,1.0,1232.0,3690.0,-3380.0,766.0,2,0.06972406503420077,-0.0025952226013430625,
2024-04-07 05:10:28.324000+00:00,9496.0,0.0,0.0,0.0,1.0,0.0,0.0,1.0,1232.0,3690.0,-3380.0,766.0,2,0.06972406503420077,-0.0025952226013430625,
2024-04-07 05:10:28.685000+00:00,9496.0,0.0,0.0,0.0,1.0,0.0,0.0,1.0,1232.0,3690.0,-3380.0,766.0,2,0.06972406503420077,-0.0025952226013430625,
2024-04-07 05:10:28.845000+00:00,9496.0,0.0,0.0,0.0,1.0,0.0,0.0,1.0,1232.0,3690.0,-3380.0,766.0,2,0.06972406503420077,-0.0025952226013430625,
2024-04-07 05:10:29.125000+00:00,9496.0,0.0,0.0,0.0,1.0,0.0,0.0,1.0,1232.0,3690.0,-3380.0,766.0,2,0.06972406503420077,-0.0025952226013430625,
2024-04-07 05:10:29.285000+00:00,9496.0,0.0,0.0,0.0,1.0,0.0,0.0,1.0,1232.0,3690.0,-3380.0,766.0,2,0.06972406503420077,-0.0025952226013430625,
2024-04-07 05:10:29.445000+00:00,9496.0,0.0,0.0,0.0,1.0,0.0,0.0,1.0,1232.0,3690.0,-3380.0,766.0,2,0.06972406503420077,-0.0025952226013430625,
2024-04-07 05:10:29.645000+00:00,9496.0,0.0,0.0,0.0,1.0,0.0,0.0,1.0,1232.0,3690.0,-3380.0,766.0,2,0.06972406503420077,-0.0025952226013430625,
2024-04-07 05:10:29.965000+00:00,9496.0,0.0,0.0,0.0,1.0,0.0,0.0,1.0,1232.0,3690.0,-3380.0,766.0,2,0.06972406503420077,-0.0025952226013430625,
2024-04-07 05:10:30.165000+00:00,9496.0,0.0,0.0,0.0,1.0,0.0,0.0,1.0,1232.0,3690.0,-3380.0,766.0,2,0.06972406503420077,-0.0025952226013430625,
2024-04-07 05:10:30.405000+00:00,9496.0,0.0,0.0,0.0,1.0,0.0,0.0,1.0,1232.0,3690.0,-3380.0,766.0,2,0.06972406503420077,-0.0025952226013430625,
2024-04-07 05:10:30.685000+00:00,9496.0,0.0,0.0,0.0,1.0,0.0,0.0,1.0,1232.0,3690.0,-3380.0,766.0,2,0.06972406503420077,-0.0025952226013430625,
2024-04-07 05:10:30.925000+00:00,9496.0,0.0,0.0,0.0,1.0,0.0,0.0,1.0,1232.0,3690.0,-3380.0,766.0,2,0.06972406503420077,-0.0025952226013430625,
2024-04-07 05:10:31.085000+00:00,9496.0,0.0,0.0,0.0,1.0,0.0,0.0,1.0,1232.0,3690.0,-3380.0,766.0,2,0.06972406503420077,-0.0025952226013430625,
2024-04-07 05:10:31.524000+00:00,9496.0,0.0,0.0,0.0,1.0,0.0,0.0,1.0,1232.0,3690.0,-3380.0,766.0,2,0.06972406503420077,-0.0025952226013430625,
2024-04-07 05:10:31.684000+00:00,9496.0,0.0,0.0,0.0,1.0,0.0,0.0,1.0,1232.0,3690.0,-3380.0,766.0,2,0.06972406503420077,-0.0025952226013430625,
2024-04-07 05:10:32.004000+00:00,9496.0,0.0,0.0,0.0,1.0,0.0,0.0,1.0,1232.0,3690.0,-3380.0,766.0,2,0.06972406503420077,-0.0025952226013430625,
2024-04-07 05:10:32.324000+00:00,9496.0,0.0,0.0,1.0,1.0,0.0,0.0,1.0,1232.0,3690.0,-3380.0,766.0,2,0.06972406503420077,-0.0025952226013430625,
2024-04-07 05:10:32.604000+00:00,9496.0,0.0,0.0,0.0,1.0,0.0,0.0,1.0,1232.0,3690.0,-3381.0,766.0,2,0.06972406503420077,-0.0025952226013430625,
2024-04-07 05:10:32.844000+00:00,9496.0,0.0,0.0,0.0,1.0,0.0,0.0,1.0,1232.0,3690.0,-3381.0,766.0,2,0.06972406503420077,-0.0025952226013430625,
2024-04-07 05:10:33.244000+00:00,9496.0,0.0,0.0,0.0,1.0,0.0,0.0,1.0,1232.0,3690.0,-3381.0,766.0,2,0.06972406503420077,-0.0025952226013430625,
2024-04-07 05:10:33.564000+00:00,9496.0,0.0,0.0,0.0,1.0,0.0,0.0,1.0,1232.0,3690.0,-3381.0,766.0,2,0.06972406503420077,-0.0025952226013430625,
2024-04-07 05:10:33.844000+00:00,9496.0,0.0,0.0,0.0,1.0,0.0,0.0,1.0,1232.0,3690.0,-3381.0,766.0,2,0.06972406503420077,-0.0025952226013430625,
2024-04-07 05:10:34.044000+00:00,9496.0,0.0,0.0,0.0,1.0,0.0,0.0,1.0,1232.0,3690.0,-3381.0,766.0,2,0.06972406503420077,-0.0025952226013430625,
2024-04-07 05:10:34.444000+00:00,9496.0,0.0,0.0,0.0,1.0,0.0,0.0,1.0,1232.0,3690.0,-3381.0,766.0,2,0.06972406503420077,-0.0025952226013430625,
2024-04-07 05:10:34.604000+00:00,9496.0,0.0,0.0,0.0,1.0,0.0,0.0,1.0,1232.0,3690.0,-3381.0,766.0,2,0.06972406503420077,-0.0025952226013430625,
2024-04-07 05:10:34.764000+00:00,9496.0,0.0,0.0,0.0,1.0,0.0,0.0,1.0,1232.0,3690.0,-3381.0,766.0,2,0.06972406503420077,-0.0025952226013430625,
2024-04-07 05:10:34.964000+00:00,9496.0,0.0,0.0,0.0,1.0,0.0,0.0,1.0,1232.0,3690.0,-3381.0,766.0,2,0.06972406503420077,-0.0025952226013430625,
2024-04-07 05:10:35.205000+00:00,9496.0,0.0,0.0,0.0,1.0,0.0,0.0,1.0,1232.0,3690.0,-3381.0,766.0,2,0.06972406503420077,-0.0025952226013430625,
2024-04-07 05:10:35.445000+00:00,9496.0,0.0,0.0,0.0,1.0,0.0,0.0,1.0,1232.0,3690.0,-3381.0,766.0,2,0.06972406503420077,-0.0025952226013430625,
2024-04-07 05:10:35.645000+00:00,9496.0,0.0,0.0,0.0,1.0,0.0,0.0,1.0,1232.0,3690.0,-3381.0,766.0,2,0.06972406503420077,-0.0025952226013430625,
2024-04-07 05:10:35.845000+00:00,9496.0,0.0,0.0,0.0,1.0,0.0,0.0,1.0,1232.0,3690.0,-3381.0,766.0,2,0.06972406503420077,-0.0025952226013430625,
2024-04-07 05:10:36.085000+00:00,9496.0,0.0,0.0,0.0,1.0,0.0,0.0,1.0,1232.0,3690.0,-3381.0,766.0,2,0.06972406503420077,-0.0025952226013430625,
2024-04-07 05:10:36.485000+00:00,9496.0,0.0,0.0,0.0,1.0,0.0,0.0,1.0,1232.0,3690.0,-3381.0,766.0,2,0.06972406503420077,-0.0025952226013430625,
2024-04-07 05:10:36.725000+00:00,9496.0,0.0,0.0,0.0,1.0,0.0,0.0,1.0,1232.0,3690.0,-3381.0,766.0,2,0.06972406503420077,-0.0025952226013430625,
2024-04-07 05:10:37.125000+00:00,9496.0,0.0,0.0,0.0,1.0,0.0,0.0,1.0,1232.0,3690.0,-3381.0,766.0,2,0.06972406503420077,-0.0025952226013430625,
2024-04-07 05:10:37.325000+00:00,9496.0,0.0,0.0,0.0,1.0,0.0,0.0,1.0,1232.0,3690.0,-3381.0,766.0,2,0.06972406503420077,-0.0025952226013430625,
2024-04-07 05:10:37.485000+00:00,9496.0,0.0,0.0,0.0,1.0,0.0,0.0,1.0,1232.0,3690.0,-3381.0,766.0,2,0.06972406503420077,-0.0025952226013430625,
2024-04-07 05:10:37.685000+00:00,9496.0,0.0,0.0,0.0,1.0,0.0,0.0,1.0,1232.0,3690.0,-3381.0,766.0,2,0.06972406503420077,-0.0025952226013430625,
2024-04-07 05:10:38.125000+00:00,9496.0,0.0,0.0,0.0,1.0,0.0,0.0,1.0,1232.0,3690.0,-3381.0,766.0,2,0.06972406503420077,-0.0025952226013430625,
2024-04-07 05:10:38.444000+00:00,9496.0,0.0,0.0,0.0,1.0,0.0,0.0,1.0,1232.0,3690.0,-3381.0,766.0,2,0.06972406503420077,-0.0025952226013430625,
2024-04-07 05:10:38.684000+00:00,9496.0,0.0,0.0,0.0,1.0,0.0,0.0,1.0,1232.0,3690.0,-3381.0,766.0,2,0.06972406503420077,-0.0025952226013430625,
2024-04-07 05:10:38.884000+00:00,9496.0,0.0,0.0,0.0,1.0,0.0,0.0,1.0,1232.0,3690.0,-3381.0,766.0,2,0.06972406503420077,-0.0025952226013430625,
2024-04-07 05:10:39.124000+00:00,9496.0,0.0,0.0,0.0,1.0,0.0,0.0,1.0,1232.0,3690.0,-3381.0,766.0,2,0.06972406503420077,-0.0025952226013430625,
2024-04-07 05:10:39.284000+00:00,9496.0,0.0,0.0,0.0,1.0,0.0,0.0,1.0,1232.0,3690.0,-3381.0,766.0,2,0.06972406503420077,-0.0025952226013430625,
2024-04-07 05:10:39.524000+00:00,9496.0,0.0,0.0,0.0,1.0,0.0,0.0,1.0,1232.0,3690.0,-3381.0,766.0,2,0.06972406503420077,-0.0025952226013430625,
2024-04-07 05:10:39.844000+00:00,9496.0,0.0,0.0,0.0,1.0,0.0,0.0,1.0,1232.0,3690.0,-3381.0,766.0,2,0.06972406503420077,-0.0025952226013430625,
2024-04-07 05:10:40.044000+00:00,9496.0,0.0,0.0,0.0,1.0,0.0,0.0,1.0,1232.0,3690.0,-3381.0,766.0,2,0.06972406503420077,-0.0025952226013430625,
2024-04-07 05:10:40.364000+00:00,9496.0,0.0,0.0,0.0,1.0,0.0,0.0,1.0,1232.0,3690.0,-3381.0,766.0,2,0.06972406503420077,-0.0025952226013430625,
2024-04-07 05:10:40.524000+00:00,9496.0,0.0,0.0,0.0,1.0,0.0,0.0,1.0,1232.0,3690.0,-3381.0,766.0,2,0.06972406503420077,-0.0025952226013430625,
2024-04-07 05:10:40.844000+00:00,9496.0,0.0,0.0,0.0,1.0,0.0,0.0,1.0,1232.0,3690.0,-3381.0,766.0,2,0.06972406503420077,-0.0025952226013430625,
2024-04-07 05:10:41.004000+00:00,9496.0,0.0,0.0,0.0,1.0,0.0,0.0,1.0,1232.0,3690.0,-3381.0,766.0,2,0.06972406503420077,-0.0025952226013430625,
2024-04-07 05:10:41.244000+00:00,9496.0,0.0,0.0,0.0,1.0,0.0,0.0,1.0,1232.0,3690.0,-3381.0,766.0,2,0.06972406503420077,-0.0025952226013430625,
2024-04-07 05:10:41.565000+00:00,9496.0,0.0,0.0,0.0,1.0,0.0,0.0,1.0,1232.0,3690.0,-3381.0,766.0,2,0.06972406503420077,-0.0025952226013430625,
2024-04-07 05:10:41.845000+00:00,9496.0,0.0,0.0,0.0,1.0,0.0,0.0,1.0,1232.0,3690.0,-3381.0,766.0,2,0.06972406503420077,-0.0025952226013430625,
2024-04-07 05:10:42.045000+00:00,9496.0,0.0,0.0,0.0,1.0,0.0,0.0,1.0,1232.0,3690.0,-3381.0,766.0,2,0.06972406503420077,-0.0025952226013430625,
2024-04-07 05:10:42.245000+00:00,9496.0,0.0,0.0,0.0,1.0,0.0,0.0,1.0,1232.0,3690.0,-3381.0,766.0,2,0.06972406503420077,-0.0025952226013430625,
2024-04-07 05:10:42.405000+00:00,9496.0,0.0,0.0,0.0,1.0,0.0,0.0,1.0,1232.0,3690.0,-3381.0,766.0,2,0.06972406503420077,-0.0025952226013430625,
2024-04-07 05:10:42.605000+00:00,9496.0,0.0,0.0,0.0,1.0,0.0,0.0,1.0,1232.0,3690.0,-3381.0,766.0,2,0.06972406503420077,-0.0025952226013430625,
2024-04-07 05:10:42.885000+00:00,9496.0,0.0,0.0,0.0,1.0,0.0,0.0,1.0,1232.0,3690.0,-3381.0,766.0,2,0.06972406503420077,-0.0025952226013430625,
2024-04-07 05:10:43.085000+00:00,9496.0,0.0,0.0,0.0,1.0,0.0,0.0,1.0,1232.0,3690.0,-3381.0,766.0,2,0.06972406503420077,-0.0025952226013430625,
2024-04-07 05:10:43.245000+00:00,9496.0,0.0,0.0,0.0,1.0,0.0,0.0,1.0,1232.0,3690.0,-3381.0,766.0,2,0.06972406503420077,-0.0025952226013430625,
2024-04-07 05:10:43.485000+00:00,9496.0,0.0,0.0,0.0,1.0,0.0,0.0,1.0,1232.0,3690.0,-3381.0,766.0,2,0.06972406503420077,-0.0025952226013430625,
2024-04-07 05:10:43.765000+00:00,9496.0,0.0,0.0,0.0,1.0,0.0,0.0,1.0,1232.0,3690.0,-3381.0,766.0,2,0.06972406503420077,-0.0025952226013430625,
2024-04-07 05:10:44.125000+00:00,9496.0,0.0,0.0,0.0,1.0,0.0,0.0,1.0,1232.0,3690.0,-3381.0,766.0,2,0.06972406503420077,-0.0025952226013430625,
2024-04-07 05:10:44.285000+00:00,9496.0,0.0,0.0,0.0,1.0,0.0,0.0,1.0,1232.0,3690.0,-3381.0,766.0,2,0.06972406503420077,-0.0025952226013430625,
2024-04-07 05:10:44.525000+00:00,9496.0,0.0,0.0,0.0,1.0,0.0,0.0,1.0,1232.0,3690.0,-3381.0,766.0,2,0.06972406503420077,-0.0025952226013430625,
2024-04-07 05:10:44.884000+00:00,9496.0,0.0,0.0,0.0,1.0,0.0,0.0,1.0,1232.0,3690.0,-3381.0,766.0,2,0.06972406503420077,-0.0025952226013430625,
2024-04-07 05:10:45.164000+00:00,9496.0,0.0,0.0,0.0,1.0,0.0,0.0,1.0,1232.0,3690.0,-3381.0,766.0,2,0.06972406503420077,-0.0025952226013430625,
2024-04-07 05:10:45.364000+00:00,9496.0,0.0,0.0,0.0,1.0,0.0,0.0,1.0,1232.0,3690.0,-3381.0,766.0,2,0.06972406503420077,-0.0025952226013430625,
2024-04-07 05:10:45.564000+00:00,9496.0,0.0,0.0,0.0,1.0,0.0,0.0,1.0,1232.0,3690.0,-3381.0,766.0,2,0.06972406503420077,-0.0025952226013430625,
2024-04-07 05:10:45.724000+00:00,9496.0,0.0,0.0,0.0,1.0,0.0,0.0,1.0,1232.0,3690.0,-3381.0,766.0,2,0.06972406503420077,-0.0025952226013430625,
2024-04-07 05:10:46.084000+00:00,9496.0,0.0,0.0,0.0,1.0,0.0,0.0,1.0,1232.0,3690.0,-3381.0,766.0,2,0.06972406503420077,-0.0025952226013430625,
2024-04-07 05:10:46.564000+00:00,9496.0,0.0,0.0,0.0,1.0,0.0,0.0,1.0,1232.0,3690.0,-3381.0,766.0,2,0.06972406503420077,-0.0025952226013430625,
2024-04-07 05:10:46.844000+00:00,9496.0,0.0,0.0,0.0,1.0,0.0,0.0,1.0,1232.0,3690.0,-3381.0,766.0,2,0.06972406503420077,-0.0025952226013430625,
2024-04-07 05:10:47.164000+00:00,9496.0,0.0,0.0,0.0,1.0,0.0,0.0,1.0,1232.0,3690.0,-3381.0,766.0,2,0.06972406503420077,-0.0025952226013430625,
2024-04-07 05:10:47.444000+00:00,9496.0,0.0,0.0,0.0,1.0,0.0,0.0,1.0,1232.0,3690.0,-3381.0,766.0,2,0.06972406503420077,-0.0025952226013430625,
2024-04-07 05:10:47.764000+00:00,9496.0,0.0,0.0,0.0,1.0,0.0,0.0,1.0,1232.0,3690.0,-3381.0,766.0,2,0.06972406503420077,-0.0025952226013430625,
2024-04-07 05:10:48.004000+00:00,9496.0,0.0,0.0,0.0,1.0,0.0,0.0,1.0,1232.0,3690.0,-3381.0,766.0,2,0.06972406503420077,-0.0025952226013430625,
2024-04-07 05:10:48.325000+00:00,9496.0,0.0,0.0,0.0,1.0,0.0,0.0,1.0,1232.0,3690.0,-3381.0,766.0,2,0.06972406503420077,-0.0025952226013430625,
2024-04-07 05:10:48.525000+00:00,9496.0,0.0,0.0,0.0,1.0,0.0,0.0,1.0,1232.0,3690.0,-3381.0,766.0,2,0.06972406503420077,-0.0025952226013430625,
2024-04-07 05:10:48.845000+00:00,9496.0,0.0,0.0,0.0,1.0,0.0,0.0,1.0,1232.0,3690.0,-3381.0,766.0,2,0.06972406503420077,-0.0025952226013430625,
2024-04-07 05:10:49.045000+00:00,9496.0,0.0,0.0,0.0,1.0,0.0,0.0,1.0,1232.0,3690.0,-3381.0,766.0,2,0.06972406503420077,-0.0025952226013430625,
2024-04-07 05:10:49.445000+00:00,9496.0,0.0,0.0,0.0,1.0,0.0,0.0,1.0,1232.0,3690.0,-3381.0,766.0,2,0.06972406503420077,-0.0025952226013430625,
2024-04-07 05:10:49.605000+00:00,9496.0,0.0,0.0,0.0,1.0,0.0,0.0,1.0,1232.0,3690.0,-3381.0,766.0,2,0.06972406503420077,-0.0025952226013430625,
2024-04-07 05:10:49.885000+00:00,9496.0,0.0,0.0,0.0,1.0,0.0,0.0,1.0,1232.0,3690.0,-3381.0,766.0,2,0.06972406503420077,-0.0025952226013430625,
2024-04-07 05:10:50.325000+00:00,9496.0,0.0,0.0,0.0,1.0,0.0,0.0,1.0,1232.0,3690.0,-3381.0,766.0,2,0.06972406503420077,-0.0025952226013430625,
2024-04-07 05:10:50.485000+00:00,9496.0,0.0,0.0,0.0,1.0,0.0,0.0,1.0,1232.0,3690.0,-3381.0,766.0,2,0.06972406503420077,-0.0025952226013430625,
2024-04-07 05:10:50.885000+00:00,9496.0,0.0,0.0,0.0,1.0,0.0,0.0,1.0,1232.0,3690.0,-3381.0,766.0,2,0.06972406503420077,-0.0025952226013430625,
2024-04-07 05:10:51.085000+00:00,9496.0,0.0,0.0,0.0,1.0,0.0,0.0,1.0,1232.0,3690.0,-3381.0,766.0,2,0.06972406503420077,-0.0025952226013430625,
2024-04-07 05:10:51.485000+00:00,9496.0,0.0,0.0,0.0,1.0,0.0,0.0,1.0,1232.0,3690.0,-3381.0,766.0,2,0.06972406503420077,-0.0025952226013430625,
2024-04-07 05:10:51.644000+00:00,9496.0,0.0,0.0,0.0,1.0,0.0,0.0,1.0,1232.0,3690.0,-3381.0,766.0,2,0.06972406503420077,-0.0025952226013430625,
2024-04-07 05:10:51.964000+00:00,9496.0,0.0,0.0,0.0,1.0,0.0,0.0,1.0,1232.0,3690.0,-3381.0,766.0,2,0.06972406503420077,-0.0025952226013430625,
2024-04-07 05:10:52.324000+00:00,9496.0,0.0,0.0,0.0,1.0,0.0,0.0,1.0,1232.0,3690.0,-3381.0,766.0,2,0.06972406503420077,-0.0025952226013430625,
2024-04-07 05:10:52.524000+00:00,9496.0,0.0,0.0,0.0,1.0,0.0,0.0,1.0,1232.0,3690.0,-3381.0,766.0,2,0.06972406503420077,-0.0025952226013430625,
2024-04-07 05:10:52.764000+00:00,9496.0,0.0,0.0,0.0,1.0,0.0,0.0,1.0,1232.0,3690.0,-3381.0,766.0,2,0.06972406503420077,-0.0025952226013430625,
2024-04-07 05:10:53.164000+00:00,9496.0,0.0,0.0,0.0,1.0,0.0,0.0,1.0,1232.0,3690.0,-3381.0,766.0,2,0.06972406503420077,-0.0025952226013430625,
2024-04-07 05:10:53.364000+00:00,9496.0,0.0,0.0,0.0,1.0,0.0,0.0,1.0,1232.0,3690.0,-3381.0,766.0,2,0.06972406503420077,-0.0025952226013430625,
2024-04-07 05:10:53.644000+00:00,9496.0,0.0,0.0,0.0,1.0,0.0,0.0,1.0,1232.0,3690.0,-3381.0,766.0,2,0.06972406503420077,-0.0025952226013430625,
2024-04-07 05:10:53.884000+00:00,9496.0,0.0,0.0,0.0,1.0,0.0,0.0,1.0,1232.0,3690.0,-3381.0,766.0,2,0.06972406503420077,-0.0025952226013430625,
2024-04-07 05:10:54.044000+00:00,9496.0,0.0,0.0,0.0,1.0,0.0,0.0,1.0,1232.0,3690.0,-3381.0,766.0,2,0.06972406503420077,-0.0025952226013430625,
2024-04-07 05:10:54.364000+00:00,9496.0,0.0,0.0,0.0,1.0,0.0,0.0,1.0,1232.0,3690.0,-3381.0,766.0,2,0.06972406503420077,-0.0025952226013430625,
2024-04-07 05:10:54.524000+00:00,9496.0,0.0,0.0,0.0,1.0,0.0,0.0,1.0,1232.0,3690.0,-3381.0,766.0,2,0.06972406503420077,-0.0025952226013430625,
2024-04-07 05:10:54.684000+00:00,9496.0,0.0,0.0,0.0,1.0,0.0,0.0,1.0,1232.0,3690.0,-3381.0,766.0,2,0.06972406503420077,-0.0025952226013430625,
2024-04-07 05:10:55.005000+00:00,9496.0,0.0,0.0,0.0,1.0,0.0,0.0,1.0,1232.0,3690.0,-3381.0,766.0,2,0.06972406503420077,-0.0025952226013430625,
2024-04-07 05:10:55.205000+00:00,9496.0,0.0,0.0,0.0,1.0,0.0,0.0,1.0,1232.0,3690.0,-3381.0,766.0,2,0.06972406503420077,-0.0025952226013430625,
2024-04-07 05:10:55.445000+00:00,9496.0,0.0,0.0,0.0,1.0,0.0,0.0,1.0,1232.0,3690.0,-3381.0,766.0,2,0.06972406503420077,-0.0025952226013430625,
2024-04-07 05:10:55.605000+00:00,9496.0,0.0,0.0,0.0,1.0,0.0,0.0,1.0,1232.0,3690.0,-3381.0,766.0,2,0.06972406503420077,-0.0025952226013430625,
2024-04-07 05:10:55.965000+00:00,9496.0,0.0,0.0,0.0,1.0,0.0,0.0,1.0,1232.0,3690.0,-3381.0,766.0,2,0.06972406503420077,-0.0025952226013430625,
2024-04-07 05:10:56.245000+00:00,9496.0,0.0,0.0,0.0,1.0,0.0,0.0,1.0,1232.0,3690.0,-3381.0,766.0,2,0.06972406503420077,-0.0025952226013430625,
2024-04-07 05:10:56.605000+00:00,9496.0,0.0,0.0,0.0,1.0,0.0,0.0,1.0,1232.0,3690.0,-3381.0,766.0,2,0.06972406503420077,-0.0025952226013430625,
2024-04-07 05:10:56.845000+00:00,9496.0,0.0,0.0,0.0,1.0,0.0,0.0,1.0,1232.0,3690.0,-3381.0,766.0,2,0.06972406503420077,-0.0025952226013430625,
2024-04-07 05:10:57.445000+00:00,9496.0,0.0,0.0,0.0,1.0,0.0,0.0,1.0,1232.0,3690.0,-3381.0,766.0,2,0.06972406503420077,-0.0025952226013430625,
2024-04-07 05:10:57.605000+00:00,9496.0,0.0,0.0,0.0,1.0,0.0,0.0,1.0,1232.0,3690.0,-3381.0,766.0,2,0.06972406503420077,-0.0025952226013430625,
2024-04-07 05:10:57.805000+00:00,9496.0,0.0,0.0,0.0,1.0,0.0,0.0,1.0,1232.0,3690.0,-3381.0,766.0,2,0.06972406503420077,-0.0025952226013430625,
2024-04-07 05:10:57.965000+00:00,9496.0,0.0,0.0,0.0,1.0,0.0,0.0,1.0,1232.0,3690.0,-3381.0,766.0,2,0.06972406503420077,-0.0025952226013430625,
2024-04-07 05:10:58.324000+00:00,9496.0,0.0,0.0,0.0,1.0,0.0,0.0,1.0,1232.0,3690.0,-3381.0,766.0,2,0.06972406503420077,-0.0025952226013430625,
2024-04-07 05:10:58.524000+00:00,9496.0,0.0,0.0,0.0,1.0,0.0,0.0,1.0,1232.0,3690.0,-3381.0,766.0,2,0.06972406503420077,-0.0025952226013430625,
2024-04-07 05:10:58.684000+00:00,9496.0,0.0,0.0,0.0,1.0,0.0,0.0,1.0,1232.0,3690.0,-3381.0,766.0,2,0.06972406503420077,-0.0025952226013430625,
2024-04-07 05:10:58.924000+00:00,9496.0,0.0,0.0,0.0,1.0,0.0,0.0,1.0,1232.0,3691.0,-3381.0,766.0,2,0.06972406503420077,-0.0025952226013430625,
2024-04-07 05:10:59.124000+00:00,9496.0,0.0,0.0,0.0,1.0,0.0,0.0,1.0,1232.0,3691.0,-3381.0,766.0,2,0.06972406503420077,-0.0025952226013430625,
2024-04-07 05:10:59.284000+00:00,9496.0,0.0,0.0,0.0,1.0,0.0,0.0,1.0,1232.0,3691.0,-3381.0,766.0,2,0.06972406503420077,-0.0025952226013430625,
2024-04-07 05:10:59.804000+00:00,9496.0,0.0,0.0,0.0,1.0,0.0,0.0,1.0,1232.0,3691.0,-3381.0,766.0,2,0.06972406503420077,-0.0025952226013430625,
2024-04-07 05:11:00.124000+00:00,9496.0,0.0,0.0,0.0,1.0,0.0,0.0,1.0,1232.0,3691.0,-3381.0,766.0,2,0.06972406503420077,-0.0025952226013430625,
2024-04-07 05:11:00.364000+00:00,9496.0,0.0,0.0,0.0,1.0,0.0,0.0,1.0,1232.0,3691.0,-3381.0,766.0,2,0.06972406503420077,-0.0025952226013430625,
2024-04-07 05:11:00.524000+00:00,9496.0,0.0,0.0,0.0,1.0,0.0,0.0,1.0,1232.0,3691.0,-3381.0,766.0,2,0.06972406503420077,-0.0025952226013430625,
2024-04-07 05:11:00.684000+00:00,9496.0,0.0,0.0,0.0,1.0,0.0,0.0,1.0,1232.0,3691.0,-3381.0,766.0,2,0.06972406503420077,-0.0025952226013430625,
2024-04-07 05:11:00.964000+00:00,9496.0,0.0,0.0,0.0,1.0,0.0,0.0,1.0,1232.0,3691.0,-3381.0,766.0,2,0.06972406503420077,-0.0025952226013430625,
2024-04-07 05:11:01.405000+00:00,9496.0,0.0,0.0,0.0,1.0,0.0,0.0,1.0,1232.0,3691.0,-3381.0,766.0,2,0.06972406503420077,-0.0025952226013430625,
2024-04-07 05:11:01.645000+00:00,9496.0,0.0,0.0,0.0,1.0,0.0,0.0,1.0,1232.0,3691.0,-3381.0,766.0,2,0.06972406503420077,-0.0025952226013430625,
2024-04-07 05:11:02.045000+00:00,9496.0,0.0,0.0,0.0,1.0,0.0,0.0,1.0,1232.0,3691.0,-3381.0,766.0,2,0.06972406503420077,-0.0025952226013430625,
2024-04-07 05:11:02.285000+00:00,9496.0,0.0,0.0,0.0,1.0,0.0,0.0,1.0,1232.0,3691.0,-3381.0,766.0,2,0.06972406503420077,-0.0025952226013430625,
2024-04-07 05:11:02.565000+00:00,9496.0,0.0,0.0,0.0,1.0,0.0,0.0,1.0,1232.0,3691.0,-3381.0,766.0,2,0.06972406503420077,-0.0025952226013430625,
2024-04-07 05:11:02.805000+00:00,9496.0,0.0,0.0,0.0,1.0,0.0,0.0,1.0,1232.0,3691.0,-3381.0,766.0,2,0.06972406503420077,-0.0025952226013430625,
2024-04-07 05:11:03.125000+00:00,9496.0,0.0,0.0,0.0,1.0,0.0,0.0,1.0,1232.0,3691.0,-3381.0,766.0,2,0.06972406503420077,-0.0025952226013430625,
2024-04-07 05:11:03.485000+00:00,9496.0,0.0,0.0,0.0,1.0,0.0,0.0,1.0,1232.0,3691.0,-3381.0,766.0,2,0.06972406503420077,-0.0025952226013430625,
2024-04-07 05:11:03.645000+00:00,9496.0,0.0,0.0,0.0,1.0,0.0,0.0,1.0,1232.0,3691.0,-3381.0,766.0,2,0.06972406503420077,-0.0025952226013430625,
2024-04-07 05:11:03.845000+00:00,9496.0,0.0,0.0,0.0,1.0,0.0,0.0,1.0,1232.0,3691.0,-3381.0,766.0,2,0.06972406503420077,-0.0025952226013430625,
2024-04-07 05:11:04.205000+00:00,9496.0,0.0,0.0,0.0,1.0,0.0,0.0,1.0,1232.0,3691.0,-3381.0,766.0,2,0.06972406503420077,-0.0025952226013430625,
2024-04-07 05:11:04.365000+00:00,9496.0,0.0,0.0,0.0,1.0,0.0,0.0,1.0,1232.0,3691.0,-3381.0,766.0,2,0.06972406503420077,-0.0025952226013430625,
2024-04-07 05:11:04.565000+00:00,9496.0,0.0,0.0,0.0,1.0,0.0,0.0,1.0,1232.0,3691.0,-3381.0,766.0,2,0.06972406503420077,-0.0025952226013430625,
2024-04-07 05:11:04.845000+00:00,9496.0,0.0,0.0,0.0,1.0,0.0,0.0,1.0,1232.0,3691.0,-3381.0,766.0,2,0.06972406503420077,-0.0025952226013430625,
2024-04-07 05:11:05.364000+00:00,9496.0,0.0,0.0,0.0,1.0,0.0,0.0,1.0,1232.0,3691.0,-3381.0,766.0,2,0.06972406503420077,-0.0025952226013430625,
2024-04-07 05:11:05.764000+00:00,9496.0,0.0,0.0,0.0,1.0,0.0,0.0,1.0,1232.0,3691.0,-3381.0,766.0,2,0.06972406503420077,-0.0025952226013430625,
2024-04-07 05:11:05.964000+00:00,9496.0,0.0,0.0,0.0,1.0,0.0,0.0,1.0,1232.0,3691.0,-3381.0,766.0,2,0.06972406503420077,-0.0025952226013430625,
2024-04-07 05:11:06.204000+00:00,9496.0,0.0,0.0,0.0,1.0,0.0,0.0,1.0,1232.0,3691.0,-3381.0,766.0,2,0.06972406503420077,-0.0025952226013430625,
2024-04-07 05:11:06.564000+00:00,9496.0,0.0,0.0,0.0,1.0,0.0,0.0,1.0,1232.0,3691.0,-3381.0,766.0,2,0.06972406503420077,-0.0025952226013430625,
2024-04-07 05:11:06.764000+00:00,9496.0,0.0,0.0,0.0,1.0,0.0,0.0,1.0,1232.0,3691.0,-3381.0,766.0,2,0.06972406503420077,-0.0025952226013430625,
2024-04-07 05:11:07.004000+00:00,9496.0,0.0,0.0,0.0,1.0,0.0,0.0,1.0,1232.0,3691.0,-3381.0,766.0,2,0.06972406503420077,-0.0025952226013430625,
2024-04-07 05:11:07.364000+00:00,9496.0,0.0,0.0,0.0,1.0,0.0,0.0,1.0,1232.0,3691.0,-3381.0,766.0,2,0.06972406503420077,-0.0025952226013430625,
2024-04-07 05:11:07.764000+00:00,9496.0,0.0,0.0,0.0,1.0,0.0,0.0,1.0,1232.0,3691.0,-3381.0,766.0,2,0.06972406503420077,-0.0025952226013430625,
2024-04-07 05:11:07.965000+00:00,9496.0,0.0,0.0,0.0,1.0,0.0,0.0,1.0,1232.0,3691.0,-3381.0,766.0,2,0.06972406503420077,-0.0025952226013430625,
2024-04-07 05:11:08.205000+00:00,9496.0,0.0,0.0,0.0,1.0,0.0,0.0,1.0,1232.0,3691.0,-3381.0,766.0,2,0.06972406503420077,-0.0025952226013430625,
2024-04-07 05:11:08.645000+00:00,9496.0,0.0,0.0,0.0,1.0,0.0,0.0,1.0,1232.0,3691.0,-3381.0,766.0,2,0.06972406503420077,-0.0025952226013430625,
2024-04-07 05:11:09.045000+00:00,9496.0,0.0,0.0,0.0,1.0,0.0,0.0,1.0,1232.0,3691.0,-3381.0,766.0,2,0.06972406503420077,-0.0025952226013430625,
2024-04-07 05:11:09.405000+00:00,9496.0,0.0,0.0,0.0,1.0,0.0,0.0,1.0,1232.0,3691.0,-3381.0,766.0,2,0.06972406503420077,-0.0025952226013430625,
2024-04-07 05:11:09.565000+00:00,9496.0,0.0,0.0,0.0,1.0,0.0,0.0,1.0,1232.0,3691.0,-3381.0,766.0,2,0.06972406503420077,-0.0025952226013430625,
2024-04-07 05:11:09.805000+00:00,9496.0,0.0,0.0,0.0,1.0,0.0,0.0,1.0,1232.0,3691.0,-3381.0,766.0,2,0.06972406503420077,-0.0025952226013430625,
2024-04-07 05:11:10.085000+00:00,9496.0,0.0,0.0,0.0,1.0,0.0,0.0,1.0,1232.0,3691.0,-3381.0,766.0,2,0.06972406503420077,-0.0025952226013430625,
2024-04-07 05:11:10.485000+00:00,9496.0,0.0,0.0,0.0,1.0,0.0,0.0,1.0,1232.0,3691.0,-3381.0,766.0,2,0.06972406503420077,-0.0025952226013430625,
2024-04-07 05:11:10.725000+00:00,9496.0,0.0,0.0,0.0,1.0,0.0,0.0,1.0,1232.0,3691.0,-3381.0,766.0,2,0.06972406503420077,-0.0025952226013430625,
2024-04-07 05:11:10.925000+00:00,9496.0,0.0,0.0,0.0,1.0,0.0,0.0,1.0,1232.0,3691.0,-3381.0,766.0,2,0.06972406503420077,-0.0025952226013430625,
2024-04-07 05:11:11.205000+00:00,9496.0,0.0,0.0,0.0,1.0,0.0,0.0,1.0,1232.0,3691.0,-3381.0,766.0,2,0.06972406503420077,-0.0025952226013430625,
2024-04-07 05:11:11.685000+00:00,9496.0,0.0,0.0,0.0,1.0,0.0,0.0,1.0,1232.0,3691.0,-3381.0,766.0,2,0.06972406503420077,-0.0025952226013430625,
2024-04-07 05:11:11.884000+00:00,9496.0,0.0,0.0,0.0,1.0,0.0,0.0,1.0,1232.0,3691.0,-3381.0,766.0,2,0.06972406503420077,-0.0025952226013430625,
2024-04-07 05:11:12.084000+00:00,9496.0,0.0,0.0,0.0,1.0,0.0,0.0,1.0,1232.0,3691.0,-3381.0,766.0,2,0.06972406503420077,-0.0025952226013430625,
2024-04-07 05:11:12.324000+00:00,9496.0,0.0,0.0,0.0,1.0,0.0,0.0,1.0,1232.0,3691.0,-3381.0,766.0,2,0.06972406503420077,-0.0025952226013430625,
2024-04-07 05:11:12.564000+00:00,9496.0,0.0,0.0,0.0,1.0,0.0,0.0,1.0,1232.0,3691.0,-3381.0,766.0,2,0.06972406503420077,-0.0025952226013430625,
2024-04-07 05:11:12.804000+00:00,9496.0,0.0,0.0,0.0,1.0,0.0,0.0,1.0,1232.0,3691.0,-3381.0,766.0,2,0.06972406503420077,-0.0025952226013430625,
2024-04-07 05:11:13.084000+00:00,9496.0,0.0,0.0,0.0,1.0,0.0,0.0,1.0,1232.0,3691.0,-3381.0,766.0,2,0.06972406503420077,-0.0025952226013430625,
2024-04-07 05:11:13.484000+00:00,9496.0,0.0,0.0,0.0,1.0,0.0,0.0,1.0,1232.0,3691.0,-3381.0,766.0,2,0.06972406503420077,-0.0025952226013430625,
2024-04-07 05:11:13.644000+00:00,9496.0,0.0,0.0,0.0,1.0,0.0,0.0,1.0,1232.0,3691.0,-3381.0,766.0,2,0.06972406503420077,-0.0025952226013430625,
2024-04-07 05:11:13.844000+00:00,9496.0,0.0,0.0,0.0,1.0,0.0,0.0,1.0,1232.0,3691.0,-3381.0,766.0,2,0.06972406503420077,-0.0025952226013430625,
2024-04-07 05:11:14.084000+00:00,9496.0,0.0,0.0,0.0,1.0,0.0,0.0,1.0,1232.0,3691.0,-3381.0,766.0,2,0.06972406503420077,-0.0025952226013430625,
2024-04-07 05:11:14.284000+00:00,9496.0,0.0,0.0,0.0,1.0,0.0,0.0,1.0,1232.0,3691.0,-3381.0,766.0,2,0.06972406503420077,-0.0025952226013430625,
2024-04-07 05:11:14.485000+00:00,9496.0,0.0,0.0,0.0,1.0,0.0,0.0,1.0,1232.0,3691.0,-3381.0,766.0,2,0.06972406503420077,-0.0025952226013430625,
2024-04-07 05:11:14.965000+00:00,9496.0,0.0,0.0,0.0,1.0,0.0,0.0,1.0,1232.0,3691.0,-3381.0,766.0,2,0.06972406503420077,-0.0025952226013430625,
2024-04-07 05:11:15.125000+00:00,9496.0,0.0,0.0,0.0,1.0,0.0,0.0,1.0,1232.0,3691.0,-3381.0,766.0,2,0.06972406503420077,-0.0025952226013430625,
2024-04-07 05:11:15.565000+00:00,9496.0,0.0,0.0,0.0,1.0,0.0,0.0,1.0,1232.0,3691.0,-3381.0,766.0,2,0.06972406503420077,-0.0025952226013430625,
2024-04-07 05:11:15.765000+00:00,9496.0,0.0,0.0,0.0,1.0,0.0,0.0,1.0,1232.0,3691.0,-3381.0,766.0,2,0.06972406503420077,-0.0025952226013430625,
2024-04-07 05:11:16.005000+00:00,9496.0,0.0,0.0,0.0,1.0,0.0,0.0,1.0,1232.0,3691.0,-3381.0,766.0,2,0.06972406503420077,-0.0025952226013430625,
2024-04-07 05:11:16.165000+00:00,9496.0,0.0,0.0,0.0,1.0,0.0,0.0,1.0,1232.0,3691.0,-3381.0,766.0,2,0.06972406503420077,-0.0025952226013430625,
2024-04-07 05:11:16.485000+00:00,9496.0,0.0,0.0,0.0,1.0,0.0,0.0,1.0,1232.0,3691.0,-3381.0,766.0,2,0.06972406503420077,-0.0025952226013430625,
2024-04-07 05:11:16.645000+00:00,9496.0,0.0,0.0,0.0,1.0,0.0,0.0,1.0,1232.0,3691.0,-3381.0,766.0,2,0.06972406503420077,-0.0025952226013430625,
2024-04-07 05:11:17.005000+00:00,9496.0,0.0,0.0,0.0,1.0,0.0,0.0,1.0,1232.0,3691.0,-3381.0,766.0,2,0.06972406503420077,-0.0025952226013430625,
2024-04-07 05:11:17.165000+00:00,9496.0,0.0,0.0,0.0,1.0,0.0,0.0,1.0,1232.0,3691.0,-3381.0,766.0,2,0.06972406503420077,-0.0025952226013430625,
2024-04-07 05:11:17.525000+00:00,9496.0,0.0,0.0,0.0,1.0,0.0,0.0,1.0,1232.0,3691.0,-3381.0,766.0,2,0.06972406503420077,-0.0025952226013430625,
2024-04-07 05:11:17.725000+00:00,9496.0,0.0,0.0,0.0,1.0,0.0,0.0,1.0,1232.0,3691.0,-3381.0,766.0,2,0.06972406503420077,-0.0025952226013430625,
2024-04-07 05:11:18.045000+00:00,9496.0,0.0,0.0,0.0,1.0,0.0,0.0,1.0,1232.0,3691.0,-3381.0,766.0,2,0.06972406503420077,-0.0025952226013430625,
2024-04-07 05:11:18.205000+00:00,9496.0,0.0,0.0,0.0,1.0,0.0,0.0,1.0,1232.0,3691.0,-3381.0,766.0,2,0.06972406503420077,-0.0025952226013430625,
2024-04-07 05:11:18.445000+00:00,9496.0,0.0,0.0,0.0,1.0,0.0,0.0,1.0,1232.0,3691.0,-3381.0,766.0,2,0.06972406503420077,-0.0025952226013430625,
2024-04-07 05:11:18.804000+00:00,9496.0,0.0,0.0,0.0,1.0,0.0,0.0,1.0,1232.0,3691.0,-3381.0,766.0,2,0.06972406503420077,-0.0025952226013430625,
2024-04-07 05:11:19.204000+00:00,9496.0,0.0,0.0,0.0,1.0,0.0,0.0,1.0,1232.0,3691.0,-3381.0,766.0,2,0.06972406503420077,-0.0025952226013430625,
2024-04-07 05:11:19.484000+00:00,9496.0,0.0,0.0,0.0,1.0,0.0,0.0,1.0,1232.0,3691.0,-3381.0,766.0,2,0.06972406503420077,-0.0025952226013430625,
2024-04-07 05:11:19.644000+00:00,9496.0,0.0,0.0,0.0,1.0,0.0,0.0,1.0,1232.0,3691.0,-3381.0,766.0,2,0.06972406503420077,-0.0025952226013430625,
2024-04-07 05:11:19.804000+00:00,9496.0,0.0,0.0,0.0,1.0,0.0,0.0,1.0,1232.0,3691.0,-3381.0,766.0,2,0.06972406503420077,-0.0025952226013430625,
2024-04-07 05:11:20.044000+00:00,9496.0,0.0,0.0,0.0,1.0,0.0,0.0,1.0,1232.0,3691.0,-3381.0,766.0,2,0.06972406503420077,-0.0025952226013430625,
2024-04-07 05:11:20.484000+00:00,9496.0,0.0,0.0,0.0,1.0,0.0,0.0,1.0,1232.0,3691.0,-3381.0,766.0,2,0.06972406503420077,-0.0025952226013430625,
2024-04-07 05:11:20.764000+00:00,9496.0,0.0,0.0,0.0,1.0,0.0,0.0,1.0,1232.0,3691.0,-3381.0,766.0,2,0.06972406503420077,-0.0025952226013430625,
2024-04-07 05:11:20.964000+00:00,9496.0,0.0,0.0,0.0,1.0,0.0,0.0,1.0,1232.0,3691.0,-3381.0,766.0,2,0.06972406503420077,-0.0025952226013430625,
2024-04-07 05:11:21.245000+00:00,9496.0,0.0,0.0,0.0,1.0,0.0,0.0,1.0,1232.0,3691.0,-3381.0,766.0,2,0.06972406503420077,-0.0025952226013430625,
2024-04-07 05:11:21.405000+00:00,9496.0,0.0,0.0,0.0,1.0,0.0,0.0,1.0,1232.0,3691.0,-3381.0,766.0,2,0.06972406503420077,-0.0025952226013430625,
2024-04-07 05:11:21.645000+00:00,9496.0,0.0,0.0,0.0,1.0,0.0,0.0,1.0,1232.0,3691.0,-3381.0,766.0,2,0.06972406503420077,-0.0025952226013430625,
2024-04-07 05:11:22.045000+00:00,9496.0,0.0,0.0,0.0,1.0,0.0,0.0,1.0,1232.0,3691.0,-3381.0,766.0,2,0.06972406503420077,-0.0025952226013430625,
2024-04-07 05:11:22.205000+00:00,9496.0,0.0,0.0,0.0,1.0,0.0,0.0,1.0,1232.0,3691.0,-3381.0,766.0,2,0.06972406503420077,-0.0025952226013430625,
2024-04-07 05:11:22.485000+00:00,9496.0,0.0,0.0,0.0,1.0,0.0,0.0,1.0,1232.0,3691.0,-3381.0,766.0,2,0.06972406503420077,-0.0025952226013430625,
2024-04-07 05:11:22.725000+00:00,9496.0,0.0,0.0,0.0,1.0,0.0,0.0,1.0,1232.0,3691.0,-3381.0,766.0,2,0.06972406503420077,-0.0025952226013430625,
2024-04-07 05:11:22.885000+00:00,9496.0,0.0,0.0,0.0,1.0,0.0,0.0,1.0,1232.0,3691.0,-3381.0,766.0,2,0.06972406503420077,-0.0025952226013430625,
2024-04-07 05:11:23.045000+00:00,9496.0,0.0,0.0,0.0,1.0,0.0,0.0,1.0,1232.0,3691.0,-3381.0,766.0,2,0.06972406503420077,-0.0025952226013430625,
2024-04-07 05:11:23.325000+00:00,9496.0,0.0,0.0,0.0,1.0,0.0,0.0,1.0,1232.0,3691.0,-3381.0,766.0,2,0.06972406503420077,-0.0025952226013430625,
2024-04-07 05:11:23.565000+00:00,9496.0,0.0,0.0,0.0,1.0,0.0,0.0,1.0,1232.0,3691.0,-3381.0,766.0,2,0.06972406503420077,-0.0025952226013430625,
2024-04-07 05:11:23.765000+00:00,9496.0,0.0,0.0,0.0,1.0,0.0,0.0,1.0,1232.0,3691.0,-3381.0,766.0,2,0.06972406503420077,-0.0025952226013430625,
2024-04-07 05:11:23.965000+00:00,9496.0,0.0,0.0,0.0,1.0,0.0,0.0,1.0,1232.0,3691.0,-3381.0,766.0,2,0.06972406503420077,-0.0025952226013430625,
2024-04-07 05:11:24.205000+00:00,9496.0,0.0,0.0,0.0,1.0,0.0,0.0,1.0,1232.0,3691.0,-3381.0,766.0,2,0.06972406503420077,-0.0025952226013430625,
2024-04-07 05:11:24.525000+00:00,9496.0,0.0,0.0,0.0,1.0,0.0,0.0,1.0,1232.0,3691.0,-3381.0,766.0,2,0.06972406503420077,-0.0025952226013430625,
2024-04-07 05:11:24.685000+00:00,9496.0,0.0,0.0,0.0,1.0,0.0,0.0,1.0,1232.0,3691.0,-3381.0,766.0,2,0.06972406503420077,-0.0025952226013430625,
2024-04-07 05:11:24.885000+00:00,9496.0,0.0,0.0,0.0,1.0,0.0,0.0,1.0,1232.0,3691.0,-3381.0,766.0,2,0.06972406503420077,-0.0025952226013430625,
2024-04-07 05:11:25.244000+00:00,9496.0,0.0,0.0,0.0,1.0,0.0,0.0,1.0,1232.0,3691.0,-3381.0,766.0,2,0.06972406503420077,-0.0025952226013430625,
2024-04-07 05:11:25.684000+00:00,9496.0,0.0,0.0,0.0,1.0,0.0,0.0,1.0,1232.0,3691.0,-3381.0,766.0,2,0.06972406503420077,-0.0025952226013430625,
2024-04-07 05:11:26.044000+00:00,9496.0,0.0,0.0,0.0,1.0,0.0,0.0,1.0,1232.0,3691.0,-3381.0,766.0,2,0.06972406503420077,-0.0025952226013430625,
2024-04-07 05:11:26.324000+00:00,9496.0,0.0,0.0,0.0,1.0,0.0,0.0,1.0,1232.0,3691.0,-3381.0,766.0,2,0.06972406503420077,-0.0025952226013430625,
2024-04-07 05:11:26.524000+00:00,9496.0,0.0,0.0,0.0,1.0,0.0,0.0,1.0,1232.0,3691.0,-3381.0,766.0,2,0.06972406503420077,-0.0025952226013430625,
2024-04-07 05:11:26.804000+00:00,9496.0,0.0,0.0,0.0,1.0,0.0,0.0,1.0,1232.0,3691.0,-3381.0,766.0,2,0.06972406503420077,-0.0025952226013430625,
2024-04-07 05:11:27.044000+00:00,9496.0,0.0,0.0,0.0,1.0,0.0,0.0,1.0,1232.0,3691.0,-3381.0,766.0,2,0.06972406503420077,-0.0025952226013430625,
2024-04-07 05:11:27.404000+00:00,9496.0,0.0,0.0,0.0,1.0,0.0,0.0,1.0,1232.0,3691.0,-3381.0,766.0,2,0.06972406503420077,-0.0025952226013430625,
2024-04-07 05:11:27.645000+00:00,9496.0,0.0,0.0,0.0,1.0,0.0,0.0,1.0,1232.0,3691.0,-3381.0,766.0,2,0.06972406503420077,-0.0025952226013430625,
2024-04-07 05:11:27.805000+00:00,9496.0,0.0,0.0,0.0,1.0,0.0,0.0,1.0,1232.0,3691.0,-3381.0,766.0,2,0.06972406503420077,-0.0025952226013430625,
2024-04-07 05:11:28.005000+00:00,9496.0,0.0,0.0,0.0,1.0,0.0,0.0,1.0,1232.0,3691.0,-3381.0,766.0,2,0.06972406503420077,-0.0025952226013430625,
2024-04-07 05:11:28.325000+00:00,9496.0,0.0,0.0,0.0,1.0,0.0,0.0,1.0,1232.0,3691.0,-3381.0,766.0,2,0.06972406503420077,-0.0025952226013430625,
2024-04-07 05:11:28.525000+00:00,9496.0,0.0,0.0,0.0,1.0,0.0,0.0,1.0,1232.0,3691.0,-3381.0,766.0,2,0.06972406503420077,-0.0025952226013430625,
2024-04-07 05:11:28.925000+00:00,9496.0,0.0,0.0,0.0,1.0,0.0,0.0,1.0,1232.0,3691.0,-3381.0,766.0,2,0.06972406503420077,-0.0025952226013430625,
2024-04-07 05:11:29.325000+00:00,9496.0,0.0,0.0,0.0,1.0,0.0,0.0,1.0,1232.0,3691.0,-3381.0,766.0,2,0.06972406503420077,-0.0025952226013430625,
2024-04-07 05:11:29.565000+00:00,9496.0,0.0,0.0,0.0,1.0,0.0,0.0,1.0,1232.0,3691.0,-3381.0,766.0,2,0.06972406503420077,-0.0025952226013430625,
2024-04-07 05:11:29.845000+00:00,9496.0,0.0,0.0,0.0,1.0,0.0,0.0,1.0,1232.0,3691.0,-3381.0,766.0,2,0.06972406503420077,-0.0025952226013430625,
2024-04-07 05:11:30.165000+00:00,9496.0,0.0,0.0,0.0,1.0,0.0,0.0,1.0,1232.0,3691.0,-3381.0,766.0,2,0.06972406503420077,-0.0025952226013430625,
2024-04-07 05:11:30.325000+00:00,9496.0,0.0,0.0,0.0,1.0,0.0,0.0,1.0,1232.0,3691.0,-3381.0,766.0,2,0.06972406503420077,-0.0025952226013430625,
2024-04-07 05:11:30.485000+00:00,9496.0,0.0,0.0,0.0,1.0,0.0,0.0,1.0,1232.0,3691.0,-3381.0,766.0,2,0.06972406503420077,-0.0025952226013430625,
2024-04-07 05:11:30.685000+00:00,9496.0,0.0,0.0,0.0,1.0,0.0,0.0,1.0,1232.0,3691.0,-3381.0,766.0,2,0.06972406503420077,-0.0025952226013430625,
2024-04-07 05:11:31.005000+00:00,9496.0,0.0,0.0,0.0,1.0,0.0,0.0,1.0,1232.0,3691.0,-3381.0,766.0,2,0.06972406503420077,-0.0025952226013430625,
2024-04-07 05:11:31.285000+00:00,9496.0,0.0,0.0,0.0,1.0,0.0,0.0,1.0,1232.0,3691.0,-3381.0,766.0,2,0.06972406503420077,-0.0025952226013430625,
2024-04-07 05:11:31.645000+00:00,9496.0,0.0,0.0,0.0,1.0,0.0,0.0,1.0,1232.0,3691.0,-3381.0,766.0,2,0.06972406503420077,-0.0025952226013430625,
2024-04-07 05:11:31.964000+00:00,9496.0,0.0,0.0,0.0,1.0,0.0,0.0,1.0,1232.0,3691.0,-3381.0,766.0,2,0.06972406503420077,-0.0025952226013430625,
2024-04-07 05:11:32.244000+00:00,9496.0,0.0,0.0,0.0,1.0,0.0,0.0,1.0,1232.0,3691.0,-3381.0,766.0,2,0.06972406503420077,-0.0025952226013430625,
2024-04-07 05:11:32.604000+00:00,9496.0,0.0,0.0,0.0,1.0,0.0,0.0,1.0,1232.0,3691.0,-3381.0,766.0,2,0.06972406503420077,-0.0025952226013430625,
2024-04-07 05:11:32.844000+00:00,9496.0,0.0,0.0,0.0,1.0,0.0,0.0,1.0,1232.0,3691.0,-3381.0,766.0,2,0.06972406503420077,-0.0025952226013430625,
2024-04-07 05:11:33.204000+00:00,9496.0,0.0,0.0,0.0,1.0,0.0,0.0,1.0,1232.0,3691.0,-3381.0,766.0,2,0.06972406503420077,-0.0025952226013430625,
2024-04-07 05:11:33.684000+00:00,9496.0,0.0,0.0,0.0,1.0,0.0,0.0,1.0,1232.0,3691.0,-3381.0,766.0,2,0.06972406503420077,-0.0025952226013430625,
2024-04-07 05:11:33.924000+00:00,9496.0,0.0,0.0,0.0,1.0,0.0,0.0,1.0,1232.0,3691.0,-3381.0,766.0,2,0.06972406503420077,-0.0025952226013430625,
2024-04-07 05:11:34.124000+00:00,9496.0,0.0,0.0,0.0,1.0,0.0,0.0,1.0,1232.0,3691.0,-3381.0,766.0,2,0.06972406503420077,-0.0025952226013430625,
2024-04-07 05:11:34.525000+00:00,9496.0,0.0,0.0,0.0,1.0,0.0,0.0,1.0,1232.0,3691.0,-3381.0,766.0,2,0.06972406503420077,-0.0025952226013430625,
2024-04-07 05:11:34.885000+00:00,9496.0,0.0,0.0,0.0,1.0,0.0,0.0,1.0,1232.0,3691.0,-3381.0,766.0,2,0.06972406503420077,-0.0025952226013430625,
2024-04-07 05:11:35.245000+00:00,9496.0,0.0,0.0,0.0,1.0,0.0,0.0,1.0,1232.0,3691.0,-3381.0,766.0,2,0.06972406503420077,-0.0025952226013430625,
2024-04-07 05:11:35.445000+00:00,9496.0,0.0,0.0,0.0,1.0,0.0,0.0,1.0,1232.0,3691.0,-3381.0,766.0,2,0.06972406503420077,-0.0025952226013430625,
2024-04-07 05:11:35.645000+00:00,9496.0,0.0,0.0,0.0,1.0,0.0,0.0,1.0,1232.0,3691.0,-3381.0,766.0,2,0.06972406503420077,-0.0025952226013430625,
2024-04-07 05:11:35.845000+00:00,9496.0,0.0,0.0,0.0,1.0,0.0,0.0,1.0,1232.0,3691.0,-3381.0,766.0,2,0.06972406503420077,-0.0025952226013430625,
2024-04-07 05:11:36.605000+00:00,9496.0,0.0,0.0,0.0,1.0,0.0,0.0,1.0,1232.0,3691.0,-3381.0,766.0,2,0.06972406503420077,-0.0025952226013430625,
2024-04-07 05:11:36.765000+00:00,9496.0,0.0,0.0,0.0,1.0,0.0,0.0,1.0,1232.0,3691.0,-3381.0,766.0,2,0.06972406503420077,-0.0025952226013430625,
2024-04-07 05:11:36.925000+00:00,9496.0,0.0,0.0,0.0,1.0,0.0,0.0,1.0,1232.0,3691.0,-3381.0,766.0,2,0.06972406503420077,-0.0025952226013430625,
2024-04-07 05:11:37.285000+00:00,9496.0,0.0,0.0,0.0,1.0,0.0,0.0,1.0,1232.0,3691.0,-3381.0,766.0,2,0.06972406503420077,-0.0025952226013430625,
2024-04-07 05:11:37.525000+00:00,9496.0,0.0,0.0,0.0,1.0,0.0,0.0,1.0,1232.0,3691.0,-3381.0,766.0,2,0.06972406503420077,-0.0025952226013430625,
2024-04-07 05:11:37.805000+00:00,9496.0,0.0,0.0,0.0,1.0,0.0,0.0,1.0,1232.0,3691.0,-3381.0,766.0,2,0.06972406503420077,-0.0025952226013430625,
2024-04-07 05:11:37.965000+00:00,9496.0,0.0,0.0,0.0,1.0,0.0,0.0,1.0,1232.0,3691.0,-3381.0,766.0,2,0.06972406503420077,-0.0025952226013430625,
2024-04-07 05:11:38.205000+00:00,9496.0,0.0,0.0,0.0,1.0,0.0,0.0,1.0,1232.0,3691.0,-3381.0,766.0,2,0.06972406503420077,-0.0025952226013430625,
2024-04-07 05:11:38.405000+00:00,9496.0,0.0,0.0,0.0,1.0,0.0,0.0,1.0,1232.0,3691.0,-3381.0,766.0,2,0.06972406503420077,-0.0025952226013430625,
2024-04-07 05:11:39.004000+00:00,9496.0,0.0,0.0,0.0,1.0,0.0,0.0,1.0,1232.0,3691.0,-3381.0,766.0,2,0.06972406503420077,-0.0025952226013430625,
2024-04-07 05:11:39.364000+00:00,9496.0,0.0,0.0,0.0,1.0,0.0,0.0,1.0,1232.0,3691.0,-3381.0,766.0,2,0.06972406503420077,-0.0025952226013430625,
2024-04-07 05:11:39.564000+00:00,9496.0,0.0,0.0,0.0,1.0,0.0,0.0,1.0,1232.0,3691.0,-3381.0,766.0,2,0.06972406503420077,-0.0025952226013430625,
2024-04-07 05:11:39.724000+00:00,9496.0,0.0,0.0,0.0,1.0,0.0,0.0,1.0,1232.0,3691.0,-3381.0,766.0,2,0.06972406503420077,-0.0025952226013430625,
2024-04-07 05:11:39.884000+00:00,9496.0,0.0,0.0,0.0,1.0,0.0,0.0,1.0,1232.0,3691.0,-3381.0,766.0,2,0.06972406503420077,-0.0025952226013430625,
2024-04-07 05:11:40.044000+00:00,9496.0,0.0,0.0,0.0,1.0,0.0,0.0,1.0,1232.0,3691.0,-3381.0,766.0,2,0.06972406503420077,-0.0025952226013430625,
2024-04-07 05:11:40.284000+00:00,9496.0,0.0,0.0,0.0,1.0,0.0,0.0,1.0,1232.0,3691.0,-3381.0,766.0,2,0.06972406503420077,-0.0025952226013430625,
2024-04-07 05:11:40.524000+00:00,9496.0,0.0,0.0,0.0,1.0,0.0,0.0,1.0,1232.0,3691.0,-3381.0,766.0,2,0.06972406503420077,-0.0025952226013430625,
2024-04-07 05:11:40.765000+00:00,9496.0,0.0,0.0,0.0,1.0,0.0,0.0,1.0,1232.0,3691.0,-3381.0,766.0,2,0.06972406503420077,-0.0025952226013430625,
2024-04-07 05:11:41.205000+00:00,9496.0,0.0,0.0,0.0,1.0,0.0,0.0,1.0,1232.0,3691.0,-3381.0,766.0,2,0.06972406503420077,-0.0025952226013430625,
2024-04-07 05:11:41.365000+00:00,9496.0,0.0,0.0,0.0,1.0,0.0,0.0,1.0,1232.0,3691.0,-3381.0,766.0,2,0.06972406503420077,-0.0025952226013430625,
2024-04-07 05:11:41.565000+00:00,9496.0,0.0,0.0,0.0,1.0,0.0,0.0,1.0,1232.0,3691.0,-3381.0,766.0,2,0.06972406503420077,-0.0025952226013430625,
2024-04-07 05:11:41.725000+00:00,9496.0,0.0,0.0,0.0,1.0,0.0,0.0,1.0,1232.0,3691.0,-3381.0,766.0,2,0.06972406503420077,-0.0025952226013430625,
2024-04-07 05:11:42.005000+00:00,9496.0,0.0,0.0,0.0,1.0,0.0,0.0,1.0,1232.0,3691.0,-3381.0,766.0,2,0.06972406503420077,-0.0025952226013430625,
2024-04-07 05:11:42.285000+00:00,9496.0,0.0,0.0,0.0,1.0,0.0,0.0,1.0,1232.0,3691.0,-3381.0,766.0,2,0.06972406503420077,-0.0025952226013430625,
2024-04-07 05:11:42.485000+00:00,9496.0,0.0,0.0,0.0,1.0,0.0,0.0,1.0,1232.0,3691.0,-3381.0,766.0,2,0.06972406503420077,-0.0025952226013430625,
2024-04-07 05:11:43.045000+00:00,9496.0,0.0,0.0,0.0,1.0,0.0,0.0,1.0,1232.0,3691.0,-3381.0,766.0,2,0.06972406503420077,-0.0025952226013430625,
2024-04-07 05:11:43.285000+00:00,9496.0,0.0,0.0,0.0,1.0,0.0,0.0,1.0,1232.0,3691.0,-3381.0,766.0,2,0.06972406503420077,-0.0025952226013430625,
2024-04-07 05:11:43.725000+00:00,9496.0,0.0,0.0,0.0,1.0,0.0,0.0,1.0,1232.0,3691.0,-3381.0,766.0,2,0.06972406503420077,-0.0025952226013430625,
2024-04-07 05:11:43.925000+00:00,9496.0,0.0,0.0,0.0,1.0,0.0,0.0,1.0,1232.0,3691.0,-3381.0,766.0,2,0.06972406503420077,-0.0025952226013430625,
2024-04-07 05:11:44.085000+00:00,9496.0,0.0,0.0,0.0,1.0,0.0,0.0,1.0,1232.0,3691.0,-3381.0,766.0,2,0.06972406503420077,-0.0025952226013430625,
2024-04-07 05:11:44.485000+00:00,9496.0,0.0,0.0,0.0,1.0,0.0,0.0,1.0,1232.0,3691.0,-3381.0,766.0,2,0.06972406503420077,-0.0025952226013430625,
2024-04-07 05:11:44.645000+00:00,9496.0,0.0,0.0,0.0,1.0,0.0,0.0,1.0,1232.0,3691.0,-3381.0,766.0,2,0.06972406503420077,-0.0025952226013430625,
2024-04-07 05:11:44.845000+00:00,9496.0,0.0,0.0,0.0,1.0,0.0,0.0,1.0,1232.0,3691.0,-3381.0,766.0,2,0.06972406503420077,-0.0025952226013430625,
2024-04-07 05:11:45.085000+00:00,9496.0,0.0,0.0,0.0,1.0,0.0,0.0,1.0,1232.0,3691.0,-3381.0,766.0,2,0.06972406503420077,-0.0025952226013430625,
2024-04-07 05:11:45.404000+00:00,9496.0,0.0,0.0,0.0,1.0,0.0,0.0,1.0,1232.0,3691.0,-3381.0,766.0,2,0.06972406503420077,-0.0025952226013430625,
2024-04-07 05:11:45.604000+00:00,9496.0,0.0,0.0,0.0,1.0,0.0,0.0,1.0,1232.0,3691.0,-3381.0,766.0,2,0.06972406503420077,-0.0025952226013430625,
2024-04-07 05:11:45.844000+00:00,9496.0,0.0,0.0,0.0,1.0,0.0,0.0,1.0,1232.0,3691.0,-3381.0,766.0,2,0.06972406503420077,-0.0025952226013430625,
2024-04-07 05:11:46.084000+00:00,9496.0,0.0,0.0,0.0,1.0,0.0,0.0,1.0,1232.0,3691.0,-3381.0,766.0,2,0.06972406503420077,-0.0025952226013430625,
2024-04-07 05:11:46.284000+00:00,9496.0,0.0,0.0,0.0,1.0,0.0,0.0,1.0,1232.0,3691.0,-3381.0,766.0,2,0.06972406503420077,-0.0025952226013430625,
2024-04-07 05:11:46.564000+00:00,9496.0,0.0,0.0,0.0,1.0,0.0,0.0,1.0,1232.0,3691.0,-3381.0,766.0,2,0.06972406503420077,-0.0025952226013430625,
2024-04-07 05:11:46.764000+00:00,9496.0,0.0,0.0,0.0,1.0,0.0,0.0,1.0,1232.0,3691.0,-3381.0,766.0,2,0.06972406503420077,-0.0025952226013430625,
2024-04-07 05:11:47.004000+00:00,9496.0,0.0,0.0,0.0,1.0,0.0,0.0,1.0,1232.0,3691.0,-3381.0,766.0,2,0.06972406503420077,-0.0025952226013430625,
2024-04-07 05:11:47.164000+00:00,9496.0,0.0,0.0,0.0,1.0,0.0,0.0,1.0,1232.0,3691.0,-3381.0,766.0,2,0.06972406503420077,-0.0025952226013430625,
2024-04-07 05:11:47.605000+00:00,9496.0,0.0,0.0,0.0,1.0,0.0,0.0,1.0,1232.0,3691.0,-3381.0,766.0,2,0.06972406503420077,-0.0025952226013430625,
2024-04-07 05:11:47.765000+00:00,9496.0,0.0,0.0,0.0,1.0,0.0,0.0,1.0,1232.0,3691.0,-3381.0,766.0,2,0.06972406503420077,-0.0025952226013430625,
2024-04-07 05:11:47.965000+00:00,9496.0,0.0,0.0,0.0,1.0,0.0,0.0,1.0,1232.0,3691.0,-3381.0,766.0,2,0.06972406503420077,-0.0025952226013430625,
2024-04-07 05:11:48.205000+00:00,9496.0,0.0,0.0,0.0,1.0,0.0,0.0,1.0,1232.0,3691.0,-3381.0,766.0,2,0.06972406503420077,-0.0025952226013430625,
2024-04-07 05:11:48.365000+00:00,9496.0,0.0,0.0,0.0,1.0,0.0,0.0,1.0,1232.0,3691.0,-3381.0,766.0,2,0.06972406503420077,-0.0025952226013430625,
2024-04-07 05:11:48.685000+00:00,9496.0,0.0,0.0,0.0,1.0,0.0,0.0,1.0,1232.0,3691.0,-3381.0,766.0,2,0.06972406503420077,-0.0025952226013430625,
2024-04-07 05:11:48.885000+00:00,9496.0,0.0,0.0,0.0,1.0,0.0,0.0,1.0,1232.0,3691.0,-3381.0,766.0,2,0.06972406503420077,-0.0025952226013430625,
2024-04-07 05:11:49.525000+00:00,9496.0,0.0,0.0,0.0,1.0,0.0,0.0,1.0,1232.0,3691.0,-3381.0,766.0,2,0.06972406503420077,-0.0025952226013430625,
2024-04-07 05:11:49.725000+00:00,9496.0,0.0,0.0,0.0,1.0,0.0,0.0,1.0,1232.0,3691.0,-3381.0,766.0,2,0.06972406503420077,-0.0025952226013430625,
2024-04-07 05:11:49.885000+00:00,9496.0,0.0,0.0,0.0,1.0,0.0,0.0,1.0,1232.0,3691.0,-3381.0,766.0,2,0.06972406503420077,-0.0025952226013430625,
2024-04-07 05:11:50.165000+00:00,9496.0,0.0,0.0,0.0,1.0,0.0,0.0,1.0,1232.0,3691.0,-3381.0,766.0,2,0.06972406503420077,-0.0025952226013430625,
2024-04-07 05:11:50.445000+00:00,9496.0,0.0,0.0,0.0,1.0,0.0,0.0,1.0,1232.0,3691.0,-3381.0,766.0,2,0.06972406503420077,-0.0025952226013430625,
2024-04-07 05:11:50.685000+00:00,9496.0,0.0,0.0,0.0,1.0,0.0,0.0,1.0,1232.0,3691.0,-3381.0,766.0,2,0.06972406503420077,-0.0025952226013430625,
2024-04-07 05:11:50.925000+00:00,9496.0,0.0,0.0,0.0,1.0,0.0,0.0,1.0,1232.0,3691.0,-3381.0,766.0,2,0.06972406503420077,-0.0025952226013430625,
2024-04-07 05:11:51.285000+00:00,9496.0,0.0,0.0,0.0,1.0,0.0,0.0,1.0,1232.0,3691.0,-3381.0,766.0,2,0.06972406503420077,-0.0025952226013430625,
2024-04-07 05:11:51.605000+00:00,9496.0,0.0,0.0,0.0,1.0,0.0,0.0,1.0,1232.0,3691.0,-3381.0,766.0,2,0.06972406503420077,-0.0025952226013430625,
2024-04-07 05:11:51.805000+00:00,9496.0,0.0,0.0,0.0,1.0,0.0,0.0,1.0,1232.0,3691.0,-3381.0,766.0,2,0.06972406503420077,-0.0025952226013430625,
2024-04-07 05:11:52.124000+00:00,9496.0,0.0,0.0,0.0,1.0,0.0,0.0,1.0,1232.0,3691.0,-3381.0,766.0,2,0.06972406503420077,-0.0025952226013430625,
2024-04-07 05:11:52.524000+00:00,9496.0,0.0,0.0,0.0,1.0,0.0,0.0,1.0,1232.0,3691.0,-3381.0,766.0,2,0.06972406503420077,-0.0025952226013430625,
2024-04-07 05:11:52.884000+00:00,9496.0,0.0,0.0,0.0,1.0,0.0,0.0,1.0,1232.0,3691.0,-3381.0,766.0,2,0.06972406503420077,-0.0025952226013430625,
2024-04-07 05:11:53.204000+00:00,9496.0,0.0,0.0,0.0,1.0,0.0,0.0,1.0,1232.0,3691.0,-3381.0,766.0,2,0.06972406503420077,-0.0025952226013430625,
2024-04-07 05:11:53.484000+00:00,9496.0,0.0,0.0,0.0,1.0,0.0,0.0,1.0,1232.0,3691.0,-3381.0,766.0,2,0.06972406503420077,-0.0025952226013430625,
2024-04-07 05:11:53.884000+00:00,9496.0,0.0,0.0,0.0,1.0,0.0,0.0,1.0,1232.0,3691.0,-3381.0,766.0,2,0.06972406503420077,-0.0025952226013430625,
2024-04-07 05:11:54.125000+00:00,9496.0,0.0,0.0,0.0,1.0,0.0,0.0,1.0,1232.0,3691.0,-3381.0,766.0,2,0.06972406503420077,-0.0025952226013430625,
2024-04-07 05:11:54.365000+00:00,9496.0,0.0,0.0,0.0,1.0,0.0,0.0,1.0,1232.0,3691.0,-3381.0,766.0,2,0.06972406503420077,-0.0025952226013430625,
2024-04-07 05:11:54.565000+00:00,9496.0,0.0,0.0,0.0,1.0,0.0,0.0,1.0,1232.0,3691.0,-3381.0,766.0,2,0.06972406503420077,-0.0025952226013430625,
2024-04-07 05:11:54.965000+00:00,9496.0,0.0,0.0,0.0,1.0,0.0,0.0,1.0,1232.0,3691.0,-3381.0,766.0,2,0.06972406503420077,-0.0025952226013430625,
2024-04-07 05:11:55.205000+00:00,9496.0,0.0,0.0,0.0,1.0,0.0,0.0,1.0,1232.0,3691.0,-3381.0,766.0,2,0.06972406503420077,-0.0025952226013430625,
2024-04-07 05:11:55.605000+00:00,9496.0,0.0,0.0,0.0,1.0,0.0,0.0,1.0,1232.0,3691.0,-3381.0,766.0,2,0.06972406503420077,-0.0025952226013430625,
2024-04-07 05:11:55.765000+00:00,9496.0,0.0,0.0,0.0,1.0,0.0,0.0,1.0,1232.0,3691.0,-3381.0,766.0,2,0.06972406503420077,-0.0025952226013430625,
2024-04-07 05:11:55.925000+00:00,9496.0,0.0,0.0,0.0,1.0,0.0,0.0,1.0,1232.0,3691.0,-3381.0,766.0,2,0.06972406503420077,-0.0025952226013430625,
2024-04-07 05:11:56.085000+00:00,9496.0,0.0,0.0,0.0,1.0,0.0,0.0,1.0,1232.0,3691.0,-3381.0,766.0,2,0.06972406503420077,-0.0025952226013430625,
2024-04-07 05:11:56.325000+00:00,9496.0,0.0,0.0,0.0,1.0,0.0,0.0,1.0,1232.0,3691.0,-3381.0,766.0,2,0.06972406503420077,-0.0025952226013430625,
2024-04-07 05:11:56.645000+00:00,9496.0,0.0,0.0,0.0,1.0,0.0,0.0,1.0,1232.0,3691.0,-3381.0,766.0,2,0.06972406503420077,-0.0025952226013430625,
2024-04-07 05:11:56.845000+00:00,9496.0,0.0,0.0,0.0,1.0,0.0,0.0,1.0,1232.0,3691.0,-3381.0,766.0,2,0.06972406503420077,-0.0025952226013430625,
2024-04-07 05:11:57.085000+00:00,9496.0,0.0,0.0,0.0,1.0,0.0,0.0,1.0,1232.0,3691.0,-3381.0,766.0,2,0.06972406503420077,-0.0025952226013430625,
2024-04-07 05:11:57.285000+00:00,9496.0,0.0,0.0,0.0,1.0,0.0,0.0,1.0,1232.0,3691.0,-3381.0,766.0,2,0.06972406503420077,-0.0025952226013430625,
2024-04-07 05:11:57.645000+00:00,9496.0,0.0,0.0,0.0,1.0,0.0,0.0,1.0,1232.0,3691.0,-3381.0,766.0,2,0.06972406503420077,-0.0025952226013430625,
2024-04-07 05:11:58.125000+00:00,9496.0,0.0,0.0,0.0,1.0,0.0,0.0,1.0,1232.0,3691.0,-3381.0,766.0,2,0.06972406503420077,-0.0025952226013430625,
2024-04-07 05:11:58.525000+00:00,9496.0,0.0,0.0,0.0,1.0,0.0,0.0,1.0,1232.0,3691.0,-3381.0,766.0,2,0.06972406503420077,-0.0025952226013430625,
2024-04-07 05:11:58.685000+00:00,9496.0,0.0,0.0,0.0,1.0,0.0,0.0,1.0,1232.0,3691.0,-3381.0,766.0,2,0.06972406503420077,-0.0025952226013430625,
2024-04-07 05:11:58.884000+00:00,9496.0,0.0,0.0,0.0,1.0,0.0,0.0,1.0,1232.0,3691.0,-3381.0,766.0,2,0.06972406503420077,-0.0025952226013430625,
2024-04-07 05:11:59.364000+00:00,9496.0,0.0,0.0,0.0,1.0,0.0,0.0,1.0,1232.0,3691.0,-3381.0,766.0,2,0.06972406503420077,-0.0025952226013430625,
2024-04-07 05:11:59.524000+00:00,9496.0,0.0,0.0,0.0,1.0,0.0,0.0,1.0,1232.0,3691.0,-3381.0,766.0,2,0.06972406503420077,-0.0025952226013430625,
2024-04-07 05:11:59.724000+00:00,9496.0,0.0,0.0,0.0,1.0,0.0,0.0,1.0,1232.0,3691.0,-3381.0,766.0,2,0.06972406503420077,-0.0025952226013430625,
2024-04-07 05:12:00.164000+00:00,9496.0,0.0,0.0,0.0,1.0,0.0,0.0,1.0,1232.0,3691.0,-3381.0,766.0,2,0.06972406503420077,-0.0025952226013430625,
2024-04-07 05:12:00.444000+00:00,9496.0,0.0,0.0,0.0,1.0,0.0,0.0,1.0,1232.0,3691.0,-3381.0,766.0,2,0.06972406503420077,-0.0025952226013430625,
2024-04-07 05:12:00.645000+00:00,9496.0,0.0,0.0,0.0,1.0,0.0,0.0,1.0,1232.0,3691.0,-3381.0,766.0,2,0.06972406503420077,-0.0025952226013430625,
2024-04-07 05:12:01.005000+00:00,9496.0,0.0,0.0,0.0,1.0,0.0,0.0,1.0,1232.0,3691.0,-3381.0,766.0,2,0.06972406503420077,-0.0025952226013430625,
2024-04-07 05:12:01.285000+00:00,9496.0,0.0,0.0,0.0,1.0,0.0,0.0,1.0,1232.0,3691.0,-3381.0,766.0,2,0.06972406503420077,-0.0025952226013430625,
2024-04-07 05:12:01.565000+00:00,9496.0,0.0,0.0,0.0,1.0,0.0,0.0,1.0,1232.0,3691.0,-3381.0,766.0,2,0.06972406503420077,-0.0025952226013430625,
2024-04-07 05:12:01.805000+00:00,9496.0,0.0,0.0,0.0,1.0,0.0,0.0,1.0,1232.0,3691.0,-3381.0,766.0,2,0.06972406503420077,-0.0025952226013430625,
2024-04-07 05:12:02.005000+00:00,9496.0,0.0,0.0,0.0,1.0,0.0,0.0,1.0,1232.0,3691.0,-3381.0,766.0,2,0.06972406503420077,-0.0025952226013430625,
2024-04-07 05:12:02.165000+00:00,9496.0,0.0,0.0,0.0,1.0,0.0,0.0,1.0,1232.0,3691.0,-3381.0,766.0,2,0.06972406503420077,-0.0025952226013430625,
2024-04-07 05:12:02.525000+00:00,9496.0,0.0,0.0,0.0,1.0,0.0,0.0,1.0,1232.0,3691.0,-3381.0,766.0,2,0.06972406503420077,-0.0025952226013430625,
2024-04-07 05:12:02.885000+00:00,9496.0,0.0,0.0,0.0,1.0,0.0,0.0,1.0,1232.0,3691.0,-3381.0,766.0,2,0.06972406503420077,-0.0025952226013430625,
2024-04-07 05:12:03.085000+00:00,9496.0,0.0,0.0,0.0,1.0,0.0,0.0,1.0,1232.0,3691.0,-3381.0,766.0,2,0.06972406503420077,-0.0025952226013430625,
2024-04-07 05:12:03.285000+00:00,9496.0,0.0,0.0,0.0,1.0,0.0,0.0,1.0,1232.0,3691.0,-3381.0,766.0,2,0.06972406503420077,-0.0025952226013430625,
2024-04-07 05:12:03.685000+00:00,9496.0,0.0,0.0,0.0,1.0,0.0,0.0,1.0,1232.0,3691.0,-3381.0,766.0,2,0.06972406503420077,-0.0025952226013430625,
2024-04-07 05:12:04.045000+00:00,9496.0,0.0,0.0,0.0,1.0,0.0,0.0,1.0,1232.0,3691.0,-3381.0,766.0,2,0.06972406503420077,-0.0025952226013430625,
2024-04-07 05:12:04.285000+00:00,9496.0,0.0,0.0,0.0,1.0,0.0,0.0,1.0,1232.0,3691.0,-3381.0,766.0,2,0.06972406503420077,-0.0025952226013430625,
2024-04-07 05:12:04.685000+00:00,9496.0,0.0,0.0,0.0,1.0,0.0,0.0,1.0,1232.0,3691.0,-3381.0,766.0,2,0.06972406503420077,-0.0025952226013430625,
2024-04-07 05:12:04.885000+00:00,9496.0,0.0,0.0,0.0,1.0,0.0,0.0,1.0,1232.0,3691.0,-3381.0,766.0,2,0.06972406503420077,-0.0025952226013430625,
2024-04-07 05:12:05.285000+00:00,9496.0,0.0,0.0,0.0,1.0,0.0,0.0,1.0,1232.0,3691.0,-3381.0,766.0,2,0.06972406503420077,-0.0025952226013430625,
2024-04-07 05:12:05.604000+00:00,9496.0,0.0,0.0,0.0,1.0,0.0,0.0,1.0,1232.0,3691.0,-3381.0,766.0,2,0.06972406503420077,-0.0025952226013430625,
2024-04-07 05:12:05.764000+00:00,9496.0,0.0,0.0,0.0,1.0,0.0,0.0,1.0,1232.0,3691.0,-3381.0,766.0,2,0.06972406503420077,-0.0025952226013430625,
2024-04-07 05:12:06.084000+00:00,9496.0,0.0,0.0,0.0,1.0,0.0,0.0,1.0,1232.0,3691.0,-3381.0,766.0,2,0.06972406503420077,-0.0025952226013430625,
2024-04-07 05:12:06.284000+00:00,9496.0,0.0,0.0,0.0,1.0,0.0,0.0,1.0,1232.0,3691.0,-3381.0,766.0,2,0.06972406503420077,-0.0025952226013430625,
2024-04-07 05:12:06.524000+00:00,9496.0,0.0,0.0,0.0,1.0,0.0,0.0,1.0,1232.0,3691.0,-3381.0,766.0,2,0.06972406503420077,-0.0025952226013430625,
2024-04-07 05:12:06.684000+00:00,9496.0,0.0,0.0,0.0,1.0,0.0,0.0,1.0,1232.0,3691.0,-3381.0,766.0,2,0.06972406503420077,-0.0025952226013430625,
2024-04-07 05:12:06.844000+00:00,9496.0,0.0,0.0,0.0,1.0,0.0,0.0,1.0,1232.0,3691.0,-3381.0,766.0,2,0.06972406503420077,-0.0025952226013430625,
2024-04-07 05:12:07.125000+00:00,9496.0,0.0,0.0,0.0,1.0,0.0,0.0,1.0,1232.0,3691.0,-3381.0,766.0,2,0.06972406503420077,-0.0025952226013430625,
2024-04-07 05:12:07.445000+00:00,9496.0,0.0,0.0,0.0,1.0,0.0,0.0,1.0,1232.0,3691.0,-3381.0,766.0,2,0.06972406503420077,-0.0025952226013430625,
2024-04-07 05:12:07.645000+00:00,9496.0,0.0,0.0,0.0,1.0,0.0,0.0,1.0,1232.0,3691.0,-3381.0,766.0,2,0.06972406503420077,-0.0025952226013430625,
2024-04-07 05:12:07.965000+00:00,9496.0,0.0,0.0,0.0,1.0,0.0,0.0,1.0,1232.0,3691.0,-3381.0,766.0,2,0.06972406503420077,-0.0025952226013430625,
2024-04-07 05:12:08.245000+00:00,9496.0,0.0,0.0,0.0,1.0,0.0,0.0,1.0,1232.0,3691.0,-3381.0,766.0,2,0.06972406503420077,-0.0025952226013430625,
2024-04-07 05:12:08.565000+00:00,9496.0,0.0,0.0,0.0,1.0,0.0,0.0,1.0,1232.0,3691.0,-3381.0,766.0,2,0.06972406503420077,-0.0025952226013430625,
2024-04-07 05:12:08.765000+00:00,9496.0,0.0,0.0,0.0,1.0,0.0,0.0,1.0,1232.0,3691.0,-3381.0,766.0,2,0.06972406503420077,-0.0025952226013430625,
2024-04-07 05:12:09.125000+00:00,9496.0,0.0,0.0,0.0,1.0,0.0,0.0,1.0,1232.0,3691.0,-3381.0,766.0,2,0.06972406503420077,-0.0025952226013430625,
2024-04-07 05:12:09.805000+00:00,9496.0,0.0,0.0,0.0,1.0,0.0,0.0,1.0,1232.0,3691.0,-3381.0,766.0,2,0.06972406503420077,-0.0025952226013430625,
2024-04-07 05:12:10.005000+00:00,9496.0,0.0,0.0,0.0,1.0,0.0,0.0,1.0,1232.0,3691.0,-3381.0,766.0,2,0.06972406503420077,-0.0025952226013430625,
2024-04-07 05:12:10.165000+00:00,9496.0,0.0,0.0,0.0,1.0,0.0,0.0,1.0,1232.0,3691.0,-3381.0,766.0,2,0.06972406503420077,-0.0025952226013430625,
2024-04-07 05:12:10.445000+00:00,9496.0,0.0,0.0,0.0,1.0,0.0,0.0,1.0,1232.0,3691.0,-3381.0,766.0,2,0.06972406503420077,-0.0025952226013430625,
2024-04-07 05:12:10.605000+00:00,9496.0,0.0,0.0,0.0,1.0,0.0,0.0,1.0,1232.0,3691.0,-3381.0,766.0,2,0.06972406503420077,-0.0025952226013430625,
2024-04-07 05:12:11.045000+00:00,9496.0,0.0,0.0,0.0,1.0,0.0,0.0,1.0,1232.0,3691.0,-3381.0,766.0,2,0.06972406503420077,-0.0025952226013430625,
2024-04-07 05:12:11.445000+00:00,9496.0,0.0,0.0,0.0,1.0,0.0,0.0,1.0,1232.0,3691.0,-3381.0,766.0,2,0.06972406503420077,-0.0025952226013430625,
2024-04-07 05:12:11.765000+00:00,9496.0,0.0,0.0,0.0,1.0,0.0,0.0,1.0,1232.0,3691.0,-3381.0,766.0,2,0.06972406503420077,-0.0025952226013430625,
2024-04-07 05:12:12.125000+00:00,9496.0,0.0,0.0,0.0,1.0,0.0,0.0,1.0,1232.0,3691.0,-3381.0,766.0,2,0.06972406503420077,-0.0025952226013430625,
2024-04-07 05:12:12.285000+00:00,9496.0,0.0,0.0,0.0,1.0,0.0,0.0,1.0,1232.0,3691.0,-3381.0,766.0,2,0.06972406503420077,-0.0025952226013430625,
2024-04-07 05:12:12.524000+00:00,9496.0,0.0,0.0,0.0,1.0,0.0,0.0,1.0,1232.0,3691.0,-3381.0,766.0,2,0.06972406503420077,-0.0025952226013430625,
2024-04-07 05:12:12.804000+00:00,9496.0,0.0,0.0,0.0,1.0,0.0,0.0,1.0,1232.0,3691.0,-3381.0,766.0,2,0.06972406503420077,-0.0025952226013430625,
2024-04-07 05:12:13.044000+00:00,9496.0,0.0,0.0,0.0,1.0,0.0,0.0,1.0,1232.0,3691.0,-3381.0,766.0,2,0.06972406503420077,-0.0025952226013430625,
2024-04-07 05:12:13.204000+00:00,9496.0,0.0,0.0,0.0,1.0,0.0,0.0,1.0,1232.0,3691.0,-3381.0,766.0,2,0.06972406503420077,-0.0025952226013430625,
2024-04-07 05:12:13.524000+00:00,9496.0,0.0,0.0,0.0,1.0,0.0,0.0,1.0,1232.0,3691.0,-3381.0,766.0,2,0.06972406503420077,-0.0025952226013430625,
2024-04-07 05:12:13.685000+00:00,9496.0,0.0,0.0,0.0,1.0,0.0,0.0,1.0,1232.0,3691.0,-3381.0,766.0,2,0.06972406503420077,-0.0025952226013430625,
2024-04-07 05:12:13.845000+00:00,9496.0,0.0,0.0,0.0,1.0,0.0,0.0,1.0,1232.0,3691.0,-3381.0,766.0,2,0.06972406503420077,-0.0025952226013430625,
2024-04-07 05:12:14.205000+00:00,9496.0,0.0,0.0,0.0,1.0,0.0,0.0,1.0,1232.0,3691.0,-3381.0,766.0,2,0.06972406503420077,-0.0025952226013430625,
2024-04-07 05:12:14.445000+00:00,9496.0,0.0,0.0,0.0,1.0,0.0,0.0,1.0,1232.0,3691.0,-3381.0,766.0,2,0.06972406503420077,-0.0025952226013430625,
2024-04-07 05:12:14.725000+00:00,9496.0,0.0,0.0,0.0,1.0,0.0,0.0,1.0,1232.0,3691.0,-3381.0,766.0,2,0.06972406503420077,-0.0025952226013430625,
2024-04-07 05:12:14.885000+00:00,9496.0,0.0,0.0,0.0,1.0,0.0,0.0,1.0,1232.0,3691.0,-3381.0,766.0,2,0.06972406503420077,-0.0025952226013430625,
2024-04-07 05:12:15.205000+00:00,9496.0,0.0,0.0,0.0,1.0,0.0,0.0,1.0,1232.0,3691.0,-3381.0,766.0,2,0.06972406503420077,-0.0025952226013430625,
2024-04-07 05:12:15.565000+00:00,9496.0,0.0,0.0,0.0,1.0,0.0,0.0,1.0,1232.0,3691.0,-3381.0,766.0,2,0.06972406503420077,-0.0025952226013430625,
2024-04-07 05:12:15.805000+00:00,9496.0,0.0,0.0,0.0,1.0,0.0,0.0,1.0,1232.0,3691.0,-3381.0,766.0,2,0.06972406503420077,-0.0025952226013430625,
2024-04-07 05:12:16.045000+00:00,9496.0,0.0,0.0,0.0,1.0,0.0,0.0,1.0,1232.0,3691.0,-3381.0,766.0,2,0.06972406503420077,-0.0025952226013430625,
2024-04-07 05:12:16.205000+00:00,9496.0,0.0,0.0,0.0,1.0,0.0,0.0,1.0,1232.0,3691.0,-3381.0,766.0,2,0.06972406503420077,-0.0025952226013430625,
2024-04-07 05:12:16.645000+00:00,9496.0,0.0,0.0,0.0,1.0,0.0,0.0,1.0,1232.0,3691.0,-3381.0,766.0,2,0.06972406503420077,-0.0025952226013430625,
2024-04-07 05:12:17.005000+00:00,9496.0,0.0,0.0,0.0,1.0,0.0,0.0,1.0,1232.0,3691.0,-3381.0,766.0,2,0.06972406503420077,-0.0025952226013430625,
2024-04-07 05:12:17.165000+00:00,9496.0,0.0,0.0,0.0,1.0,0.0,0.0,1.0,1232.0,3691.0,-3381.0,766.0,2,0.06972406503420077,-0.0025952226013430625,
2024-04-07 05:12:17.445000+00:00,9496.0,0.0,0.0,0.0,1.0,0.0,0.0,1.0,1232.0,3691.0,-3381.0,766.0,2,0.06972406503420077,-0.0025952226013430625,
2024-04-07 05:12:17.925000+00:00,9496.0,0.0,0.0,0.0,1.0,0.0,0.0,1.0,1232.0,3691.0,-3381.0,766.0,2,0.06972406503420077,-0.0025952226013430625,
2024-04-07 05:12:18.325000+00:00,9496.0,0.0,0.0,0.0,1.0,0.0,0.0,1.0,1232.0,3691.0,-3381.0,766.0,2,0.06972406503420077,-0.0025952226013430625,
2024-04-07 05:12:18.525000+00:00,9496.0,0.0,0.0,0.0,1.0,0.0,0.0,1.0,1232.0,3691.0,-3381.0,766.0,2,0.06972406503420077,-0.0025952226013430625,
2024-04-07 05:12:18.805000+00:00,9496.0,0.0,0.0,0.0,1.0,0.0,0.0,1.0,1232.0,3691.0,-3381.0,766.0,2,0.06972406503420077,-0.0025952226013430625,
2024-04-07 05:12:19.164000+00:00,9496.0,0.0,0.0,0.0,1.0,0.0,0.0,1.0,1232.0,3691.0,-3381.0,766.0,2,0.06972406503420077,-0.0025952226013430625,
2024-04-07 05:12:19.364000+00:00,9496.0,0.0,0.0,0.0,1.0,0.0,0.0,1.0,1232.0,3691.0,-3381.0,766.0,2,0.06972406503420077,-0.0025952226013430625,
2024-04-07 05:12:19.604000+00:00,9496.0,0.0,0.0,0.0,1.0,0.0,0.0,1.0,1232.0,3691.0,-3381.0,766.0,2,0.06972406503420077,-0.0025952226013430625,
2024-04-07 05:12:19.884000+00:00,9496.0,0.0,0.0,0.0,1.0,0.0,0.0,1.0,1232.0,3691.0,-3381.0,766.0,2,0.06972406503420077,-0.0025952226013430625,
2024-04-07 05:12:20.204000+00:00,9496.0,0.0,0.0,0.0,1.0,0.0,0.0,1.0,1232.0,3691.0,-3381.0,766.0,2,0.06972406503420077,-0.0025952226013430625,
2024-04-07 05:12:20.365000+00:00,9496.0,0.0,0.0,0.0,1.0,0.0,0.0,1.0,1232.0,3691.0,-3381.0,766.0,2,0.06972406503420077,-0.0025952226013430625,
2024-04-07 05:12:20.565000+00:00,9496.0,0.0,0.0,0.0,1.0,0.0,0.0,1.0,1232.0,3691.0,-3381.0,766.0,2,0.06972406503420077,-0.0025952226013430625,
2024-04-07 05:12:20.805000+00:00,9496.0,0.0,0.0,0.0,1.0,0.0,0.0,1.0,1232.0,3691.0,-3381.0,766.0,2,0.06972406503420077,-0.0025952226013430625,
2024-04-07 05:12:21.005000+00:00,9496.0,0.0,0.0,0.0,1.0,0.0,0.0,1.0,1232.0,3691.0,-3381.0,766.0,2,0.06972406503420077,-0.0025952226013430625,
2024-04-07 05:12:21.285000+00:00,9496.0,0.0,0.0,0.0,1.0,0.0,0.0,1.0,1232.0,3691.0,-3381.0,766.0,2,0.06972406503420077,-0.0025952226013430625,
2024-04-07 05:12:21.565000+00:00,9496.0,0.0,0.0,0.0,1.0,0.0,0.0,1.0,1232.0,3691.0,-3381.0,766.0,2,0.06972406503420077,-0.0025952226013430625,
2024-04-07 05:12:21.845000+00:00,9496.0,0.0,0.0,0.0,1.0,0.0,0.0,1.0,1232.0,3691.0,-3381.0,766.0,2,0.06972406503420077,-0.0025952226013430625,
2024-04-07 05:12:22.125000+00:00,9496.0,0.0,0.0,0.0,1.0,0.0,0.0,1.0,1232.0,3691.0,-3381.0,766.0,2,0.06972406503420077,-0.0025952226013430625,
2024-04-07 05:12:22.365000+00:00,9496.0,0.0,0.0,0.0,1.0,0.0,0.0,1.0,1232.0,3691.0,-3381.0,766.0,2,0.06972406503420077,-0.0025952226013430625,
2024-04-07 05:12:22.605000+00:00,9496.0,0.0,0.0,0.0,1.0,0.0,0.0,1.0,1232.0,3691.0,-3381.0,766.0,2,0.06972406503420077,-0.0025952226013430625,
2024-04-07 05:12:22.805000+00:00,9496.0,0.0,0.0,0.0,1.0,0.0,0.0,1.0,1232.0,3691.0,-3381.0,766.0,2,0.06972406503420077,-0.0025952226013430625,
2024-04-07 05:12:22.965000+00:00,9496.0,0.0,0.0,0.0,1.0,0.0,0.0,1.0,1232.0,3691.0,-3381.0,766.0,2,0.06972406503420077,-0.0025952226013430625,
2024-04-07 05:12:23.245000+00:00,9496.0,0.0,0.0,0.0,1.0,0.0,0.0,1.0,1232.0,3691.0,-3381.0,766.0,2,0.06972406503420077,-0.0025952226013430625,
2024-04-07 05:12:23.445000+00:00,9496.0,0.0,0.0,0.0,1.0,0.0,0.0,1.0,1232.0,3691.0,-3381.0,766.0,2,0.06972406503420077,-0.0025952226013430625,
2024-04-07 05:12:23.765000+00:00,9496.0,0.0,0.0,0.0,1.0,0.0,0.0,1.0,1232.0,3691.0,-3381.0,766.0,2,0.06972406503420077,-0.0025952226013430625,
2024-04-07 05:12:23.925000+00:00,9496.0,0.0,0.0,0.0,1.0,0.0,0.0,1.0,1232.0,3691.0,-3381.0,766.0,2,0.06972406503420077,-0.0025952226013430625,
2024-04-07 05:12:24.085000+00:00,9496.0,0.0,0.0,0.0,1.0,0.0,0.0,1.0,1232.0,3691.0,-3381.0,766.0,2,0.06972406503420077,-0.0025952226013430625,
2024-04-07 05:12:24.405000+00:00,9496.0,0.0,0.0,0.0,1.0,0.0,0.0,1.0,1232.0,3691.0,-3381.0,766.0,2,0.06972406503420077,-0.0025952226013430625,
2024-04-07 05:12:24.685000+00:00,9496.0,0.0,0.0,0.0,1.0,0.0,0.0,1.0,1232.0,3691.0,-3381.0,766.0,2,0.06972406503420077,-0.0025952226013430625,
2024-04-07 05:12:24.925000+00:00,9496.0,0.0,0.0,0.0,1.0,0.0,0.0,1.0,1232.0,3691.0,-3381.0,766.0,2,0.06972406503420077,-0.0025952226013430625,
2024-04-07 05:12:25.165000+00:00,9496.0,0.0,0.0,0.0,1.0,0.0,0.0,1.0,1232.0,3691.0,-3381.0,766.0,2,0.06972406503420077,-0.0025952226013430625,
2024-04-07 05:12:25.405000+00:00,9496.0,0.0,0.0,0.0,1.0,0.0,0.0,1.0,1232.0,3691.0,-3381.0,766.0,2,0.06972406503420077,-0.0025952226013430625,
2024-04-07 05:12:25.605000+00:00,9496.0,0.0,0.0,0.0,1.0,0.0,0.0,1.0,1232.0,3691.0,-3381.0,766.0,2,0.06972406503420077,-0.0025952226013430625,
2024-04-07 05:12:26.044000+00:00,9496.0,0.0,0.0,0.0,1.0,0.0,0.0,1.0,1232.0,3691.0,-3381.0,766.0,2,0.06972406503420077,-0.0025952226013430625,
2024-04-07 05:12:26.364000+00:00,9496.0,0.0,0.0,0.0,1.0,0.0,0.0,1.0,1232.0,3691.0,-3381.0,766.0,2,0.06972406503420077,-0.0025952226013430625,
2024-04-07 05:12:26.724000+00:00,9496.0,0.0,0.0,0.0,1.0,0.0,0.0,1.0,1232.0,3691.0,-3381.0,766.0,2,0.06972406503420077,-0.0025952226013430625,
2024-04-07 05:12:26.885000+00:00,9496.0,0.0,0.0,0.0,1.0,0.0,0.0,1.0,1232.0,3691.0,-3381.0,766.0,2,0.06972406503420077,-0.0025952226013430625,
2024-04-07 05:12:27.125000+00:00,9496.0,0.0,0.0,0.0,1.0,0.0,0.0,1.0,1232.0,3691.0,-3381.0,766.0,2,0.06972406503420077,-0.0025952226013430625,
2024-04-07 05:12:27.365000+00:00,9496.0,0.0,0.0,0.0,1.0,0.0,0.0,1.0,1232.0,3691.0,-3381.0,766.0,2,0.06972406503420077,-0.0025952226013430625,
2024-04-07 05:12:27.525000+00:00,9496.0,0.0,0.0,0.0,1.0,0.0,0.0,1.0,1232.0,3691.0,-3381.0,766.0,2,0.06972406503420077,-0.0025952226013430625,
2024-04-07 05:12:27.725000+00:00,9496.0,0.0,0.0,0.0,1.0,0.0,0.0,1.0,1232.0,3691.0,-3381.0,766.0,2,0.06972406503420077,-0.0025952226013430625,
2024-04-07 05:12:28.045000+00:00,9496.0,0.0,0.0,0.0,1.0,0.0,0.0,1.0,1232.0,3691.0,-3381.0,766.0,2,0.06972406503420077,-0.0025952226013430625,
2024-04-07 05:12:28.325000+00:00,9496.0,0.0,0.0,0.0,1.0,0.0,0.0,1.0,1232.0,3691.0,-3381.0,766.0,2,0.06972406503420077,-0.0025952226013430625,
2024-04-07 05:12:28.645000+00:00,9496.0,0.0,0.0,0.0,1.0,0.0,0.0,1.0,1232.0,3691.0,-3381.0,766.0,2,0.06972406503420077,-0.0025952226013430625,
2024-04-07 05:12:28.845000+00:00,9496.0,0.0,0.0,0.0,1.0,0.0,0.0,1.0,1232.0,3691.0,-3381.0,766.0,2,0.06972406503420077,-0.0025952226013430625,
2024-04-07 05:12:29.045000+00:00,9496.0,0.0,0.0,0.0,1.0,0.0,0.0,1.0,1232.0,3691.0,-3381.0,766.0,2,0.06972406503420077,-0.0025952226013430625,
2024-04-07 05:12:29.285000+00:00,9496.0,0.0,0.0,0.0,1.0,0.0,0.0,1.0,1232.0,3691.0,-3381.0,766.0,2,0.06972406503420077,-0.0025952226013430625,
2024-04-07 05:12:29.525000+00:00,9496.0,0.0,0.0,0.0,1.0,0.0,0.0,1.0,1232.0,3691.0,-3381.0,766.0,2,0.06972406503420077,-0.0025952226013430625,
2024-04-07 05:12:29.885000+00:00,9496.0,0.0,0.0,0.0,1.0,0.0,0.0,1.0,1232.0,3691.0,-3381.0,766.0,2,0.06972406503420077,-0.0025952226013430625,
2024-04-07 05:12:30.165000+00:00,9496.0,0.0,0.0,0.0,1.0,0.0,0.0,1.0,1232.0,3691.0,-3381.0,766.0,2,0.06972406503420077,-0.0025952226013430625,
2024-04-07 05:12:30.365000+00:00,9496.0,0.0,0.0,0.0,1.0,0.0,0.0,1.0,1232.0,3691.0,-3381.0,766.0,2,0.06972406503420077,-0.0025952226013430625,
2024-04-07 05:12:30.725000+00:00,9496.0,0.0,0.0,0.0,1.0,0.0,0.0,1.0,1232.0,3691.0,-3381.0,766.0,2,0.06972406503420077,-0.0025952226013430625,
2024-04-07 05:12:31.045000+00:00,9496.0,0.0,0.0,0.0,1.0,0.0,0.0,1.0,1232.0,3691.0,-3381.0,766.0,2,0.06972406503420077,-0.0025952226013430625,
2024-04-07 05:12:31.205000+00:00,9496.0,0.0,0.0,0.0,1.0,0.0,0.0,1.0,1232.0,3691.0,-3381.0,766.0,2,0.06972406503420077,-0.0025952226013430625,
2024-04-07 05:12:31.405000+00:00,9496.0,0.0,0.0,0.0,1.0,0.0,0.0,1.0,1232.0,3691.0,-3381.0,766.0,2,0.06972406503420077,-0.0025952226013430625,
2024-04-07 05:12:31.725000+00:00,9496.0,0.0,0.0,0.0,1.0,0.0,0.0,1.0,1232.0,3691.0,-3381.0,766.0,2,0.06972406503420077,-0.0025952226013430625,
2024-04-07 05:12:31.925000+00:00,9496.0,0.0,0.0,0.0,1.0,0.0,0.0,1.0,1232.0,3691.0,-3381.0,766.0,2,0.06972406503420077,-0.0025952226013430625,
2024-04-07 05:12:32.285000+00:00,9496.0,0.0,0.0,0.0,1.0,0.0,0.0,1.0,1232.0,3691.0,-3381.0,766.0,2,0.06972406503420077,-0.0025952226013430625,
2024-04-07 05:12:32.445000+00:00,9496.0,0.0,0.0,0.0,1.0,0.0,0.0,1.0,1232.0,3691.0,-3381.0,766.0,2,0.06972406503420077,-0.0025952226013430625,
2024-04-07 05:12:32.764000+00:00,9496.0,0.0,0.0,0.0,1.0,0.0,0.0,1.0,1232.0,3691.0,-3381.0,766.0,2,0.06972406503420077,-0.0025952226013430625,
2024-04-07 05:12:32.964000+00:00,9496.0,0.0,0.0,0.0,1.0,0.0,0.0,1.0,1232.0,3691.0,-3381.0,766.0,2,0.06972406503420077,-0.0025952226013430625,
2024-04-07 05:12:33.405000+00:00,9496.0,0.0,0.0,0.0,1.0,0.0,0.0,1.0,1232.0,3691.0,-3381.0,766.0,2,0.06972406503420077,-0.0025952226013430625,
2024-04-07 05:12:33.685000+00:00,9496.0,0.0,0.0,0.0,1.0,0.0,0.0,1.0,1232.0,3691.0,-3381.0,766.0,2,0.06972406503420077,-0.0025952226013430625,
2024-04-07 05:12:34.005000+00:00,9496.0,0.0,0.0,0.0,1.0,0.0,0.0,1.0,1232.0,3691.0,-3381.0,766.0,2,0.06972406503420077,-0.0025952226013430625,
2024-04-07 05:12:34.165000+00:00,9496.0,0.0,0.0,0.0,1.0,0.0,0.0,1.0,1232.0,3691.0,-3381.0,766.0,2,0.06972406503420077,-0.0025952226013430625,
2024-04-07 05:12:34.325000+00:00,9496.0,0.0,0.0,0.0,1.0,0.0,0.0,1.0,1232.0,3691.0,-3381.0,766.0,2,0.06972406503420077,-0.0025952226013430625,
2024-04-07 05:12:34.605000+00:00,9496.0,0.0,0.0,0.0,1.0,0.0,0.0,1.0,1232.0,3691.0,-3381.0,766.0,2,0.06972406503420077,-0.0025952226013430625,
2024-04-07 05:12:35.045000+00:00,9496.0,0.0,0.0,0.0,1.0,0.0,0.0,1.0,1232.0,3691.0,-3381.0,766.0,2,0.06972406503420077,-0.0025952226013430625,
2024-04-07 05:12:35.365000+00:00,9496.0,0.0,0.0,0.0,1.0,0.0,0.0,1.0,1232.0,3691.0,-3381.0,766.0,2,0.06972406503420077,-0.0025952226013430625,
2024-04-07 05:12:35.645000+00:00,9496.0,0.0,0.0,0.0,1.0,0.0,0.0,1.0,1232.0,3691.0,-3381.0,766.0,2,0.06972406503420077,-0.0025952226013430625,
2024-04-07 05:12:35.885000+00:00,9496.0,0.0,0.0,0.0,1.0,0.0,0.0,1.0,1232.0,3691.0,-3381.0,766.0,2,0.06972406503420077,-0.0025952226013430625,
2024-04-07 05:12:36.125000+00:00,9496.0,0.0,0.0,0.0,1.0,0.0,0.0,1.0,1232.0,3691.0,-3381.0,766.0,2,0.06972406503420077,-0.0025952226013430625,
2024-04-07 05:12:36.285000+00:00,9496.0,0.0,0.0,0.0,1.0,0.0,0.0,1.0,1232.0,3691.0,-3381.0,766.0,2,0.06972406503420077,-0.0025952226013430625,
2024-04-07 05:12:36.525000+00:00,9496.0,0.0,0.0,0.0,1.0,0.0,0.0,1.0,1232.0,3691.0,-3381.0,766.0,2,0.06972406503420077,-0.0025952226013430625,
2024-04-07 05:12:36.885000+00:00,9496.0,0.0,0.0,0.0,1.0,0.0,0.0,1.0,1232.0,3691.0,-3381.0,766.0,2,0.06972406503420077,-0.0025952226013430625,
2024-04-07 05:12:37.085000+00:00,9496.0,0.0,0.0,0.0,1.0,0.0,0.0,1.0,1232.0,3691.0,-3381.0,766.0,2,0.06972406503420077,-0.0025952226013430625,
2024-04-07 05:12:37.445000+00:00,9496.0,0.0,0.0,0.0,1.0,0.0,0.0,1.0,1232.0,3691.0,-3381.0,766.0,2,0.06972406503420077,-0.0025952226013430625,
2024-04-07 05:12:37.725000+00:00,9496.0,0.0,0.0,0.0,1.0,0.0,0.0,1.0,1232.0,3691.0,-3381.0,766.0,2,0.06972406503420077,-0.0025952226013430625,
2024-04-07 05:12:37.925000+00:00,9496.0,0.0,0.0,0.0,1.0,0.0,0.0,1.0,1232.0,3691.0,-3381.0,766.0,2,0.06972406503420077,-0.0025952226013430625,
2024-04-07 05:12:38.245000+00:00,9496.0,0.0,0.0,0.0,1.0,0.0,0.0,1.0,1232.0,3691.0,-3381.0,766.0,2,0.06972406503420077,-0.0025952226013430625,
2024-04-07 05:12:38.405000+00:00,9496.0,0.0,0.0,0.0,1.0,0.0,0.0,1.0,1232.0,3691.0,-3381.0,766.0,2,0.06972406503420077,-0.0025952226013430625,
2024-04-07 05:12:38.725000+00:00,9496.0,0.0,0.0,0.0,1.0,0.0,0.0,1.0,1232.0,3691.0,-3381.0,766.0,2,0.06972406503420077,-0.0025952226013430625,
2024-04-07 05:12:39.045000+00:00,9496.0,0.0,0.0,0.0,1.0,0.0,0.0,1.0,1232.0,3691.0,-3381.0,766.0,2,0.06972406503420077,-0.0025952226013430625,
2024-04-07 05:12:39.244000+00:00,9496.0,0.0,0.0,0.0,1.0,0.0,0.0,1.0,1232.0,3691.0,-3381.0,766.0,2,0.06972406503420077,-0.0025952226013430625,
2024-04-07 05:12:39.444000+00:00,9496.0,0.0,0.0,0.0,1.0,0.0,0.0,1.0,1232.0,3691.0,-3381.0,766.0,2,0.06972406503420077,-0.0025952226013430625,
2024-04-07 05:12:39.644000+00:00,9496.0,0.0,0.0,0.0,1.0,0.0,0.0,1.0,1232.0,3691.0,-3381.0,766.0,2,0.06972406503420077,-0.0025952226013430625,
2024-04-07 05:12:39.844000+00:00,9496.0,0.0,0.0,0.0,1.0,0.0,0.0,1.0,1232.0,3691.0,-3381.0,766.0,2,0.06972406503420077,-0.0025952226013430625,
2024-04-07 05:12:40.165000+00:00,9496.0,0.0,0.0,0.0,1.0,0.0,0.0,1.0,1232.0,3691.0,-3381.0,766.0,2,0.06972406503420077,-0.0025952226013430625,
2024-04-07 05:12:40.485000+00:00,9496.0,0.0,0.0,0.0,1.0,0.0,0.0,1.0,1232.0,3691.0,-3381.0,766.0,2,0.06972406503420077,-0.0025952226013430625,
2024-04-07 05:12:40.805000+00:00,9496.0,0.0,0.0,0.0,1.0,0.0,0.0,1.0,1232.0,3691.0,-3381.0,766.0,2,0.06972406503420077,-0.0025952226013430625,
2024-04-07 05:12:40.965000+00:00,9496.0,0.0,0.0,0.0,1.0,0.0,0.0,1.0,1232.0,3691.0,-3381.0,766.0,2,0.06972406503420077,-0.0025952226013430625,
2024-04-07 05:12:41.165000+00:00,9496.0,0.0,0.0,0.0,1.0,0.0,0.0,1.0,1232.0,3691.0,-3381.0,766.0,2,0.06972406503420077,-0.0025952226013430625,
2024-04-07 05:12:41.325000+00:00,9496.0,0.0,0.0,0.0,1.0,0.0,0.0,1.0,1232.0,3691.0,-3381.0,766.0,2,0.06972406503420077,-0.0025952226013430625,
2024-04-07 05:12:41.485000+00:00,9496.0,0.0,0.0,0.0,1.0,0.0,0.0,1.0,1232.0,3691.0,-3381.0,766.0,2,0.06972406503420077,-0.0025952226013430625,
2024-04-07 05:12:41.685000+00:00,9496.0,0.0,0.0,0.0,1.0,0.0,0.0,1.0,1232.0,3691.0,-3381.0,766.0,2,0.06972406503420077,-0.0025952226013430625,
2024-04-07 05:12:41.965000+00:00,9496.0,0.0,0.0,0.0,1.0,0.0,0.0,1.0,1232.0,3691.0,-3381.0,766.0,2,0.06972406503420077,-0.0025952226013430625,
2024-04-07 05:12:42.205000+00:00,9496.0,0.0,0.0,0.0,1.0,0.0,0.0,1.0,1232.0,3691.0,-3381.0,766.0,2,0.06972406503420077,-0.0025952226013430625,
2024-04-07 05:12:42.645000+00:00,9496.0,0.0,0.0,0.0,1.0,0.0,0.0,1.0,1232.0,3691.0,-3381.0,766.0,2,0.06972406503420077,-0.0025952226013430625,
2024-04-07 05:12:42.805000+00:00,9496.0,0.0,0.0,0.0,1.0,0.0,0.0,1.0,1232.0,3691.0,-3381.0,766.0,2,0.06972406503420077,-0.0025952226013430625,
2024-04-07 05:12:43.165000+00:00,9496.0,0.0,0.0,0.0,1.0,0.0,0.0,1.0,1232.0,3691.0,-3381.0,766.0,2,0.06972406503420077,-0.0025952226013430625,
2024-04-07 05:12:43.405000+00:00,9496.0,0.0,0.0,0.0,1.0,0.0,0.0,1.0,1232.0,3691.0,-3381.0,766.0,2,0.06972406503420077,-0.0025952226013430625,
2024-04-07 05:12:43.605000+00:00,9496.0,0.0,0.0,0.0,1.0,0.0,0.0,1.0,1232.0,3691.0,-3381.0,766.0,2,0.06972406503420077,-0.0025952226013430625,
2024-04-07 05:12:44.085000+00:00,9496.0,0.0,0.0,0.0,1.0,0.0,0.0,1.0,1232.0,3691.0,-3381.0,766.0,2,0.06972406503420077,-0.0025952226013430625,
2024-04-07 05:12:44.485000+00:00,9496.0,0.0,0.0,0.0,1.0,0.0,0.0,1.0,1232.0,3691.0,-3381.0,766.0,2,0.06972406503420077,-0.0025952226013430625,
2024-04-07 05:12:44.925000+00:00,9496.0,0.0,0.0,0.0,1.0,0.0,0.0,1.0,1232.0,3691.0,-3381.0,766.0,2,0.06972406503420077,-0.0025952226013430625,
2024-04-07 05:12:45.325000+00:00,9496.0,0.0,0.0,0.0,1.0,0.0,0.0,1.0,1232.0,3691.0,-3381.0,766.0,2,0.06972406503420077,-0.0025952226013430625,
2024-04-07 05:12:45.565000+00:00,9496.0,0.0,0.0,0.0,1.0,0.0,0.0,1.0,1232.0,3691.0,-3381.0,766.0,2,0.06972406503420077,-0.0025952226013430625,
2024-04-07 05:12:45.765000+00:00,9496.0,0.0,0.0,0.0,1.0,0.0,0.0,1.0,1232.0,3691.0,-3381.0,766.0,2,0.06972406503420077,-0.0025952226013430625,
2024-04-07 05:12:46.004000+00:00,9496.0,0.0,0.0,0.0,1.0,0.0,0.0,1.0,1232.0,3691.0,-3381.0,766.0,2,0.06972406503420077,-0.0025952226013430625,
2024-04-07 05:12:46.364000+00:00,9496.0,0.0,0.0,0.0,1.0,0.0,0.0,1.0,1232.0,3691.0,-3381.0,766.0,2,0.06972406503420077,-0.0025952226013430625,
2024-04-07 05:12:46.524000+00:00,9496.0,0.0,0.0,0.0,1.0,0.0,0.0,1.0,1232.0,3691.0,-3381.0,766.0,2,0.06972406503420077,-0.0025952226013430625,
2024-04-07 05:12:46.765000+00:00,9496.0,0.0,0.0,0.0,1.0,0.0,0.0,1.0,1232.0,3691.0,-3381.0,766.0,2,0.06972406503420077,-0.0025952226013430625,
2024-04-07 05:12:47.045000+00:00,9496.0,0.0,0.0,0.0,1.0,0.0,0.0,1.0,1232.0,3691.0,-3381.0,766.0,2,0.06972406503420077,-0.0025952226013430625,
2024-04-07 05:12:47.325000+00:00,9496.0,0.0,0.0,0.0,1.0,0.0,0.0,1.0,1232.0,3691.0,-3381.0,766.0,2,0.06972406503420077,-0.0025952226013430625,
2024-04-07 05:12:47.605000+00:00,9496.0,0.0,0.0,0.0,1.0,0.0,0.0,1.0,1232.0,3691.0,-3381.0,766.0,2,0.06972406503420077,-0.0025952226013430625,
2024-04-07 05:12:47.925000+00:00,9496.0,0.0,0.0,0.0,1.0,0.0,0.0,1.0,1232.0,3691.0,-3381.0,766.0,2,0.06972406503420077,-0.0025952226013430625,
2024-04-07 05:12:48.085000+00:00,9496.0,0.0,0.0,0.0,1.0,0.0,0.0,1.0,1232.0,3691.0,-3381.0,766.0,2,0.06972406503420077,-0.0025952226013430625,
2024-04-07 05:12:48.325000+00:00,9496.0,0.0,0.0,0.0,1.0,0.0,0.0,1.0,1232.0,3691.0,-3381.0,766.0,2,0.06972406503420077,-0.0025952226013430625,
2024-04-07 05:12:48.525000+00:00,9496.0,0.0,0.0,0.0,1.0,0.0,0.0,1.0,1232.0,3691.0,-3381.0,766.0,2,0.06972406503420077,-0.0025952226013430625,
2024-04-07 05:12:48.845000+00:00,9496.0,0.0,0.0,0.0,1.0,0.0,0.0,1.0,1232.0,3691.0,-3381.0,766.0,2,0.06972406503420077,-0.0025952226013430625,
2024-04-07 05:12:49.125000+00:00,9496.0,0.0,0.0,0.0,1.0,0.0,0.0,1.0,1232.0,3691.0,-3381.0,766.0,2,0.06972406503420077,-0.0025952226013430625,
2024-04-07 05:12:49.325000+00:00,9496.0,0.0,0.0,0.0,1.0,0.0,0.0,1.0,1232.0,3691.0,-3381.0,766.0,2,0.06972406503420077,-0.0025952226013430625,
2024-04-07 05:12:49.485000+00:00,9496.0,0.0,0.0,0.0,1.0,0.0,0.0,1.0,1232.0,3691.0,-3381.0,766.0,2,0.06972406503420077,-0.0025952226013430625,
2024-04-07 05:12:49.845000+00:00,9496.0,0.0,0.0,0.0,1.0,0.0,0.0,1.0,1232.0,3691.0,-3381.0,766.0,2,0.06972406503420077,-0.0025952226013430625,
2024-04-07 05:12:50.085000+00:00,9496.0,0.0,0.0,0.0,1.0,0.0,0.0,1.0,1232.0,3691.0,-3381.0,766.0,2,0.06972406503420077,-0.0025952226013430625,
2024-04-07 05:12:50.365000+00:00,9496.0,0.0,0.0,0.0,1.0,0.0,0.0,1.0,1232.0,3691.0,-3381.0,766.0,2,0.06972406503420077,-0.0025952226013430625,
2024-04-07 05:12:50.565000+00:00,9496.0,0.0,0.0,0.0,1.0,0.0,0.0,1.0,1232.0,3691.0,-3381.0,766.0,2,0.06972406503420077,-0.0025952226013430625,
2024-04-07 05:12:50.845000+00:00,9496.0,0.0,0.0,0.0,1.0,0.0,0.0,1.0,1232.0,3691.0,-3381.0,766.0,2,0.06972406503420077,-0.0025952226013430625,
2024-04-07 05:12:51.205000+00:00,9496.0,0.0,0.0,0.0,1.0,0.0,0.0,1.0,1232.0,3691.0,-3381.0,766.0,2,0.06972406503420077,-0.0025952226013430625,
2024-04-07 05:12:51.605000+00:00,9496.0,0.0,0.0,0.0,1.0,0.0,0.0,1.0,1232.0,3691.0,-3381.0,766.0,2,0.06972406503420077,-0.0025952226013430625,
2024-04-07 05:12:51.805000+00:00,9496.0,0.0,0.0,0.0,1.0,0.0,0.0,1.0,1232.0,3691.0,-3381.0,766.0,2,0.06972406503420077,-0.0025952226013430625,
2024-04-07 05:12:51.965000+00:00,9496.0,0.0,0.0,0.0,1.0,0.0,0.0,1.0,1232.0,3691.0,-3381.0,766.0,2,0.06972406503420077,-0.0025952226013430625,
2024-04-07 05:12:52.285000+00:00,9496.0,0.0,0.0,0.0,1.0,0.0,0.0,1.0,1232.0,3691.0,-3381.0,766.0,2,0.06972406503420077,-0.0025952226013430625,
2024-04-07 05:12:52.485000+00:00,9496.0,0.0,0.0,0.0,1.0,0.0,0.0,1.0,1232.0,3691.0,-3381.0,766.0,2,0.06972406503420077,-0.0025952226013430625,
2024-04-07 05:12:52.884000+00:00,9496.0,0.0,0.0,0.0,1.0,0.0,0.0,1.0,1232.0,3691.0,-3381.0,766.0,2,0.06972406503420077,-0.0025952226013430625,
2024-04-07 05:12:53.084000+00:00,9496.0,0.0,0.0,0.0,1.0,0.0,0.0,1.0,1232.0,3691.0,-3381.0,766.0,2,0.06972406503420077,-0.0025952226013430625,
2024-04-07 05:12:53.245000+00:00,9496.0,0.0,0.0,0.0,1.0,0.0,0.0,1.0,1232.0,3691.0,-3381.0,766.0,2,0.06972406503420077,-0.0025952226013430625,
2024-04-07 05:12:53.445000+00:00,9496.0,0.0,0.0,0.0,1.0,0.0,0.0,1.0,1232.0,3691.0,-3381.0,766.0,2,0.06972406503420077,-0.0025952226013430625,
2024-04-07 05:12:53.645000+00:00,9496.0,0.0,0.0,0.0,1.0,0.0,0.0,1.0,1232.0,3691.0,-3381.0,766.0,2,0.06972406503420077,-0.0025952226013430625,
2024-04-07 05:12:53.805000+00:00,9496.0,0.0,0.0,0.0,1.0,0.0,0.0,1.0,1232.0,3691.0,-3381.0,766.0,2,0.06972406503420077,-0.0025952226013430625,
2024-04-07 05:12:53.965000+00:00,9496.0,0.0,0.0,0.0,1.0,0.0,0.0,1.0,1232.0,3691.0,-3381.0,766.0,2,0.06972406503420077,-0.0025952226013430625,
2024-04-07 05:12:54.285000+00:00,9496.0,0.0,0.0,0.0,1.0,0.0,0.0,1.0,1232.0,3691.0,-3381.0,766.0,2,0.06972406503420077,-0.0025952226013430625,
2024-04-07 05:12:54.445000+00:00,9496.0,0.0,0.0,0.0,1.0,0.0,0.0,1.0,1232.0,3691.0,-3381.0,766.0,2,0.06972406503420077,-0.0025952226013430625,
2024-04-07 05:12:54.685000+00:00,9496.0,0.0,0.0,0.0,1.0,0.0,0.0,1.0,1232.0,3691.0,-3381.0,766.0,2,0.06972406503420077,-0.0025952226013430625,
2024-04-07 05:12:54.845000+00:00,9496.0,0.0,0.0,0.0,1.0,0.0,0.0,1.0,1232.0,3691.0,-3381.0,766.0,2,0.06972406503420077,-0.0025952226013430625,
2024-04-07 05:12:55.125000+00:00,9496.0,0.0,0.0,0.0,1.0,0.0,0.0,1.0,1232.0,3691.0,-3381.0,766.0,2,0.06972406503420077,-0.0025952226013430625,
2024-04-07 05:12:55.565000+00:00,9496.0,0.0,0.0,0.0,1.0,0.0,0.0,1.0,1232.0,3691.0,-3381.0,766.0,2,0.06972406503420077,-0.0025952226013430625,
2024-04-07 05:12:55.805000+00:00,9496.0,0.0,0.0,0.0,1.0,0.0,0.0,1.0,1232.0,3691.0,-3381.0,766.0,2,0.06972406503420077,-0.0025952226013430625,
2024-04-07 05:12:56.165000+00:00,9496.0,0.0,0.0,0.0,1.0,0.0,0.0,1.0,1232.0,3691.0,-3381.0,766.0,2,0.06972406503420077,-0.0025952226013430625,
2024-04-07 05:12:56.485000+00:00,9496.0,0.0,0.0,0.0,1.0,0.0,0.0,1.0,1232.0,3691.0,-3381.0,766.0,2,0.06972406503420077,-0.0025952226013430625,
2024-04-07 05:12:56.645000+00:00,9496.0,0.0,0.0,0.0,1.0,0.0,0.0,1.0,1232.0,3691.0,-3381.0,766.0,2,0.06972406503420077,-0.0025952226013430625,
2024-04-07 05:12:56.925000+00:00,9496.0,0.0,0.0,0.0,1.0,0.0,0.0,1.0,1232.0,3691.0,-3381.0,766.0,2,0.06972406503420077,-0.0025952226013430625,
2024-04-07 05:12:57.165000+00:00,9496.0,0.0,0.0,0.0,1.0,0.0,0.0,1.0,1232.0,3691.0,-3381.0,766.0,2,0.06972406503420077,-0.0025952226013430625,
2024-04-07 05:12:57.325000+00:00,9496.0,0.0,0.0,0.0,1.0,0.0,0.0,1.0,1232.0,3691.0,-3381.0,766.0,2,0.06972406503420077,-0.0025952226013430625,
2024-04-07 05:12:57.605000+00:00,9496.0,0.0,0.0,0.0,1.0,0.0,0.0,1.0,1232.0,3691.0,-3381.0,766.0,2,0.06972406503420077,-0.0025952226013430625,
2024-04-07 05:12:57.925000+00:00,9496.0,0.0,0.0,0.0,1.0,0.0,0.0,1.0,1232.0,3691.0,-3381.0,766.0,2,0.06972406503420077,-0.0025952226013430625,
2024-04-07 05:12:58.165000+00:00,9496.0,0.0,0.0,0.0,1.0,0.0,0.0,1.0,1232.0,3691.0,-3381.0,766.0,2,0.06972406503420077,-0.0025952226013430625,
2024-04-07 05:12:58.485000+00:00,9496.0,0.0,0.0,0.0,1.0,0.0,0.0,1.0,1232.0,3691.0,-3381.0,766.0,2,0.06972406503420077,-0.0025952226013430625,
2024-04-07 05:12:58.645000+00:00,9496.0,0.0,0.0,0.0,1.0,0.0,0.0,1.0,1232.0,3691.0,-3381.0,766.0,2,0.06972406503420077,-0.0025952226013430625,
2024-04-07 05:12:58.925000+00:00,9496.0,0.0,0.0,0.0,1.0,0.0,0.0,1.0,1232.0,3691.0,-3381.0,766.0,2,0.06972406503420077,-0.0025952226013430625,
2024-04-07 05:12:59.205000+00:00,9496.0,0.0,0.0,0.0,1.0,0.0,0.0,1.0,1232.0,3691.0,-3381.0,766.0,2,0.06972406503420077,-0.0025952226013430625,
2024-04-07 05:12:59.365000+00:00,9496.0,0.0,0.0,0.0,1.0,0.0,0.0,1.0,1232.0,3691.0,-3381.0,766.0,2,0.06972406503420077,-0.0025952226013430625,
2024-04-07 05:12:59.604000+00:00,9496.0,0.0,0.0,0.0,1.0,0.0,0.0,1.0,1232.0,3691.0,-3381.0,766.0,2,0.06972406503420077,-0.0025952226013430625,
2024-04-07 05:12:59.845000+00:00,9496.0,0.0,0.0,0.0,1.0,0.0,0.0,1.0,1232.0,3691.0,-3381.0,766.0,2,0.06972406503420077,-0.0025952226013430625,
2024-04-07 05:13:00.005000+00:00,9496.0,0.0,0.0,0.0,1.0,0.0,0.0,1.0,1232.0,3691.0,-3381.0,766.0,2,0.06972406503420077,-0.0025952226013430625,
2024-04-07 05:13:00.325000+00:00,9496.0,0.0,0.0,0.0,1.0,0.0,0.0,1.0,1232.0,3691.0,-3381.0,766.0,2,0.06972406503420077,-0.0025952226013430625,
2024-04-07 05:13:00.645000+00:00,9496.0,0.0,0.0,0.0,1.0,0.0,0.0,1.0,1232.0,3691.0,-3381.0,766.0,2,0.06972406503420077,-0.0025952226013430625,
2024-04-07 05:13:00.925000+00:00,9496.0,0.0,0.0,0.0,1.0,0.0,0.0,1.0,1232.0,3691.0,-3381.0,766.0,2,0.06972406503420077,-0.0025952226013430625,
2024-04-07 05:13:01.325000+00:00,9496.0,0.0,0.0,0.0,1.0,0.0,0.0,1.0,1232.0,3691.0,-3381.0,766.0,2,0.06972406503420077,-0.0025952226013430625,
2024-04-07 05:13:01.565000+00:00,9496.0,0.0,0.0,0.0,1.0,0.0,0.0,1.0,1232.0,3691.0,-3381.0,766.0,2,0.06972406503420077,-0.0025952226013430625,
2024-04-07 05:13:01.885000+00:00,9496.0,0.0,0.0,0.0,1.0,0.0,0.0,1.0,1232.0,3691.0,-3381.0,766.0,2,0.06972406503420077,-0.0025952226013430625,
2024-04-07 05:13:02.085000+00:00,9496.0,0.0,0.0,0.0,1.0,0.0,0.0,1.0,1232.0,3691.0,-3381.0,766.0,2,0.06972406503420077,-0.0025952226013430625,
2024-04-07 05:13:02.365000+00:00,9496.0,0.0,0.0,0.0,1.0,0.0,0.0,1.0,1232.0,3691.0,-3381.0,766.0,2,0.06972406503420077,-0.0025952226013430625,
2024-04-07 05:13:02.565000+00:00,9496.0,0.0,0.0,0.0,1.0,0.0,0.0,1.0,1232.0,3691.0,-3381.0,766.0,2,0.06972406503420077,-0.0025952226013430625,
2024-04-07 05:13:02.885000+00:00,9496.0,0.0,0.0,0.0,1.0,0.0,0.0,1.0,1232.0,3691.0,-3381.0,766.0,2,0.06972406503420077,-0.0025952226013430625,
2024-04-07 05:13:03.125000+00:00,9496.0,0.0,0.0,0.0,1.0,0.0,0.0,1.0,1232.0,3691.0,-3381.0,766.0,2,0.06972406503420077,-0.0025952226013430625,
2024-04-07 05:13:03.325000+00:00,9496.0,0.0,0.0,0.0,1.0,0.0,0.0,1.0,1232.0,3691.0,-3381.0,766.0,2,0.06972406503420077,-0.0025952226013430625,
2024-04-07 05:13:03.605000+00:00,9496.0,0.0,0.0,0.0,1.0,0.0,0.0,1.0,1232.0,3691.0,-3381.0,766.0,2,0.06972406503420077,-0.0025952226013430625,
2024-04-07 05:13:03.765000+00:00,9496.0,0.0,0.0,0.0,1.0,0.0,0.0,1.0,1232.0,3691.0,-3381.0,766.0,2,0.06972406503420077,-0.0025952226013430625,
2024-04-07 05:13:03.925000+00:00,9496.0,0.0,0.0,0.0,1.0,0.0,0.0,1.0,1232.0,3691.0,-3381.0,766.0,2,0.06972406503420077,-0.0025952226013430625,
2024-04-07 05:13:04.085000+00:00,9496.0,0.0,0.0,0.0,1.0,0.0,0.0,1.0,1232.0,3691.0,-3381.0,766.0,2,0.06972406503420077,-0.0025952226013430625,
2024-04-07 05:13:04.365000+00:00,9496.0,0.0,0.0,0.0,1.0,0.0,0.0,1.0,1232.0,3691.0,-3381.0,766.0,2,0.06972406503420077,-0.0025952226013430625,
2024-04-07 05:13:04.565000+00:00,9496.0,0.0,0.0,0.0,1.0,0.0,0.0,1.0,1232.0,3691.0,-3381.0,766.0,2,0.06972406503420077,-0.0025952226013430625,
2024-04-07 05:13:04.725000+00:00,9496.0,0.0,0.0,0.0,1.0,0.0,0.0,1.0,1232.0,3691.0,-3381.0,766.0,2,0.06972406503420077,-0.0025952226013430625,
2024-04-07 05:13:05.045000+00:00,9496.0,0.0,0.0,0.0,1.0,0.0,0.0,1.0,1232.0,3691.0,-3381.0,766.0,2,0.06972406503420077,-0.0025952226013430625,
2024-04-07 05:13:05.445000+00:00,9496.0,0.0,0.0,0.0,1.0,0.0,0.0,1.0,1232.0,3691.0,-3381.0,766.0,2,0.06972406503420077,-0.0025952226013430625,
2024-04-07 05:13:05.605000+00:00,9496.0,0.0,0.0,0.0,1.0,0.0,0.0,1.0,1232.0,3691.0,-3381.0,766.0,2,0.06972406503420077,-0.0025952226013430625,
2024-04-07 05:13:05.805000+00:00,9496.0,0.0,0.0,0.0,1.0,0.0,0.0,1.0,1232.0,3691.0,-3381.0,766.0,2,0.06972406503420077,-0.0025952226013430625,
2024-04-07 05:13:06.045000+00:00,9496.0,0.0,0.0,0.0,1.0,0.0,0.0,1.0,1232.0,3691.0,-3381.0,766.0,2,0.06972406503420077,-0.0025952226013430625,
2024-04-07 05:13:06.244000+00:00,9496.0,0.0,0.0,0.0,1.0,0.0,0.0,1.0,1232.0,3691.0,-3381.0,766.0,2,0.06972406503420077,-0.0025952226013430625,
2024-04-07 05:13:06.405000+00:00,9496.0,0.0,0.0,0.0,1.0,0.0,0.0,1.0,1232.0,3691.0,-3381.0,766.0,2,0.06972406503420077,-0.0025952226013430625,
2024-04-07 05:13:06.725000+00:00,9496.0,0.0,0.0,0.0,1.0,0.0,0.0,1.0,1232.0,3691.0,-3381.0,766.0,2,0.06972406503420077,-0.0025952226013430625,
2024-04-07 05:13:07.085000+00:00,9496.0,0.0,0.0,0.0,1.0,0.0,0.0,1.0,1232.0,3691.0,-3381.0,766.0,2,0.06972406503420077,-0.0025952226013430625,
2024-04-07 05:13:07.245000+00:00,9496.0,0.0,0.0,0.0,1.0,0.0,0.0,1.0,1232.0,3691.0,-3381.0,766.0,2,0.06972406503420077,-0.0025952226013430625,
2024-04-07 05:13:07.645000+00:00,9496.0,0.0,0.0,0.0,1.0,0.0,0.0,1.0,1232.0,3691.0,-3381.0,766.0,2,0.06972406503420077,-0.0025952226013430625,
2024-04-07 05:13:07.805000+00:00,9496.0,0.0,0.0,0.0,1.0,0.0,0.0,1.0,1232.0,3691.0,-3381.0,766.0,2,0.06972406503420077,-0.0025952226013430625,
2024-04-07 05:13:08.085000+00:00,9496.0,0.0,0.0,0.0,1.0,0.0,0.0,1.0,1232.0,3691.0,-3381.0,766.0,2,0.06972406503420077,-0.0025952226013430625,
2024-04-07 05:13:08.405000+00:00,9496.0,0.0,0.0,0.0,1.0,0.0,0.0,1.0,1232.0,3691.0,-3381.0,766.0,2,0.06972406503420077,-0.0025952226013430625,
2024-04-07 05:13:08.605000+00:00,9496.0,0.0,0.0,0.0,1.0,0.0,0.0,1.0,1232.0,3691.0,-3381.0,766.0,2,0.06972406503420077,-0.0025952226013430625,
2024-04-07 05:13:08.885000+00:00,9496.0,0.0,0.0,0.0,1.0,0.0,0.0,1.0,1232.0,3691.0,-3381.0,766.0,2,0.06972406503420077,-0.0025952226013430625,
2024-04-07 05:13:09.165000+00:00,9496.0,0.0,0.0,0.0,1.0,0.0,0.0,1.0,1232.0,3691.0,-3381.0,766.0,2,0.06972406503420077,-0.0025952226013430625,
2024-04-07 05:13:09.405000+00:00,9496.0,0.0,0.0,0.0,1.0,0.0,0.0,1.0,1232.0,3691.0,-3381.0,766.0,2,0.06972406503420077,-0.0025952226013430625,
2024-04-07 05:13:09.765000+00:00,9496.0,0.0,0.0,0.0,1.0,0.0,0.0,1.0,1232.0,3691.0,-3381.0,766.0,2,0.06972406503420077,-0.0025952226013430625,
2024-04-07 05:13:09.965000+00:00,9496.0,0.0,0.0,0.0,1.0,0.0,0.0,1.0,1232.0,3691.0,-3381.0,766.0,2,0.06972406503420077,-0.0025952226013430625,
2024-04-07 05:13:10.165000+00:00,9496.0,0.0,0.0,0.0,1.0,0.0,0.0,1.0,1232.0,3691.0,-3381.0,766.0,2,0.06972406503420077,-0.0025952226013430625,
2024-04-07 05:13:10.445000+00:00,9496.0,0.0,0.0,0.0,1.0,0.0,0.0,1.0,1232.0,3691.0,-3381.0,766.0,2,0.06972406503420077,-0.0025952226013430625,
2024-04-07 05:13:10.765000+00:00,9496.0,0.0,0.0,0.0,1.0,0.0,0.0,1.0,1232.0,3691.0,-3381.0,766.0,2,0.06972406503420077,-0.0025952226013430625,
2024-04-07 05:13:11.205000+00:00,9496.0,0.0,0.0,0.0,1.0,0.0,0.0,1.0,1232.0,3691.0,-3381.0,766.0,2,0.06972406503420077,-0.0025952226013430625,
2024-04-07 05:13:11.525000+00:00,9496.0,0.0,0.0,0.0,1.0,0.0,0.0,1.0,1232.0,3691.0,-3381.0,766.0,2,0.06972406503420077,-0.0025952226013430625,
2024-04-07 05:13:11.725000+00:00,9496.0,0.0,0.0,0.0,1.0,0.0,0.0,1.0,1232.0,3691.0,-3381.0,766.0,2,0.06972406503420077,-0.0025952226013430625,
2024-04-07 05:13:11.885000+00:00,9496.0,0.0,0.0,0.0,1.0,0.0,0.0,1.0,1232.0,3691.0,-3381.0,766.0,2,0.06972406503420077,-0.0025952226013430625,
2024-04-07 05:13:12.165000+00:00,9496.0,0.0,0.0,0.0,1.0,0.0,0.0,1.0,1232.0,3691.0,-3381.0,766.0,2,0.06972406503420077,-0.0025952226013430625,
2024-04-07 05:13:12.405000+00:00,9496.0,0.0,0.0,0.0,1.0,0.0,0.0,1.0,1232.0,3691.0,-3381.0,766.0,2,0.06972406503420077,-0.0025952226013430625,
2024-04-07 05:13:12.685000+00:00,9496.0,0.0,0.0,0.0,1.0,0.0,0.0,1.0,1232.0,3691.0,-3381.0,766.0,2,0.06972406503420077,-0.0025952226013430625,
2024-04-07 05:13:12.965000+00:00,9496.0,0.0,0.0,0.0,1.0,0.0,0.0,1.0,1232.0,3691.0,-3381.0,766.0,2,0.06972406503420077,-0.0025952226013430625,
2024-04-07 05:13:13.125000+00:00,9496.0,0.0,0.0,0.0,1.0,0.0,0.0,1.0,1232.0,3691.0,-3381.0,766.0,2,0.06972406503420077,-0.0025952226013430625,
2024-04-07 05:13:13.365000+00:00,9496.0,0.0,0.0,0.0,1.0,0.0,0.0,1.0,1232.0,3691.0,-3381.0,766.0,2,0.06972406503420077,-0.0025952226013430625,
2024-04-07 05:13:13.605000+00:00,9496.0,0.0,0.0,0.0,1.0,0.0,0.0,1.0,1232.0,3691.0,-3381.0,766.0,2,0.06972406503420077,-0.0025952226013430625,
2024-04-07 05:13:13.805000+00:00,9496.0,0.0,0.0,0.0,1.0,0.0,0.0,1.0,1232.0,3691.0,-3381.0,766.0,2,0.06972406503420077,-0.0025952226013430625,
2024-04-07 05:13:14.165000+00:00,9496.0,0.0,0.0,0.0,1.0,0.0,0.0,1.0,1232.0,3691.0,-3382.0,766.0,2,0.06972406503420077,-0.0025952226013430625,
2024-04-07 05:13:14.405000+00:00,9496.0,0.0,0.0,0.0,1.0,0.0,0.0,1.0,1232.0,3691.0,-3382.0,766.0,2,0.06972406503420077,-0.0025952226013430625,
2024-04-07 05:13:14.645000+00:00,9496.0,0.0,0.0,0.0,1.0,0.0,0.0,1.0,1232.0,3691.0,-3382.0,766.0,2,0.06972406503420077,-0.0025952226013430625,
2024-04-07 05:13:14.845000+00:00,9496.0,0.0,0.0,0.0,1.0,0.0,0.0,1.0,1232.0,3691.0,-3382.0,766.0,2,0.06972406503420077,-0.0025952226013430625,
2024-04-07 05:13:15.125000+00:00,9496.0,0.0,0.0,0.0,1.0,0.0,0.0,1.0,1232.0,3691.0,-3382.0,766.0,2,0.06972406503420077,-0.0025952226013430625,
2024-04-07 05:13:15.365000+00:00,9496.0,0.0,0.0,0.0,1.0,0.0,0.0,1.0,1232.0,3691.0,-3382.0,766.0,2,0.06972406503420077,-0.0025952226013430625,
2024-04-07 05:13:16.125000+00:00,9496.0,0.0,0.0,0.0,1.0,0.0,0.0,1.0,1232.0,3691.0,-3382.0,766.0,2,0.06972406503420077,-0.0025952226013430625,
2024-04-07 05:13:16.325000+00:00,9496.0,0.0,0.0,0.0,1.0,0.0,0.0,1.0,1232.0,3691.0,-3382.0,766.0,2,0.06972406503420077,-0.0025952226013430625,
2024-04-07 05:13:16.685000+00:00,9496.0,0.0,0.0,0.0,1.0,0.0,0.0,1.0,1232.0,3691.0,-3382.0,766.0,2,0.06972406503420077,-0.0025952226013430625,
2024-04-07 05:13:17.165000+00:00,9496.0,0.0,0.0,0.0,1.0,0.0,0.0,1.0,1232.0,3691.0,-3382.0,766.0,2,0.06972406503420077,-0.0025952226013430625,
2024-04-07 05:13:17.605000+00:00,9496.0,0.0,0.0,0.0,1.0,0.0,0.0,1.0,1232.0,3691.0,-3382.0,766.0,2,0.06972406503420077,-0.0025952226013430625,
2024-04-07 05:13:17.965000+00:00,9496.0,0.0,0.0,0.0,1.0,0.0,0.0,1.0,1232.0,3691.0,-3382.0,766.0,2,0.06972406503420077,-0.0025952226013430625,
2024-04-07 05:13:18.205000+00:00,9496.0,0.0,0.0,0.0,1.0,0.0,0.0,1.0,1232.0,3691.0,-3382.0,766.0,2,0.06972406503420077,-0.0025952226013430625,
2024-04-07 05:13:18.485000+00:00,9496.0,0.0,0.0,0.0,1.0,0.0,0.0,1.0,1232.0,3691.0,-3382.0,766.0,2,0.06972406503420077,-0.0025952226013430625,
2024-04-07 05:13:18.765000+00:00,9496.0,0.0,0.0,0.0,1.0,0.0,0.0,1.0,1232.0,3691.0,-3382.0,766.0,2,0.06972406503420077,-0.0025952226013430625,
2024-04-07 05:13:19.005000+00:00,9496.0,0.0,0.0,0.0,1.0,0.0,0.0,1.0,1232.0,3691.0,-3382.0,766.0,2,0.06972406503420077,-0.0025952226013430625,
2024-04-07 05:13:19.405000+00:00,9496.0,0.0,0.0,0.0,1.0,0.0,0.0,1.0,1232.0,3691.0,-3382.0,766.0,2,0.06972406503420077,-0.0025952226013430625,
2024-04-07 05:13:19.605000+00:00,9496.0,0.0,0.0,0.0,1.0,0.0,0.0,1.0,1232.0,3691.0,-3382.0,766.0,2,0.06972406503420077,-0.0025952226013430625,
2024-04-07 05:13:20.085000+00:00,9496.0,0.0,0.0,0.0,1.0,0.0,0.0,1.0,1232.0,3691.0,-3382.0,766.0,2,0.06972406503420077,-0.0025952226013430625,
2024-04-07 05:13:20.245000+00:00,9496.0,0.0,0.0,0.0,1.0,0.0,0.0,1.0,1232.0,3691.0,-3382.0,766.0,2,0.06972406503420077,-0.0025952226013430625,
2024-04-07 05:13:20.485000+00:00,9496.0,0.0,0.0,0.0,1.0,0.0,0.0,1.0,1232.0,3691.0,-3382.0,766.0,2,0.06972406503420077,-0.0025952226013430625,
2024-04-07 05:13:20.685000+00:00,9496.0,0.0,0.0,0.0,1.0,0.0,0.0,1.0,1232.0,3691.0,-3382.0,766.0,2,0.06972406503420077,-0.0025952226013430625,
2024-04-07 05:13:20.885000+00:00,9496.0,0.0,0.0,0.0,1.0,0.0,0.0,1.0,1232.0,3691.0,-3382.0,766.0,2,0.06972406503420077,-0.0025952226013430625,
2024-04-07 05:13:21.125000+00:00,9496.0,0.0,0.0,0.0,1.0,0.0,0.0,1.0,1232.0,3691.0,-3382.0,766.0,2,0.06972406503420077,-0.0025952226013430625,
2024-04-07 05:13:21.445000+00:00,9496.0,0.0,0.0,0.0,1.0,0.0,0.0,1.0,1232.0,3691.0,-3382.0,766.0,2,0.06972406503420077,-0.0025952226013430625,
2024-04-07 05:13:21.725000+00:00,9496.0,0.0,0.0,0.0,1.0,0.0,0.0,1.0,1232.0,3691.0,-3382.0,766.0,2,0.06972406503420077,-0.0025952226013430625,
2024-04-07 05:13:21.965000+00:00,9496.0,0.0,0.0,0.0,1.0,0.0,0.0,1.0,1232.0,3691.0,-3382.0,766.0,2,0.06972406503420077,-0.0025952226013430625,
2024-04-07 05:13:22.125000+00:00,9496.0,0.0,0.0,0.0,1.0,0.0,0.0,1.0,1232.0,3691.0,-3382.0,766.0,2,0.06972406503420077,-0.0025952226013430625,
2024-04-07 05:13:22.325000+00:00,9496.0,0.0,0.0,0.0,1.0,0.0,0.0,1.0,1232.0,3691.0,-3382.0,766.0,2,0.06972406503420077,-0.0025952226013430625,
2024-04-07 05:13:22.685000+00:00,9496.0,0.0,0.0,0.0,1.0,0.0,0.0,1.0,1232.0,3691.0,-3382.0,766.0,2,0.06972406503420077,-0.0025952226013430625,
2024-04-07 05:13:22.845000+00:00,9496.0,0.0,0.0,0.0,1.0,0.0,0.0,1.0,1232.0,3691.0,-3382.0,766.0,2,0.06972406503420077,-0.0025952226013430625,
2024-04-07 05:13:23.125000+00:00,9496.0,0.0,0.0,0.0,1.0,0.0,0.0,1.0,1232.0,3691.0,-3382.0,766.0,2,0.06972406503420077,-0.0025952226013430625,
2024-04-07 05:13:23.365000+00:00,9496.0,0.0,0.0,0.0,1.0,0.0,0.0,1.0,1232.0,3691.0,-3382.0,766.0,2,0.06972406503420077,-0.0025952226013430625,
2024-04-07 05:13:23.605000+00:00,9496.0,0.0,0.0,0.0,1.0,0.0,0.0,1.0,1232.0,3691.0,-3382.0,766.0,2,0.06972406503420077,-0.0025952226013430625,
2024-04-07 05:13:23.765000+00:00,9496.0,0.0,0.0,0.0,1.0,0.0,0.0,1.0,1232.0,3691.0,-3382.0,766.0,2,0.06972406503420077,-0.0025952226013430625,
2024-04-07 05:13:23.925000+00:00,9496.0,0.0,0.0,0.0,1.0,0.0,0.0,1.0,1232.0,3691.0,-3382.0,766.0,2,0.06972406503420077,-0.0025952226013430625,
2024-04-07 05:13:24.205000+00:00,9496.0,0.0,0.0,0.0,1.0,0.0,0.0,1.0,1232.0,3691.0,-3382.0,766.0,2,0.06972406503420077,-0.0025952226013430625,
2024-04-07 05:13:24.405000+00:00,9496.0,0.0,0.0,0.0,1.0,0.0,0.0,1.0,1232.0,3691.0,-3382.0,766.0,2,0.06972406503420077,-0.0025952226013430625,
2024-04-07 05:13:24.565000+00:00,9496.0,0.0,0.0,0.0,1.0,0.0,0.0,1.0,1232.0,3691.0,-3382.0,766.0,2,0.06972406503420077,-0.0025952226013430625,
2024-04-07 05:13:24.765000+00:00,9496.0,0.0,0.0,0.0,1.0,0.0,0.0,1.0,1232.0,3691.0,-3382.0,766.0,2,0.06972406503420077,-0.0025952226013430625,
2024-04-07 05:13:24.925000+00:00,9496.0,0.0,0.0,0.0,1.0,0.0,0.0,1.0,1232.0,3691.0,-3382.0,766.0,2,0.06972406503420077,-0.0025952226013430625,
2024-04-07 05:13:25.245000+00:00,9496.0,0.0,0.0,0.0,1.0,0.0,0.0,1.0,1232.0,3691.0,-3382.0,766.0,2,0.06972406503420077,-0.0025952226013430625,
2024-04-07 05:13:25.565000+00:00,9496.0,0.0,0.0,0.0,1.0,0.0,0.0,1.0,1232.0,3691.0,-3382.0,766.0,2,0.06972406503420077,-0.0025952226013430625,
2024-04-07 05:13:25.845000+00:00,9496.0,0.0,0.0,0.0,1.0,0.0,0.0,1.0,1232.0,3691.0,-3382.0,766.0,2,0.06972406503420077,-0.0025952226013430625,
2024-04-07 05:13:26.126000+00:00,9496.0,0.0,0.0,0.0,1.0,0.0,0.0,1.0,1232.0,3691.0,-3382.0,766.0,2,0.06972406503420077,-0.0025952226013430625,
2024-04-07 05:13:26.485000+00:00,9496.0,0.0,0.0,0.0,1.0,0.0,0.0,1.0,1232.0,3691.0,-3382.0,766.0,2,0.06972406503420077,-0.0025952226013430625,
2024-04-07 05:13:26.645000+00:00,9496.0,0.0,0.0,0.0,1.0,0.0,0.0,1.0,1232.0,3691.0,-3382.0,766.0,2,0.06972406503420077,-0.0025952226013430625,
2024-04-07 05:13:26.965000+00:00,9496.0,0.0,0.0,0.0,1.0,0.0,0.0,1.0,1232.0,3691.0,-3382.0,766.0,2,0.06972406503420077,-0.0025952226013430625,
2024-04-07 05:13:27.205000+00:00,9496.0,0.0,0.0,0.0,1.0,0.0,0.0,1.0,1232.0,3691.0,-3382.0,766.0,2,0.06972406503420077,-0.0025952226013430625,
2024-04-07 05:13:27.365000+00:00,9496.0,0.0,0.0,0.0,1.0,0.0,0.0,1.0,1232.0,3691.0,-3382.0,766.0,2,0.06972406503420077,-0.0025952226013430625,
2024-04-07 05:13:27.725000+00:00,9496.0,0.0,0.0,0.0,1.0,0.0,0.0,1.0,1232.0,3691.0,-3382.0,766.0,2,0.06972406503420077,-0.0025952226013430625,
2024-04-07 05:13:28.045000+00:00,9496.0,0.0,0.0,0.0,1.0,0.0,0.0,1.0,1232.0,3691.0,-3382.0,766.0,2,0.06972406503420077,-0.0025952226013430625,
2024-04-07 05:13:28.325000+00:00,9496.0,0.0,0.0,0.0,1.0,0.0,0.0,1.0,1232.0,3691.0,-3382.0,766.0,2,0.06972406503420077,-0.0025952226013430625,
2024-04-07 05:13:28.525000+00:00,9496.0,0.0,0.0,0.0,1.0,0.0,0.0,1.0,1232.0,3691.0,-3382.0,766.0,2,0.06972406503420077,-0.0025952226013430625,
2024-04-07 05:13:28.685000+00:00,9496.0,0.0,0.0,0.0,1.0,0.0,0.0,1.0,1232.0,3691.0,-3382.0,766.0,2,0.06972406503420077,-0.0025952226013430625,
2024-04-07 05:13:28.965000+00:00,9496.0,0.0,0.0,0.0,1.0,0.0,0.0,1.0,1232.0,3691.0,-3382.0,766.0,2,0.06972406503420077,-0.0025952226013430625,
2024-04-07 05:13:29.205000+00:00,9496.0,0.0,0.0,0.0,1.0,0.0,0.0,1.0,1232.0,3691.0,-3382.0,766.0,2,0.06972406503420077,-0.0025952226013430625,
2024-04-07 05:13:29.445000+00:00,9496.0,0.0,0.0,0.0,1.0,0.0,0.0,1.0,1232.0,3691.0,-3382.0,766.0,2,0.06972406503420077,-0.0025952226013430625,
2024-04-07 05:13:29.645000+00:00,9496.0,0.0,0.0,0.0,1.0,0.0,0.0,1.0,1232.0,3691.0,-3382.0,766.0,2,0.06972406503420077,-0.0025952226013430625,
2024-04-07 05:13:29.965000+00:00,9496.0,0.0,0.0,0.0,1.0,0.0,0.0,1.0,1232.0,3691.0,-3382.0,766.0,2,0.06972406503420077,-0.0025952226013430625,
2024-04-07 05:13:30.405000+00:00,9496.0,0.0,0.0,0.0,1.0,0.0,0.0,1.0,1232.0,3691.0,-3382.0,766.0,2,0.06972406503420077,-0.0025952226013430625,
2024-04-07 05:13:30.765000+00:00,9496.0,0.0,0.0,0.0,1.0,0.0,0.0,1.0,1232.0,3691.0,-3382.0,766.0,2,0.06972406503420077,-0.0025952226013430625,
2024-04-07 05:13:30.925000+00:00,9496.0,0.0,0.0,0.0,1.0,0.0,0.0,1.0,1232.0,3691.0,-3382.0,766.0,2,0.06972406503420077,-0.0025952226013430625,
2024-04-07 05:13:31.205000+00:00,9496.0,0.0,0.0,0.0,1.0,0.0,0.0,1.0,1232.0,3691.0,-3382.0,766.0,2,0.06972406503420077,-0.0025952226013430625,
2024-04-07 05:13:31.645000+00:00,9496.0,0.0,0.0,0.0,1.0,0.0,0.0,1.0,1232.0,3691.0,-3382.0,766.0,2,0.06972406503420077,-0.0025952226013430625,
2024-04-07 05:13:31.805000+00:00,9496.0,0.0,0.0,0.0,1.0,0.0,0.0,1.0,1232.0,3691.0,-3382.0,766.0,2,0.06972406503420077,-0.0025952226013430625,
2024-04-07 05:13:32.165000+00:00,9496.0,0.0,0.0,0.0,1.0,0.0,0.0,1.0,1232.0,3691.0,-3382.0,766.0,2,0.06972406503420077,-0.0025952226013430625,
2024-04-07 05:13:32.405000+00:00,9496.0,0.0,0.0,0.0,1.0,0.0,0.0,1.0,1232.0,3691.0,-3382.0,766.0,2,0.06972406503420077,-0.0025952226013430625,
2024-04-07 05:13:32.806000+00:00,9496.0,0.0,0.0,0.0,1.0,0.0,0.0,1.0,1232.0,3691.0,-3382.0,766.0,2,0.06972406503420077,-0.0025952226013430625,
2024-04-07 05:13:33.005000+00:00,9496.0,0.0,0.0,0.0,1.0,0.0,0.0,1.0,1232.0,3691.0,-3382.0,766.0,2,0.06972406503420077,-0.0025952226013430625,
2024-04-07 05:13:33.205000+00:00,9496.0,0.0,0.0,0.0,1.0,0.0,0.0,1.0,1232.0,3691.0,-3382.0,766.0,2,0.06972406503420077,-0.0025952226013430625,
2024-04-07 05:13:33.365000+00:00,9496.0,0.0,0.0,0.0,1.0,0.0,0.0,1.0,1232.0,3691.0,-3382.0,766.0,2,0.06972406503420077,-0.0025952226013430625,
2024-04-07 05:13:33.645000+00:00,9496.0,0.0,0.0,0.0,1.0,0.0,0.0,1.0,1232.0,3691.0,-3382.0,766.0,2,0.06972406503420077,-0.0025952226013430625,
2024-04-07 05:13:34.005000+00:00,9496.0,0.0,0.0,0.0,1.0,0.0,0.0,1.0,1232.0,3691.0,-3382.0,766.0,2,0.06972406503420077,-0.0025952226013430625,
2024-04-07 05:13:34.365000+00:00,9496.0,0.0,0.0,0.0,1.0,0.0,0.0,1.0,1232.0,3691.0,-3382.0,766.0,2,0.06972406503420077,-0.0025952226013430625,
2024-04-07 05:13:34.525000+00:00,9496.0,0.0,0.0,0.0,1.0,0.0,0.0,1.0,1232.0,3691.0,-3382.0,766.0,2,0.06972406503420077,-0.0025952226013430625,
2024-04-07 05:13:34.725000+00:00,9496.0,0.0,0.0,0.0,1.0,0.0,0.0,1.0,1232.0,3691.0,-3382.0,766.0,2,0.06972406503420077,-0.0025952226013430625,
2024-04-07 05:13:34.885000+00:00,9496.0,0.0,0.0,0.0,1.0,0.0,0.0,1.0,1232.0,3691.0,-3382.0,766.0,2,0.06972406503420077,-0.0025952226013430625,
2024-04-07 05:13:35.085000+00:00,9496.0,0.0,0.0,0.0,1.0,0.0,0.0,1.0,1232.0,3691.0,-3382.0,766.0,2,0.06972406503420077,-0.0025952226013430625,
2024-04-07 05:13:35.245000+00:00,9496.0,0.0,0.0,0.0,1.0,0.0,0.0,1.0,1232.0,3691.0,-3382.0,766.0,2,0.06972406503420077,-0.0025952226013430625,
2024-04-07 05:13:35.485000+00:00,9496.0,0.0,0.0,0.0,1.0,0.0,0.0,1.0,1232.0,3691.0,-3382.0,766.0,2,0.06972406503420077,-0.0025952226013430625,
2024-04-07 05:13:35.805000+00:00,9496.0,0.0,0.0,0.0,1.0,0.0,0.0,1.0,1232.0,3691.0,-3382.0,766.0,2,0.06972406503420077,-0.0025952226013430625,
2024-04-07 05:13:36.005000+00:00,9496.0,0.0,0.0,0.0,1.0,0.0,0.0,1.0,1232.0,3691.0,-3382.0,766.0,2,0.06972406503420077,-0.0025952226013430625,
2024-04-07 05:13:36.205000+00:00,9496.0,0.0,0.0,0.0,1.0,0.0,0.0,1.0,1232.0,3691.0,-3382.0,766.0,2,0.06972406503420077,-0.0025952226013430625,
2024-04-07 05:13:36.405000+00:00,9496.0,0.0,0.0,0.0,1.0,0.0,0.0,1.0,1232.0,3691.0,-3382.0,766.0,2,0.06972406503420077,-0.0025952226013430625,
2024-04-07 05:13:36.805000+00:00,9496.0,0.0,0.0,0.0,1.0,0.0,0.0,1.0,1232.0,3691.0,-3382.0,766.0,2,0.06972406503420077,-0.0025952226013430625,
2024-04-07 05:13:37.005000+00:00,9496.0,0.0,0.0,0.0,1.0,0.0,0.0,1.0,1232.0,3691.0,-3382.0,766.0,2,0.06972406503420077,-0.0025952226013430625,
2024-04-07 05:13:37.165000+00:00,9496.0,0.0,0.0,0.0,1.0,0.0,0.0,1.0,1232.0,3691.0,-3382.0,766.0,2,0.06972406503420077,-0.0025952226013430625,
2024-04-07 05:13:37.645000+00:00,9496.0,0.0,0.0,0.0,1.0,0.0,0.0,1.0,1232.0,3691.0,-3382.0,766.0,2,0.06972406503420077,-0.0025952226013430625,
2024-04-07 05:13:38.045000+00:00,9496.0,0.0,0.0,0.0,1.0,0.0,0.0,1.0,1232.0,3691.0,-3382.0,766.0,2,0.06972406503420077,-0.0025952226013430625,
2024-04-07 05:13:38.205000+00:00,9496.0,0.0,0.0,0.0,1.0,0.0,0.0,1.0,1232.0,3691.0,-3382.0,766.0,2,0.06972406503420077,-0.0025952226013430625,
2024-04-07 05:13:38.525000+00:00,9496.0,0.0,0.0,0.0,1.0,0.0,0.0,1.0,1232.0,3691.0,-3382.0,766.0,2,0.06972406503420077,-0.0025952226013430625,
2024-04-07 05:13:38.845000+00:00,9496.0,0.0,0.0,0.0,1.0,0.0,0.0,1.0,1232.0,3691.0,-3382.0,766.0,2,0.06972406503420077,-0.0025952226013430625,
2024-04-07 05:13:39.045000+00:00,9496.0,0.0,0.0,0.0,1.0,0.0,0.0,1.0,1232.0,3691.0,-3382.0,766.0,2,0.06972406503420077,-0.0025952226013430625,
2024-04-07 05:13:39.286000+00:00,9496.0,0.0,0.0,0.0,1.0,0.0,0.0,1.0,1232.0,3691.0,-3382.0,766.0,2,0.06972406503420077,-0.0025952226013430625,
2024-04-07 05:13:39.446000+00:00,9496.0,0.0,0.0,0.0,1.0,0.0,0.0,1.0,1232.0,3691.0,-3382.0,766.0,2,0.06972406503420077,-0.0025952226013430625,
2024-04-07 05:13:39.606000+00:00,9496.0,0.0,0.0,0.0,1.0,0.0,0.0,1.0,1232.0,3691.0,-3382.0,766.0,2,0.06972406503420077,-0.0025952226013430625,
2024-04-07 05:13:39.965000+00:00,9496.0,0.0,0.0,0.0,1.0,0.0,0.0,1.0,1232.0,3691.0,-3382.0,766.0,2,0.06972406503420077,-0.0025952226013430625,
2024-04-07 05:13:40.245000+00:00,9496.0,0.0,0.0,0.0,1.0,0.0,0.0,1.0,1232.0,3691.0,-3382.0,766.0,2,0.06972406503420077,-0.0025952226013430625,
2024-04-07 05:13:40.405000+00:00,9496.0,0.0,0.0,0.0,1.0,0.0,0.0,1.0,1232.0,3691.0,-3382.0,766.0,2,0.06972406503420077,-0.0025952226013430625,
2024-04-07 05:13:40.685000+00:00,9496.0,0.0,0.0,0.0,1.0,0.0,0.0,1.0,1232.0,3691.0,-3382.0,766.0,2,0.06972406503420077,-0.0025952226013430625,
2024-04-07 05:13:40.965000+00:00,9496.0,0.0,0.0,0.0,1.0,0.0,0.0,1.0,1232.0,3691.0,-3382.0,766.0,2,0.06972406503420077,-0.0025952226013430625,
2024-04-07 05:13:41.125000+00:00,9496.0,0.0,0.0,0.0,1.0,0.0,0.0,1.0,1232.0,3691.0,-3382.0,766.0,2,0.06972406503420077,-0.0025952226013430625,
2024-04-07 05:13:41.325000+00:00,9496.0,0.0,0.0,0.0,1.0,0.0,0.0,1.0,1232.0,3691.0,-3382.0,766.0,2,0.06972406503420077,-0.0025952226013430625,
2024-04-07 05:13:41.525000+00:00,9496.0,0.0,0.0,0.0,1.0,0.0,0.0,1.0,1232.0,3691.0,-3382.0,766.0,2,0.06972406503420077,-0.0025952226013430625,
2024-04-07 05:13:41.805000+00:00,9496.0,0.0,0.0,0.0,1.0,0.0,0.0,1.0,1232.0,3691.0,-3382.0,766.0,2,0.06972406503420077,-0.0025952226013430625,
2024-04-07 05:13:42.165000+00:00,9496.0,0.0,0.0,0.0,1.0,0.0,0.0,1.0,1232.0,3691.0,-3382.0,766.0,2,0.06972406503420077,-0.0025952226013430625,
2024-04-07 05:13:42.605000+00:00,9496.0,0.0,0.0,0.0,1.0,0.0,0.0,1.0,1232.0,3691.0,-3382.0,766.0,2,0.06972406503420077,-0.0025952226013430625,
2024-04-07 05:13:42.765000+00:00,9496.0,0.0,0.0,0.0,1.0,0.0,0.0,1.0,1232.0,3691.0,-3382.0,766.0,2,0.06972406503420077,-0.0025952226013430625,
2024-04-07 05:13:42.965000+00:00,9496.0,0.0,0.0,0.0,1.0,0.0,0.0,1.0,1232.0,3691.0,-3382.0,766.0,2,0.06972406503420077,-0.0025952226013430625,
2024-04-07 05:13:43.405000+00:00,9496.0,0.0,0.0,0.0,1.0,0.0,0.0,1.0,1232.0,3691.0,-3382.0,766.0,2,0.06972406503420077,-0.0025952226013430625,
2024-04-07 05:13:43.685000+00:00,9496.0,0.0,0.0,0.0,1.0,0.0,0.0,1.0,1232.0,3691.0,-3382.0,766.0,2,0.06972406503420077,-0.0025952226013430625,
2024-04-07 05:13:43.925000+00:00,9496.0,0.0,0.0,0.0,1.0,0.0,0.0,1.0,1232.0,3691.0,-3382.0,766.0,2,0.06972406503420077,-0.0025952226013430625,
2024-04-07 05:13:44.125000+00:00,9496.0,0.0,0.0,0.0,1.0,0.0,0.0,1.0,1232.0,3691.0,-3382.0,766.0,2,0.06972406503420077,-0.0025952226013430625,
2024-04-07 05:13:44.405000+00:00,9496.0,0.0,0.0,0.0,1.0,0.0,0.0,1.0,1232.0,3691.0,-3382.0,766.0,2,0.06972406503420077,-0.0025952226013430625,
2024-04-07 05:13:44.565000+00:00,9496.0,0.0,0.0,0.0,1.0,0.0,0.0,1.0,1232.0,3691.0,-3382.0,766.0,2,0.06972406503420077,-0.0025952226013430625,
2024-04-07 05:13:44.885000+00:00,9496.0,0.0,0.0,0.0,1.0,0.0,0.0,1.0,1232.0,3691.0,-3382.0,766.0,2,0.06972406503420077,-0.0025952226013430625,
2024-04-07 05:13:45.085000+00:00,9496.0,0.0,0.0,0.0,1.0,0.0,0.0,1.0,1232.0,3691.0,-3382.0,766.0,2,0.06972406503420077,-0.0025952226013430625,
2024-04-07 05:13:45.405000+00:00,9496.0,0.0,0.0,0.0,1.0,0.0,0.0,1.0,1232.0,3691.0,-3382.0,766.0,2,0.06972406503420077,-0.0025952226013430625,
2024-04-07 05:13:45.685000+00:00,9496.0,0.0,0.0,0.0,1.0,0.0,0.0,1.0,1232.0,3691.0,-3382.0,766.0,2,0.06972406503420077,-0.0025952226013430625,
2024-04-07 05:13:46.006000+00:00,9496.0,0.0,0.0,0.0,1.0,0.0,0.0,1.0,1232.0,3691.0,-3382.0,766.0,2,0.06972406503420077,-0.0025952226013430625,
2024-04-07 05:13:46.286000+00:00,9496.0,0.0,0.0,0.0,1.0,0.0,0.0,1.0,1232.0,3691.0,-3382.0,766.0,2,0.06972406503420077,-0.0025952226013430625,
2024-04-07 05:13:46.446000+00:00,9496.0,0.0,0.0,0.0,1.0,0.0,0.0,1.0,1232.0,3691.0,-3382.0,766.0,2,0.06972406503420077,-0.0025952226013430625,
2024-04-07 05:13:46.725000+00:00,9496.0,0.0,0.0,0.0,1.0,0.0,0.0,1.0,1232.0,3691.0,-3382.0,766.0,2,0.06972406503420077,-0.0025952226013430625,
2024-04-07 05:13:47.125000+00:00,9496.0,0.0,0.0,0.0,1.0,0.0,0.0,1.0,1232.0,3691.0,-3382.0,766.0,2,0.06972406503420077,-0.0025952226013430625,
2024-04-07 05:13:47.285000+00:00,9496.0,0.0,0.0,0.0,1.0,0.0,0.0,1.0,1232.0,3691.0,-3382.0,766.0,2,0.06972406503420077,-0.0025952226013430625,
2024-04-07 05:13:47.645000+00:00,9496.0,0.0,0.0,0.0,1.0,0.0,0.0,1.0,1232.0,3691.0,-3382.0,766.0,2,0.06972406503420077,-0.0025952226013430625,
2024-04-07 05:13:47.885000+00:00,9496.0,0.0,0.0,0.0,1.0,0.0,0.0,1.0,1232.0,3691.0,-3382.0,766.0,2,0.06972406503420077,-0.0025952226013430625,
2024-04-07 05:13:48.245000+00:00,9496.0,0.0,0.0,0.0,1.0,0.0,0.0,1.0,1232.0,3691.0,-3382.0,766.0,2,0.06972406503420077,-0.0025952226013430625,
2024-04-07 05:13:48.405000+00:00,9496.0,0.0,0.0,0.0,1.0,0.0,0.0,1.0,1232.0,3691.0,-3382.0,766.0,2,0.06972406503420077,-0.0025952226013430625,
2024-04-07 05:13:48.645000+00:00,9496.0,0.0,0.0,0.0,1.0,0.0,0.0,1.0,1232.0,3691.0,-3382.0,766.0,2,0.06972406503420077,-0.0025952226013430625,
2024-04-07 05:13:48.805000+00:00,9496.0,0.0,0.0,0.0,1.0,0.0,0.0,1.0,1232.0,3691.0,-3382.0,766.0,2,0.06972406503420077,-0.0025952226013430625,
2024-04-07 05:13:49.125000+00:00,9496.0,0.0,0.0,0.0,1.0,0.0,0.0,1.0,1232.0,3691.0,-3382.0,766.0,2,0.06972406503420077,-0.0025952226013430625,
2024-04-07 05:13:49.405000+00:00,9496.0,0.0,0.0,0.0,1.0,0.0,0.0,1.0,1232.0,3691.0,-3382.0,766.0,2,0.06972406503420077,-0.0025952226013430625,
2024-04-07 05:13:49.725000+00:00,9496.0,0.0,0.0,0.0,1.0,0.0,0.0,1.0,1232.0,3691.0,-3382.0,766.0,2,0.06972406503420077,-0.0025952226013430625,
2024-04-07 05:13:50.325000+00:00,9496.0,0.0,0.0,0.0,1.0,0.0,0.0,1.0,1232.0,3691.0,-3382.0,766.0,2,0.06972406503420077,-0.0025952226013430625,
2024-04-07 05:13:50.525000+00:00,9496.0,0.0,0.0,0.0,1.0,0.0,0.0,1.0,1232.0,3691.0,-3382.0,766.0,2,0.06972406503420077,-0.0025952226013430625,
2024-04-07 05:13:50.765000+00:00,9496.0,0.0,0.0,0.0,1.0,0.0,0.0,1.0,1232.0,3691.0,-3382.0,766.0,2,0.06972406503420077,-0.0025952226013430625,
2024-04-07 05:13:51.205000+00:00,9496.0,0.0,0.0,0.0,1.0,0.0,0.0,1.0,1232.0,3691.0,-3382.0,766.0,2,0.06972406503420077,-0.0025952226013430625,
2024-04-07 05:13:51.405000+00:00,9496.0,0.0,0.0,0.0,1.0,0.0,0.0,1.0,1232.0,3691.0,-3382.0,766.0,2,0.06972406503420077,-0.0025952226013430625,
2024-04-07 05:13:51.605000+00:00,9496.0,0.0,0.0,0.0,1.0,0.0,0.0,1.0,1232.0,3691.0,-3382.0,766.0,2,0.06972406503420077,-0.0025952226013430625,
2024-04-07 05:13:51.965000+00:00,9496.0,0.0,0.0,0.0,1.0,0.0,0.0,1.0,1232.0,3691.0,-3382.0,766.0,2,0.06972406503420077,-0.0025952226013430625,
2024-04-07 05:13:52.205000+00:00,9496.0,0.0,0.0,0.0,1.0,0.0,0.0,1.0,1232.0,3691.0,-3382.0,766.0,2,0.06972406503420077,-0.0025952226013430625,
2024-04-07 05:13:52.446000+00:00,9496.0,0.0,0.0,0.0,1.0,0.0,0.0,1.0,1232.0,3691.0,-3382.0,766.0,2,0.06972406503420077,-0.0025952226013430625,
2024-04-07 05:13:52.726000+00:00,9496.0,0.0,0.0,0.0,1.0,0.0,0.0,1.0,1232.0,3691.0,-3382.0,766.0,2,0.06972406503420077,-0.0025952226013430625,
2024-04-07 05:13:53.006000+00:00,9496.0,0.0,0.0,0.0,1.0,0.0,0.0,1.0,1232.0,3691.0,-3382.0,766.0,2,0.06972406503420077,-0.0025952226013430625,
2024-04-07 05:13:53.245000+00:00,9496.0,0.0,0.0,0.0,1.0,0.0,0.0,1.0,1232.0,3691.0,-3382.0,766.0,2,0.06972406503420077,-0.0025952226013430625,
2024-04-07 05:13:53.405000+00:00,9496.0,0.0,0.0,0.0,1.0,0.0,0.0,1.0,1232.0,3691.0,-3382.0,766.0,2,0.06972406503420077,-0.0025952226013430625,
2024-04-07 05:13:53.645000+00:00,9496.0,0.0,0.0,0.0,1.0,0.0,0.0,1.0,1232.0,3691.0,-3382.0,766.0,2,0.06972406503420077,-0.0025952226013430625,
2024-04-07 05:13:53.805000+00:00,9496.0,0.0,0.0,0.0,1.0,0.0,0.0,1.0,1232.0,3691.0,-3382.0,766.0,2,0.06972406503420077,-0.0025952226013430625,
2024-04-07 05:13:53.965000+00:00,9496.0,0.0,0.0,0.0,1.0,0.0,0.0,1.0,1232.0,3691.0,-3382.0,766.0,2,0.06972406503420077,-0.0025952226013430625,
2024-04-07 05:13:54.245000+00:00,9496.0,0.0,0.0,0.0,1.0,0.0,0.0,1.0,1232.0,3691.0,-3382.0,766.0,2,0.06972406503420077,-0.0025952226013430625,
2024-04-07 05:13:54.445000+00:00,9496.0,0.0,0.0,0.0,1.0,0.0,0.0,1.0,1232.0,3691.0,-3382.0,766.0,2,0.06972406503420077,-0.0025952226013430625,
2024-04-07 05:13:54.645000+00:00,9496.0,0.0,0.0,0.0,1.0,0.0,0.0,1.0,1232.0,3691.0,-3382.0,766.0,2,0.06972406503420077,-0.0025952226013430625,
2024-04-07 05:13:54.805000+00:00,9496.0,0.0,0.0,0.0,1.0,0.0,0.0,1.0,1232.0,3691.0,-3382.0,766.0,2,0.06972406503420077,-0.0025952226013430625,
2024-04-07 05:13:54.965000+00:00,9496.0,0.0,0.0,0.0,1.0,0.0,0.0,1.0,1232.0,3691.0,-3382.0,766.0,2,0.06972406503420077,-0.0025952226013430625,
2024-04-07 05:13:55.285000+00:00,9496.0,0.0,0.0,0.0,1.0,0.0,0.0,1.0,1232.0,3691.0,-3382.0,766.0,2,0.06972406503420077,-0.0025952226013430625,
2024-04-07 05:13:55.525000+00:00,9496.0,0.0,0.0,0.0,1.0,0.0,0.0,1.0,1232.0,3691.0,-3382.0,766.0,2,0.06972406503420077,-0.0025952226013430625,
2024-04-07 05:13:55.685000+00:00,9496.0,0.0,0.0,0.0,1.0,0.0,0.0,1.0,1232.0,3691.0,-3382.0,766.0,2,0.06972406503420077,-0.0025952226013430625,
2024-04-07 05:13:55.925000+00:00,9496.0,0.0,0.0,0.0,1.0,0.0,0.0,1.0,1232.0,3691.0,-3382.0,766.0,2,0.06972406503420077,-0.0025952226013430625,
2024-04-07 05:13:56.205000+00:00,9496.0,0.0,0.0,0.0,1.0,0.0,0.0,1.0,1232.0,3691.0,-3382.0,766.0,2,0.06972406503420077,-0.0025952226013430625,
2024-04-07 05:13:56.645000+00:00,9496.0,0.0,0.0,0.0,1.0,0.0,0.0,1.0,1232.0,3691.0,-3382.0,766.0,2,0.06972406503420077,-0.0025952226013430625,
2024-04-07 05:13:56.805000+00:00,9496.0,0.0,0.0,0.0,1.0,0.0,0.0,1.0,1232.0,3691.0,-3382.0,766.0,2,0.06972406503420077,-0.0025952226013430625,
2024-04-07 05:13:57.125000+00:00,9496.0,0.0,0.0,0.0,1.0,0.0,0.0,1.0,1232.0,3691.0,-3382.0,766.0,2,0.06972406503420077,-0.0025952226013430625,
2024-04-07 05:13:57.525000+00:00,9496.0,0.0,0.0,0.0,1.0,0.0,0.0,1.0,1232.0,3691.0,-3382.0,766.0,2,0.06972406503420077,-0.0025952226013430625,
2024-04-07 05:13:57.765000+00:00,9496.0,0.0,0.0,0.0,1.0,0.0,0.0,1.0,1232.0,3691.0,-3382.0,766.0,2,0.06972406503420077,-0.0025952226013430625,
2024-04-07 05:13:57.925000+00:00,9496.0,0.0,0.0,0.0,1.0,0.0,0.0,1.0,1232.0,3691.0,-3382.0,766.0,2,0.06972406503420077,-0.0025952226013430625,
2024-04-07 05:13:58.125000+00:00,9496.0,0.0,0.0,0.0,1.0,0.0,0.0,1.0,1232.0,3691.0,-3382.0,766.0,2,0.06972406503420077,-0.0025952226013430625,
2024-04-07 05:13:58.365000+00:00,9496.0,0.0,0.0,0.0,1.0,0.0,0.0,1.0,1232.0,3691.0,-3382.0,766.0,2,0.06972406503420077,-0.0025952226013430625,
2024-04-07 05:13:58.525000+00:00,9496.0,0.0,0.0,0.0,1.0,0.0,0.0,1.0,1232.0,3691.0,-3382.0,766.0,2,0.06972406503420077,-0.0025952226013430625,
2024-04-07 05:13:59.526000+00:00,9496.0,0.0,0.0,0.0,1.0,0.0,0.0,1.0,1232.0,3691.0,-3382.0,766.0,2,0.06972406503420077,-0.0025952226013430625,
2024-04-07 05:13:59.766000+00:00,9496.0,0.0,0.0,0.0,1.0,0.0,0.0,1.0,1232.0,3691.0,-3382.0,766.0,2,0.06972406503420077,-0.0025952226013430625,
2024-04-07 05:14:00.005000+00:00,9496.0,0.0,0.0,0.0,1.0,0.0,0.0,1.0,1232.0,3691.0,-3382.0,766.0,2,0.06972406503420077,-0.0025952226013430625,
2024-04-07 05:14:00.205000+00:00,9496.0,0.0,0.0,0.0,1.0,0.0,0.0,1.0,1232.0,3691.0,-3382.0,766.0,2,0.06972406503420077,-0.0025952226013430625,
2024-04-07 05:14:00.405000+00:00,9496.0,0.0,0.0,0.0,1.0,0.0,0.0,1.0,1232.0,3691.0,-3382.0,766.0,2,0.06972406503420077,-0.0025952226013430625,
2024-04-07 05:14:00.645000+00:00,9496.0,0.0,0.0,0.0,1.0,0.0,0.0,1.0,1232.0,3691.0,-3382.0,766.0,2,0.06972406503420077,-0.0025952226013430625,
2024-04-07 05:14:00.885000+00:00,9496.0,0.0,0.0,0.0,1.0,0.0,0.0,1.0,1232.0,3691.0,-3382.0,766.0,2,0.06972406503420077,-0.0025952226013430625,
2024-04-07 05:14:01.205000+00:00,9496.0,0.0,0.0,0.0,1.0,0.0,0.0,1.0,1232.0,3691.0,-3382.0,766.0,2,0.06972406503420077,-0.0025952226013430625,
2024-04-07 05:14:01.365000+00:00,9496.0,0.0,0.0,0.0,1.0,0.0,0.0,1.0,1232.0,3691.0,-3382.0,766.0,2,0.06972406503420077,-0.0025952226013430625,
2024-04-07 05:14:01.725000+00:00,9496.0,0.0,0.0,0.0,1.0,0.0,0.0,1.0,1232.0,3691.0,-3382.0,766.0,2,0.06972406503420077,-0.0025952226013430625,
2024-04-07 05:14:01.965000+00:00,9496.0,0.0,0.0,0.0,1.0,0.0,0.0,1.0,1232.0,3691.0,-3382.0,766.0,2,0.06972406503420077,-0.0025952226013430625,
2024-04-07 05:14:02.365000+00:00,9496.0,0.0,0.0,0.0,1.0,0.0,0.0,1.0,1232.0,3691.0,-3382.0,766.0,2,0.06972406503420077,-0.0025952226013430625,
2024-04-07 05:14:02.725000+00:00,9496.0,0.0,0.0,0.0,1.0,0.0,0.0,1.0,1232.0,3691.0,-3382.0,766.0,2,0.06972406503420077,-0.0025952226013430625,
2024-04-07 05:14:02.885000+00:00,9496.0,0.0,0.0,0.0,1.0,0.0,0.0,1.0,1232.0,3691.0,-3382.0,766.0,2,0.06972406503420077,-0.0025952226013430625,
2024-04-07 05:14:03.125000+00:00,9496.0,0.0,0.0,0.0,1.0,0.0,0.0,1.0,1232.0,3691.0,-3382.0,766.0,2,0.06972406503420077,-0.0025952226013430625,
2024-04-07 05:14:03.365000+00:00,9496.0,0.0,0.0,0.0,1.0,0.0,0.0,1.0,1232.0,3691.0,-3382.0,766.0,2,0.06972406503420077,-0.0025952226013430625,
2024-04-07 05:14:03.685000+00:00,9496.0,0.0,0.0,0.0,1.0,0.0,0.0,1.0,1232.0,3691.0,-3382.0,766.0,2,0.06972406503420077,-0.0025952226013430625,
2024-04-07 05:14:03.925000+00:00,9496.0,0.0,0.0,0.0,1.0,0.0,0.0,1.0,1232.0,3691.0,-3382.0,766.0,2,0.06972406503420077,-0.0025952226013430625,
2024-04-07 05:14:04.365000+00:00,9496.0,0.0,0.0,0.0,1.0,0.0,0.0,1.0,1232.0,3691.0,-3382.0,766.0,2,0.06972406503420077,-0.0025952226013430625,
2024-04-07 05:14:04.645000+00:00,9496.0,0.0,0.0,0.0,1.0,0.0,0.0,1.0,1232.0,3691.0,-3382.0,766.0,2,0.06972406503420077,-0.0025952226013430625,
2024-04-07 05:14:04.805000+00:00,9496.0,0.0,0.0,0.0,1.0,0.0,0.0,1.0,1232.0,3691.0,-3382.0,766.0,2,0.06972406503420077,-0.0025952226013430625,
2024-04-07 05:14:05.005000+00:00,9496.0,0.0,0.0,0.0,1.0,0.0,0.0,1.0,1232.0,3691.0,-3382.0,766.0,2,0.06972406503420077,-0.0025952226013430625,
2024-04-07 05:14:05.205000+00:00,9496.0,0.0,0.0,0.0,1.0,0.0,0.0,1.0,1232.0,3691.0,-3382.0,766.0,2,0.06972406503420077,-0.0025952226013430625,
2024-04-07 05:14:05.405000+00:00,9496.0,0.0,0.0,0.0,1.0,0.0,0.0,1.0,1232.0,3691.0,-3382.0,766.0,2,0.06972406503420077,-0.0025952226013430625,
2024-04-07 05:14:05.846000+00:00,9496.0,0.0,0.0,0.0,1.0,0.0,0.0,1.0,1232.0,3691.0,-3382.0,766.0,2,0.06972406503420077,-0.0025952226013430625,
2024-04-07 05:14:06.046000+00:00,9496.0,0.0,0.0,0.0,1.0,0.0,0.0,1.0,1232.0,3691.0,-3382.0,766.0,2,0.06972406503420077,-0.0025952226013430625,
2024-04-07 05:14:06.326000+00:00,9496.0,0.0,0.0,0.0,1.0,0.0,0.0,1.0,1232.0,3691.0,-3382.0,766.0,2,0.06972406503420077,-0.0025952226013430625,
2024-04-07 05:14:06.645000+00:00,9496.0,0.0,0.0,0.0,1.0,0.0,0.0,1.0,1232.0,3691.0,-3382.0,766.0,2,0.06972406503420077,-0.0025952226013430625,
2024-04-07 05:14:07.085000+00:00,9496.0,0.0,0.0,0.0,1.0,0.0,0.0,1.0,1232.0,3691.0,-3382.0,766.0,2,0.06972406503420077,-0.0025952226013430625,
2024-04-07 05:14:07.365000+00:00,9496.0,0.0,0.0,0.0,1.0,0.0,0.0,1.0,1232.0,3691.0,-3382.0,766.0,2,0.06972406503420077,-0.0025952226013430625,
2024-04-07 05:14:07.685000+00:00,9496.0,0.0,0.0,0.0,1.0,0.0,0.0,1.0,1232.0,3691.0,-3382.0,766.0,2,0.06972406503420077,-0.0025952226013430625,
2024-04-07 05:14:07.885000+00:00,9496.0,0.0,0.0,0.0,1.0,0.0,0.0,1.0,1232.0,3691.0,-3382.0,766.0,2,0.06972406503420077,-0.0025952226013430625,
2024-04-07 05:14:08.125000+00:00,9496.0,0.0,0.0,0.0,1.0,0.0,0.0,1.0,1232.0,3691.0,-3382.0,766.0,2,0.06972406503420077,-0.0025952226013430625,
2024-04-07 05:14:08.485000+00:00,9496.0,0.0,0.0,0.0,1.0,0.0,0.0,1.0,1232.0,3691.0,-3382.0,766.0,2,0.06972406503420077,-0.0025952226013430625,
2024-04-07 05:14:08.685000+00:00,9496.0,0.0,0.0,0.0,1.0,0.0,0.0,1.0,1232.0,3691.0,-3382.0,766.0,2,0.06972406503420077,-0.0025952226013430625,
2024-04-07 05:14:09.005000+00:00,9496.0,0.0,0.0,0.0,1.0,0.0,0.0,1.0,1232.0,3691.0,-3382.0,766.0,2,0.06972406503420077,-0.0025952226013430625,
2024-04-07 05:14:09.245000+00:00,9496.0,0.0,0.0,0.0,1.0,0.0,0.0,1.0,1232.0,3691.0,-3382.0,766.0,2,0.06972406503420077,-0.0025952226013430625,
2024-04-07 05:14:09.405000+00:00,9496.0,0.0,0.0,0.0,1.0,0.0,0.0,1.0,1232.0,3691.0,-3382.0,766.0,2,0.06972406503420077,-0.0025952226013430625,
2024-04-07 05:14:09.765000+00:00,9496.0,0.0,0.0,0.0,1.0,0.0,0.0,1.0,1232.0,3691.0,-3382.0,766.0,2,0.06972406503420077,-0.0025952226013430625,
2024-04-07 05:14:09.965000+00:00,9496.0,0.0,0.0,0.0,1.0,0.0,0.0,1.0,1232.0,3691.0,-3382.0,766.0,2,0.06972406503420077,-0.0025952226013430625,
2024-04-07 05:14:10.365000+00:00,9496.0,0.0,0.0,0.0,1.0,0.0,0.0,1.0,1232.0,3691.0,-3382.0,766.0,2,0.06972406503420077,-0.0025952226013430625,
2024-04-07 05:14:10.525000+00:00,9496.0,0.0,0.0,0.0,1.0,0.0,0.0,1.0,1232.0,3691.0,-3382.0,766.0,2,0.06972406503420077,-0.0025952226013430625,
2024-04-07 05:14:10.725000+00:00,9496.0,0.0,0.0,0.0,1.0,0.0,0.0,1.0,1232.0,3691.0,-3382.0,766.0,2,0.06972406503420077,-0.0025952226013430625,
2024-04-07 05:14:11.005000+00:00,9496.0,0.0,0.0,0.0,1.0,0.0,0.0,1.0,1232.0,3691.0,-3382.0,766.0,2,0.06972406503420077,-0.0025952226013430625,
2024-04-07 05:14:11.205000+00:00,9496.0,0.0,0.0,0.0,1.0,0.0,0.0,1.0,1232.0,3691.0,-3382.0,766.0,2,0.06972406503420077,-0.0025952226013430625,
2024-04-07 05:14:11.445000+00:00,9496.0,0.0,0.0,0.0,1.0,0.0,0.0,1.0,1232.0,3691.0,-3382.0,766.0,2,0.06972406503420077,-0.0025952226013430625,
2024-04-07 05:14:11.805000+00:00,9496.0,0.0,0.0,0.0,1.0,0.0,0.0,1.0,1232.0,3691.0,-3382.0,766.0,2,0.06972406503420077,-0.0025952226013430625,
2024-04-07 05:14:12.086000+00:00,9496.0,0.0,0.0,0.0,1.0,0.0,0.0,1.0,1232.0,3691.0,-3382.0,766.0,2,0.06972406503420077,-0.0025952226013430625,
2024-04-07 05:14:12.286000+00:00,9496.0,0.0,0.0,0.0,1.0,0.0,0.0,1.0,1232.0,3691.0,-3382.0,766.0,2,0.06972406503420077,-0.0025952226013430625,
2024-04-07 05:14:12.446000+00:00,9496.0,0.0,0.0,0.0,1.0,0.0,0.0,1.0,1232.0,3691.0,-3382.0,766.0,2,0.06972406503420077,-0.0025952226013430625,
2024-04-07 05:14:12.846000+00:00,9496.0,0.0,0.0,0.0,1.0,0.0,0.0,1.0,1232.0,3691.0,-3382.0,766.0,2,0.06972406503420077,-0.0025952226013430625,
2024-04-07 05:14:13.046000+00:00,9496.0,0.0,0.0,0.0,1.0,0.0,0.0,1.0,1232.0,3691.0,-3382.0,766.0,2,0.06972406503420077,-0.0025952226013430625,
2024-04-07 05:14:13.326000+00:00,9496.0,0.0,0.0,0.0,1.0,0.0,0.0,1.0,1232.0,3691.0,-3382.0,766.0,2,0.06972406503420077,-0.0025952226013430625,
2024-04-07 05:14:13.725000+00:00,9496.0,0.0,0.0,0.0,1.0,0.0,0.0,1.0,1232.0,3691.0,-3382.0,766.0,2,0.06972406503420077,-0.0025952226013430625,
2024-04-07 05:14:14.005000+00:00,9496.0,0.0,0.0,0.0,1.0,0.0,0.0,1.0,1232.0,3691.0,-3382.0,766.0,2,0.06972406503420077,-0.0025952226013430625,
2024-04-07 05:14:14.245000+00:00,9496.0,0.0,0.0,0.0,1.0,0.0,0.0,1.0,1232.0,3691.0,-3382.0,766.0,2,0.06972406503420077,-0.0025952226013430625,
2024-04-07 05:14:14.405000+00:00,9496.0,0.0,0.0,0.0,1.0,0.0,0.0,1.0,1232.0,3691.0,-3382.0,766.0,2,0.06972406503420077,-0.0025952226013430625,
2024-04-07 05:14:15.165000+00:00,9496.0,0.0,0.0,0.0,1.0,0.0,0.0,1.0,1232.0,3691.0,-3382.0,766.0,2,0.06972406503420077,-0.0025952226013430625,
2024-04-07 05:14:15.405000+00:00,9496.0,0.0,0.0,0.0,1.0,0.0,0.0,1.0,1232.0,3691.0,-3382.0,766.0,2,0.06972406503420077,-0.0025952226013430625,
2024-04-07 05:14:15.685000+00:00,9496.0,0.0,0.0,0.0,1.0,0.0,0.0,1.0,1232.0,3691.0,-3382.0,766.0,2,0.06972406503420077,-0.0025952226013430625,
2024-04-07 05:14:15.925000+00:00,9496.0,0.0,0.0,0.0,1.0,0.0,0.0,1.0,1232.0,3691.0,-3382.0,766.0,2,0.06972406503420077,-0.0025952226013430625,
2024-04-07 05:14:16.205000+00:00,9496.0,0.0,0.0,0.0,1.0,0.0,0.0,1.0,1232.0,3691.0,-3382.0,766.0,2,0.06972406503420077,-0.0025952226013430625,
2024-04-07 05:14:16.405000+00:00,9496.0,0.0,0.0,0.0,1.0,0.0,0.0,1.0,1232.0,3691.0,-3382.0,766.0,2,0.06972406503420077,-0.0025952226013430625,
2024-04-07 05:14:16.565000+00:00,9496.0,0.0,0.0,0.0,1.0,0.0,0.0,1.0,1232.0,3691.0,-3382.0,766.0,2,0.06972406503420077,-0.0025952226013430625,
2024-04-07 05:14:16.885000+00:00,9496.0,0.0,0.0,0.0,1.0,0.0,0.0,1.0,1232.0,3691.0,-3382.0,766.0,2,0.06972406503420077,-0.0025952226013430625,
2024-04-07 05:14:17.165000+00:00,9496.0,0.0,0.0,0.0,1.0,0.0,0.0,1.0,1232.0,3691.0,-3382.0,766.0,2,0.06972406503420077,-0.0025952226013430625,
2024-04-07 05:14:17.445000+00:00,9496.0,0.0,0.0,0.0,1.0,0.0,0.0,1.0,1232.0,3691.0,-3382.0,766.0,2,0.06972406503420077,-0.0025952226013430625,
2024-04-07 05:14:17.645000+00:00,9496.0,0.0,0.0,0.0,1.0,0.0,0.0,1.0,1232.0,3691.0,-3382.0,766.0,2,0.06972406503420077,-0.0025952226013430625,
2024-04-07 05:14:18.045000+00:00,9496.0,0.0,0.0,0.0,1.0,0.0,0.0,1.0,1232.0,3691.0,-3382.0,766.0,2,0.06972406503420077,-0.0025952226013430625,
2024-04-07 05:14:18.726000+00:00,9496.0,0.0,0.0,0.0,1.0,0.0,0.0,1.0,1232.0,3691.0,-3382.0,766.0,2,0.06972406503420077,-0.0025952226013430625,
2024-04-07 05:14:18.886000+00:00,9496.0,0.0,0.0,0.0,1.0,0.0,0.0,1.0,1232.0,3691.0,-3382.0,766.0,2,0.06972406503420077,-0.0025952226013430625,
2024-04-07 05:14:19.126000+00:00,9496.0,0.0,0.0,0.0,1.0,0.0,0.0,1.0,1232.0,3691.0,-3382.0,766.0,2,0.06972406503420077,-0.0025952226013430625,
2024-04-07 05:14:19.286000+00:00,9496.0,0.0,0.0,0.0,1.0,0.0,0.0,1.0,1232.0,3691.0,-3382.0,766.0,2,0.06972406503420077,-0.0025952226013430625,
2024-04-07 05:14:19.486000+00:00,9496.0,0.0,0.0,0.0,1.0,0.0,0.0,1.0,1232.0,3691.0,-3382.0,766.0,2,0.06972406503420077,-0.0025952226013430625,
2024-04-07 05:14:19.646000+00:00,9496.0,0.0,0.0,0.0,1.0,0.0,0.0,1.0,1232.0,3691.0,-3382.0,766.0,2,0.06972406503420077,-0.0025952226013430625,
2024-04-07 05:14:19.846000+00:00,9496.0,0.0,0.0,0.0,1.0,0.0,0.0,1.0,1232.0,3691.0,-3382.0,766.0,2,0.06972406503420077,-0.0025952226013430625,
2024-04-07 05:14:20.046000+00:00,9496.0,0.0,0.0,0.0,1.0,0.0,0.0,1.0,1232.0,3691.0,-3382.0,766.0,2,0.06972406503420077,-0.0025952226013430625,
2024-04-07 05:14:20.285000+00:00,9496.0,0.0,0.0,0.0,1.0,0.0,0.0,1.0,1232.0,3691.0,-3382.0,766.0,2,0.06972406503420077,-0.0025952226013430625,
2024-04-07 05:14:20.485000+00:00,9496.0,0.0,0.0,0.0,1.0,0.0,0.0,1.0,1232.0,3691.0,-3382.0,766.0,2,0.06972406503420077,-0.0025952226013430625,
2024-04-07 05:14:20.845000+00:00,9496.0,0.0,0.0,0.0,1.0,0.0,0.0,1.0,1232.0,3691.0,-3382.0,766.0,2,0.06972406503420077,-0.0025952226013430625,
2024-04-07 05:14:21.125000+00:00,9496.0,0.0,0.0,0.0,1.0,0.0,0.0,1.0,1232.0,3691.0,-3382.0,766.0,2,0.06972406503420077,-0.0025952226013430625,
2024-04-07 05:14:21.365000+00:00,9496.0,0.0,0.0,0.0,1.0,0.0,0.0,1.0,1232.0,3691.0,-3382.0,766.0,2,0.06972406503420077,-0.0025952226013430625,
2024-04-07 05:14:21.565000+00:00,9496.0,0.0,0.0,0.0,1.0,0.0,0.0,1.0,1232.0,3691.0,-3382.0,766.0,2,0.06972406503420077,-0.0025952226013430625,
2024-04-07 05:14:21.805000+00:00,9496.0,0.0,0.0,0.0,1.0,0.0,0.0,1.0,1232.0,3691.0,-3382.0,766.0,2,0.06972406503420077,-0.0025952226013430625,
2024-04-07 05:14:22.165000+00:00,9496.0,0.0,0.0,0.0,1.0,0.0,0.0,1.0,1232.0,3691.0,-3382.0,766.0,2,0.06972406503420077,-0.0025952226013430625,
2024-04-07 05:14:22.685000+00:00,9496.0,0.0,0.0,0.0,1.0,0.0,0.0,1.0,1232.0,3691.0,-3382.0,766.0,2,0.06972406503420077,-0.0025952226013430625,
2024-04-07 05:14:23.005000+00:00,9496.0,0.0,0.0,0.0,1.0,0.0,0.0,1.0,1232.0,3691.0,-3382.0,766.0,2,0.06972406503420077,-0.0025952226013430625,
2024-04-07 05:14:23.245000+00:00,9496.0,0.0,0.0,0.0,1.0,0.0,0.0,1.0,1232.0,3691.0,-3382.0,766.0,2,0.06972406503420077,-0.0025952226013430625,
2024-04-07 05:14:23.645000+00:00,9496.0,0.0,0.0,0.0,1.0,0.0,0.0,1.0,1232.0,3691.0,-3382.0,766.0,2,0.06972406503420077,-0.0025952226013430625,
2024-04-07 05:14:23.965000+00:00,9496.0,0.0,0.0,0.0,1.0,0.0,0.0,1.0,1232.0,3691.0,-3382.0,766.0,2,0.06972406503420077,-0.0025952226013430625,
2024-04-07 05:14:24.165000+00:00,9496.0,0.0,0.0,0.0,1.0,0.0,0.0,1.0,1232.0,3691.0,-3382.0,766.0,2,0.06972406503420077,-0.0025952226013430625,
2024-04-07 05:14:24.325000+00:00,9496.0,0.0,0.0,0.0,1.0,0.0,0.0,1.0,1232.0,3691.0,-3382.0,766.0,2,0.06972406503420077,-0.0025952226013430625,
2024-04-07 05:14:24.525000+00:00,9496.0,0.0,0.0,0.0,1.0,0.0,0.0,1.0,1232.0,3691.0,-3382.0,766.0,2,0.06972406503420077,-0.0025952226013430625,
2024-04-07 05:14:24.685000+00:00,9496.0,0.0,0.0,0.0,1.0,0.0,0.0,1.0,1232.0,3691.0,-3382.0,766.0,2,0.06972406503420077,-0.0025952226013430625,
2024-04-07 05:14:24.925000+00:00,9496.0,0.0,0.0,0.0,1.0,0.0,0.0,1.0,1232.0,3691.0,-3382.0,766.0,2,0.06972406503420077,-0.0025952226013430625,
2024-04-07 05:14:25.165000+00:00,9496.0,0.0,0.0,0.0,1.0,0.0,0.0,1.0,1232.0,3691.0,-3382.0,766.0,2,0.06972406503420077,-0.0025952226013430625,
2024-04-07 05:14:25.486000+00:00,9496.0,0.0,0.0,0.0,1.0,0.0,0.0,1.0,1232.0,3691.0,-3382.0,766.0,2,0.06972406503420077,-0.0025952226013430625,
2024-04-07 05:14:25.886000+00:00,9496.0,0.0,0.0,0.0,1.0,0.0,0.0,1.0,1232.0,3691.0,-3382.0,766.0,2,0.06972406503420077,-0.0025952226013430625,
2024-04-07 05:14:26.086000+00:00,9496.0,0.0,0.0,0.0,1.0,0.0,0.0,1.0,1232.0,3691.0,-3382.0,766.0,2,0.06972406503420077,-0.0025952226013430625,
2024-04-07 05:14:26.406000+00:00,9496.0,0.0,0.0,0.0,1.0,0.0,0.0,1.0,1232.0,3691.0,-3382.0,766.0,2,0.06972406503420077,-0.0025952226013430625,
2024-04-07 05:14:26.646000+00:00,9496.0,0.0,0.0,0.0,1.0,0.0,0.0,1.0,1232.0,3691.0,-3382.0,766.0,2,0.06972406503420077,-0.0025952226013430625,
2024-04-07 05:14:26.885000+00:00,9496.0,0.0,0.0,0.0,1.0,0.0,0.0,1.0,1232.0,3691.0,-3382.0,766.0,2,0.06972406503420077,-0.0025952226013430625,
2024-04-07 05:14:27.165000+00:00,9496.0,0.0,0.0,0.0,1.0,0.0,0.0,1.0,1232.0,3691.0,-3382.0,766.0,2,0.06972406503420077,-0.0025952226013430625,
2024-04-07 05:14:27.525000+00:00,9496.0,0.0,0.0,0.0,1.0,0.0,0.0,1.0,1232.0,3691.0,-3382.0,766.0,2,0.06972406503420077,-0.0025952226013430625,
2024-04-07 05:14:27.725000+00:00,9496.0,0.0,0.0,0.0,1.0,0.0,0.0,1.0,1232.0,3691.0,-3382.0,766.0,2,0.06972406503420077,-0.0025952226013430625,
2024-04-07 05:14:27.925000+00:00,9496.0,0.0,0.0,0.0,1.0,0.0,0.0,1.0,1232.0,3691.0,-3382.0,766.0,2,0.06972406503420077,-0.0025952226013430625,
2024-04-07 05:14:28.325000+00:00,9496.0,0.0,0.0,0.0,1.0,0.0,0.0,1.0,1232.0,3691.0,-3382.0,766.0,2,0.06972406503420077,-0.0025952226013430625,
2024-04-07 05:14:28.525000+00:00,9496.0,0.0,0.0,0.0,1.0,0.0,0.0,1.0,1232.0,3691.0,-3382.0,766.0,2,0.06972406503420077,-0.0025952226013430625,
2024-04-07 05:14:28.685000+00:00,9496.0,0.0,0.0,0.0,1.0,0.0,0.0,1.0,1232.0,3691.0,-3382.0,766.0,2,0.06972406503420077,-0.0025952226013430625,
2024-04-07 05:14:28.925000+00:00,9496.0,0.0,0.0,0.0,1.0,0.0,0.0,1.0,1232.0,3691.0,-3382.0,766.0,2,0.06972406503420077,-0.0025952226013430625,
2024-04-07 05:14:29.165000+00:00,9496.0,0.0,0.0,0.0,1.0,0.0,0.0,1.0,1232.0,3691.0,-3382.0,766.0,2,0.06972406503420077,-0.0025952226013430625,
2024-04-07 05:14:29.525000+00:00,9496.0,0.0,0.0,0.0,1.0,0.0,0.0,1.0,1232.0,3691.0,-3382.0,766.0,2,0.06972406503420077,-0.0025952226013430625,
2024-04-07 05:14:29.725000+00:00,9496.0,0.0,0.0,0.0,1.0,0.0,0.0,1.0,1232.0,3691.0,-3382.0,766.0,2,0.06972406503420077,-0.0025952226013430625,
2024-04-07 05:14:30.005000+00:00,9496.0,0.0,0.0,0.0,1.0,0.0,0.0,1.0,1232.0,3691.0,-3382.0,766.0,2,0.06972406503420077,-0.0025952226013430625,
2024-04-07 05:14:30.205000+00:00,9496.0,0.0,0.0,0.0,1.0,0.0,0.0,1.0,1232.0,3691.0,-3382.0,766.0,2,0.06972406503420077,-0.0025952226013430625,
2024-04-07 05:14:30.645000+00:00,9496.0,0.0,0.0,0.0,1.0,0.0,0.0,1.0,1232.0,3691.0,-3382.0,766.0,2,0.06972406503420077,-0.0025952226013430625,
2024-04-07 05:14:31.005000+00:00,9496.0,0.0,0.0,0.0,1.0,0.0,0.0,1.0,1232.0,3691.0,-3382.0,766.0,2,0.06972406503420077,-0.0025952226013430625,
2024-04-07 05:14:31.165000+00:00,9496.0,0.0,0.0,0.0,1.0,0.0,0.0,1.0,1232.0,3691.0,-3382.0,766.0,2,0.06972406503420077,-0.0025952226013430625,
2024-04-07 05:14:31.445000+00:00,9496.0,0.0,0.0,0.0,1.0,0.0,0.0,1.0,1232.0,3691.0,-3382.0,766.0,2,0.06972406503420077,-0.0025952226013430625,
2024-04-07 05:14:31.846000+00:00,9496.0,0.0,0.0,0.0,1.0,0.0,0.0,1.0,1232.0,3691.0,-3382.0,766.0,2,0.06972406503420077,-0.0025952226013430625,
2024-04-07 05:14:32.086000+00:00,9496.0,0.0,0.0,0.0,1.0,0.0,0.0,1.0,1232.0,3691.0,-3382.0,766.0,2,0.06972406503420077,-0.0025952226013430625,
2024-04-07 05:14:32.246000+00:00,9496.0,0.0,0.0,0.0,1.0,0.0,0.0,1.0,1232.0,3691.0,-3382.0,766.0,2,0.06972406503420077,-0.0025952226013430625,
2024-04-07 05:14:32.406000+00:00,9496.0,0.0,0.0,0.0,1.0,0.0,0.0,1.0,1232.0,3691.0,-3382.0,766.0,2,0.06972406503420077,-0.0025952226013430625,
2024-04-07 05:14:32.726000+00:00,9496.0,0.0,0.0,0.0,1.0,0.0,0.0,1.0,1232.0,3691.0,-3382.0,766.0,2,0.06972406503420077,-0.0025952226013430625,
2024-04-07 05:14:32.886000+00:00,9496.0,0.0,0.0,0.0,1.0,0.0,0.0,1.0,1232.0,3691.0,-3382.0,766.0,2,0.06972406503420077,-0.0025952226013430625,
2024-04-07 05:14:33.126000+00:00,9496.0,0.0,0.0,0.0,1.0,0.0,0.0,1.0,1232.0,3691.0,-3382.0,766.0,2,0.06972406503420077,-0.0025952226013430625,
2024-04-07 05:14:33.326000+00:00,9496.0,0.0,0.0,0.0,1.0,0.0,0.0,1.0,1232.0,3691.0,-3382.0,766.0,2,0.06972406503420077,-0.0025952226013430625,
2024-04-07 05:14:33.765000+00:00,9496.0,0.0,0.0,0.0,1.0,0.0,0.0,1.0,1232.0,3691.0,-3382.0,766.0,2,0.06972406503420077,-0.0025952226013430625,
2024-04-07 05:14:33.965000+00:00,9496.0,0.0,0.0,0.0,1.0,0.0,0.0,1.0,1232.0,3691.0,-3382.0,766.0,2,0.06972406503420077,-0.0025952226013430625,
2024-04-07 05:14:34.325000+00:00,9496.0,0.0,0.0,0.0,1.0,0.0,0.0,1.0,1232.0,3691.0,-3382.0,766.0,2,0.06972406503420077,-0.0025952226013430625,
2024-04-07 05:14:34.565000+00:00,9496.0,0.0,0.0,0.0,1.0,0.0,0.0,1.0,1232.0,3691.0,-3382.0,766.0,2,0.06972406503420077,-0.0025952226013430625,
2024-04-07 05:14:34.725000+00:00,9496.0,0.0,0.0,0.0,1.0,0.0,0.0,1.0,1232.0,3691.0,-3382.0,766.0,2,0.06972406503420077,-0.0025952226013430625,
2024-04-07 05:14:35.005000+00:00,9496.0,0.0,0.0,0.0,1.0,0.0,0.0,1.0,1232.0,3691.0,-3382.0,766.0,2,0.06972406503420077,-0.0025952226013430625,
2024-04-07 05:14:35.245000+00:00,9496.0,0.0,0.0,0.0,1.0,0.0,0.0,1.0,1232.0,3691.0,-3382.0,766.0,2,0.06972406503420077,-0.0025952226013430625,
2024-04-07 05:14:35.445000+00:00,9496.0,0.0,0.0,0.0,1.0,0.0,0.0,1.0,1232.0,3691.0,-3382.0,766.0,2,0.06972406503420077,-0.0025952226013430625,
2024-04-07 05:14:35.605000+00:00,9496.0,0.0,0.0,0.0,1.0,0.0,0.0,1.0,1232.0,3691.0,-3382.0,766.0,2,0.06972406503420077,-0.0025952226013430625,
2024-04-07 05:14:35.805000+00:00,9496.0,0.0,0.0,0.0,1.0,0.0,0.0,1.0,1232.0,3691.0,-3382.0,766.0,2,0.06972406503420077,-0.0025952226013430625,
2024-04-07 05:14:35.965000+00:00,9496.0,0.0,0.0,0.0,1.0,0.0,0.0,1.0,1232.0,3691.0,-3382.0,766.0,2,0.06972406503420077,-0.0025952226013430625,
2024-04-07 05:14:36.165000+00:00,9496.0,0.0,0.0,0.0,1.0,0.0,0.0,1.0,1232.0,3691.0,-3382.0,766.0,2,0.06972406503420077,-0.0025952226013430625,
2024-04-07 05:14:36.485000+00:00,9496.0,0.0,0.0,0.0,1.0,0.0,0.0,1.0,1232.0,3691.0,-3382.0,766.0,2,0.06972406503420077,-0.0025952226013430625,
2024-04-07 05:14:36.645000+00:00,9496.0,0.0,0.0,0.0,1.0,0.0,0.0,1.0,1232.0,3691.0,-3382.0,766.0,2,0.06972406503420077,-0.0025952226013430625,
2024-04-07 05:14:36.925000+00:00,9496.0,0.0,0.0,0.0,1.0,0.0,0.0,1.0,1232.0,3691.0,-3382.0,766.0,2,0.06972406503420077,-0.0025952226013430625,
2024-04-07 05:14:37.325000+00:00,9496.0,0.0,0.0,0.0,1.0,0.0,0.0,1.0,1232.0,3691.0,-3382.0,766.0,2,0.06972406503420077,-0.0025952226013430625,
2024-04-07 05:14:37.525000+00:00,9496.0,0.0,0.0,0.0,1.0,0.0,0.0,1.0,1232.0,3691.0,-3382.0,766.0,2,0.06972406503420077,-0.0025952226013430625,
2024-04-07 05:14:37.685000+00:00,9496.0,0.0,0.0,0.0,1.0,0.0,0.0,1.0,1232.0,3691.0,-3382.0,766.0,2,0.06972406503420077,-0.0025952226013430625,
2024-04-07 05:14:37.965000+00:00,9496.0,0.0,0.0,0.0,1.0,0.0,0.0,1.0,1232.0,3691.0,-3382.0,766.0,2,0.06972406503420077,-0.0025952226013430625,
2024-04-07 05:14:38.366000+00:00,9496.0,0.0,0.0,0.0,1.0,0.0,0.0,1.0,1232.0,3691.0,-3382.0,766.0,2,0.06972406503420077,-0.0025952226013430625,
2024-04-07 05:14:38.606000+00:00,9496.0,0.0,0.0,0.0,1.0,0.0,0.0,1.0,1232.0,3691.0,-3382.0,766.0,2,0.06972406503420077,-0.0025952226013430625,
2024-04-07 05:14:38.806000+00:00,9496.0,0.0,0.0,0.0,1.0,0.0,0.0,1.0,1232.0,3691.0,-3382.0,766.0,2,0.06972406503420077,-0.0025952226013430625,
2024-04-07 05:14:39.086000+00:00,9496.0,0.0,0.0,0.0,1.0,0.0,0.0,1.0,1232.0,3691.0,-3382.0,766.0,2,0.06972406503420077,-0.0025952226013430625,
2024-04-07 05:14:39.326000+00:00,9496.0,0.0,0.0,0.0,1.0,0.0,0.0,1.0,1232.0,3691.0,-3382.0,766.0,2,0.06972406503420077,-0.0025952226013430625,
2024-04-07 05:14:39.606000+00:00,9496.0,0.0,0.0,0.0,1.0,0.0,0.0,1.0,1232.0,3691.0,-3382.0,766.0,2,0.06972406503420077,-0.0025952226013430625,
2024-04-07 05:14:39.766000+00:00,9496.0,0.0,0.0,0.0,1.0,0.0,0.0,1.0,1232.0,3691.0,-3382.0,766.0,2,0.06972406503420077,-0.0025952226013430625,
2024-04-07 05:14:40.006000+00:00,9496.0,0.0,0.0,0.0,1.0,0.0,0.0,1.0,1232.0,3691.0,-3382.0,766.0,2,0.06972406503420077,-0.0025952226013430625,
2024-04-07 05:14:40.365000+00:00,9496.0,0.0,0.0,0.0,1.0,0.0,0.0,1.0,1232.0,3691.0,-3382.0,766.0,2,0.06972406503420077,-0.0025952226013430625,
2024-04-07 05:14:40.605000+00:00,9496.0,0.0,0.0,0.0,1.0,0.0,0.0,1.0,1232.0,3691.0,-3382.0,766.0,2,0.06972406503420077,-0.0025952226013430625,
2024-04-07 05:14:40.765000+00:00,9496.0,0.0,0.0,0.0,1.0,0.0,0.0,1.0,1232.0,3691.0,-3382.0,766.0,2,0.06972406503420077,-0.0025952226013430625,
2024-04-07 05:14:41.045000+00:00,9496.0,0.0,0.0,0.0,1.0,0.0,0.0,1.0,1232.0,3691.0,-3382.0,766.0,2,0.06972406503420077,-0.0025952226013430625,
2024-04-07 05:14:41.525000+00:00,9496.0,0.0,0.0,0.0,1.0,0.0,0.0,1.0,1232.0,3691.0,-3382.0,766.0,2,0.06972406503420077,-0.0025952226013430625,
2024-04-07 05:14:41.885000+00:00,9496.0,0.0,0.0,0.0,1.0,0.0,0.0,1.0,1232.0,3691.0,-3382.0,766.0,2,0.06972406503420077,-0.0025952226013430625,
2024-04-07 05:14:42.125000+00:00,9496.0,0.0,0.0,0.0,1.0,0.0,0.0,1.0,1232.0,3691.0,-3382.0,766.0,2,0.06972406503420077,-0.0025952226013430625,
2024-04-07 05:14:42.405000+00:00,9496.0,0.0,0.0,0.0,1.0,0.0,0.0,1.0,1232.0,3691.0,-3382.0,766.0,2,0.06972406503420077,-0.0025952226013430625,
2024-04-07 05:14:42.725000+00:00,9496.0,0.0,0.0,0.0,1.0,0.0,0.0,1.0,1232.0,3691.0,-3382.0,766.0,2,0.06972406503420077,-0.0025952226013430625,
2024-04-07 05:14:43.165000+00:00,9496.0,0.0,0.0,0.0,1.0,0.0,0.0,1.0,1232.0,3691.0,-3382.0,766.0,2,0.06972406503420077,-0.0025952226013430625,
2024-04-07 05:14:43.565000+00:00,9496.0,0.0,0.0,0.0,1.0,0.0,0.0,1.0,1232.0,3691.0,-3382.0,766.0,2,0.06972406503420077,-0.0025952226013430625,
2024-04-07 05:14:43.725000+00:00,9496.0,0.0,0.0,0.0,1.0,0.0,0.0,1.0,1232.0,3691.0,-3382.0,766.0,2,0.06972406503420077,-0.0025952226013430625,
2024-04-07 05:14:43.925000+00:00,9496.0,0.0,0.0,0.0,1.0,0.0,0.0,1.0,1232.0,3691.0,-3382.0,766.0,2,0.06972406503420077,-0.0025952226013430625,
2024-04-07 05:14:44.085000+00:00,9496.0,0.0,0.0,0.0,1.0,0.0,0.0,1.0,1232.0,3691.0,-3382.0,766.0,2,0.06972406503420077,-0.0025952226013430625,
2024-04-07 05:14:44.245000+00:00,9496.0,0.0,0.0,0.0,1.0,0.0,0.0,1.0,1232.0,3691.0,-3382.0,766.0,2,0.06972406503420077,-0.0025952226013430625,
2024-04-07 05:14:44.405000+00:00,9496.0,0.0,0.0,0.0,1.0,0.0,0.0,1.0,1232.0,3691.0,-3382.0,766.0,2,0.06972406503420077,-0.0025952226013430625,
2024-04-07 05:14:44.765000+00:00,9496.0,0.0,0.0,0.0,1.0,0.0,0.0,1.0,1232.0,3691.0,-3382.0,766.0,2,0.06972406503420077,-0.0025952226013430625,
2024-04-07 05:14:45.046000+00:00,9496.0,0.0,0.0,0.0,1.0,0.0,0.0,1.0,1232.0,3691.0,-3382.0,766.0,2,0.06972406503420077,-0.0025952226013430625,
2024-04-07 05:14:45.246000+00:00,9496.0,0.0,0.0,0.0,1.0,0.0,0.0,1.0,1232.0,3691.0,-3382.0,766.0,2,0.06972406503420077,-0.0025952226013430625,
2024-04-07 05:14:45.646000+00:00,9496.0,0.0,0.0,0.0,1.0,0.0,0.0,1.0,1232.0,3691.0,-3382.0,766.0,2,0.06972406503420077,-0.0025952226013430625,
2024-04-07 05:14:45.806000+00:00,9496.0,0.0,0.0,0.0,1.0,0.0,0.0,1.0,1232.0,3691.0,-3382.0,766.0,2,0.06972406503420077,-0.0025952226013430625,
2024-04-07 05:14:46.126000+00:00,9496.0,0.0,0.0,0.0,1.0,0.0,0.0,1.0,1232.0,3691.0,-3382.0,766.0,2,0.06972406503420077,-0.0025952226013430625,
2024-04-07 05:14:46.366000+00:00,9496.0,0.0,0.0,0.0,1.0,0.0,0.0,1.0,1232.0,3691.0,-3382.0,766.0,2,0.06972406503420077,-0.0025952226013430625,
2024-04-07 05:14:46.566000+00:00,9496.0,0.0,0.0,0.0,1.0,0.0,0.0,1.0,1232.0,3691.0,-3382.0,766.0,2,0.06972406503420077,-0.0025952226013430625,
2024-04-07 05:14:46.846000+00:00,9496.0,0.0,0.0,0.0,1.0,0.0,0.0,1.0,1232.0,3691.0,-3382.0,766.0,2,0.06972406503420077,-0.0025952226013430625,
2024-04-07 05:14:47.125000+00:00,9496.0,0.0,0.0,0.0,1.0,0.0,0.0,1.0,1232.0,3691.0,-3382.0,766.0,2,0.06972406503420077,-0.0025952226013430625,
2024-04-07 05:14:47.525000+00:00,9496.0,0.0,0.0,0.0,1.0,0.0,0.0,1.0,1232.0,3691.0,-3382.0,766.0,2,0.06972406503420077,-0.0025952226013430625,
2024-04-07 05:14:47.725000+00:00,9496.0,0.0,0.0,0.0,1.0,0.0,0.0,1.0,1232.0,3691.0,-3382.0,766.0,2,0.06972406503420077,-0.0025952226013430625,
2024-04-07 05:14:47.885000+00:00,9496.0,0.0,0.0,0.0,1.0,0.0,0.0,1.0,1232.0,3691.0,-3382.0,766.0,2,0.06972406503420077,-0.0025952226013430625,
2024-04-07 05:14:48.045000+00:00,9496.0,0.0,0.0,0.0,1.0,0.0,0.0,1.0,1232.0,3691.0,-3382.0,766.0,2,0.06972406503420077,-0.0025952226013430625,
2024-04-07 05:14:48.365000+00:00,9496.0,0.0,0.0,0.0,1.0,0.0,0.0,1.0,1232.0,3691.0,-3382.0,766.0,2,0.06972406503420077,-0.0025952226013430625,
2024-04-07 05:14:48.525000+00:00,9496.0,0.0,0.0,0.0,1.0,0.0,0.0,1.0,1232.0,3691.0,-3382.0,766.0,2,0.06972406503420077,-0.0025952226013430625,
2024-04-07 05:14:48.805000+00:00,9496.0,0.0,0.0,0.0,1.0,0.0,0.0,1.0,1232.0,3691.0,-3382.0,766.0,2,0.06972406503420077,-0.0025952226013430625,
2024-04-07 05:14:49.165000+00:00,9496.0,0.0,0.0,0.0,1.0,0.0,0.0,1.0,1232.0,3691.0,-3382.0,766.0,2,0.06972406503420077,-0.0025952226013430625,
2024-04-07 05:14:49.325000+00:00,9496.0,0.0,0.0,0.0,1.0,0.0,0.0,1.0,1232.0,3691.0,-3382.0,766.0,2,0.06972406503420077,-0.0025952226013430625,
2024-04-07 05:14:49.565000+00:00,9496.0,0.0,0.0,0.0,1.0,0.0,0.0,1.0,1232.0,3691.0,-3382.0,766.0,2,0.06972406503420077,-0.0025952226013430625,
2024-04-07 05:14:49.845000+00:00,9496.0,0.0,0.0,0.0,1.0,0.0,0.0,1.0,1232.0,3691.0,-3382.0,766.0,2,0.06972406503420077,-0.0025952226013430625,
2024-04-07 05:14:50.005000+00:00,9496.0,0.0,0.0,0.0,1.0,0.0,0.0,1.0,1232.0,3691.0,-3382.0,766.0,2,0.06972406503420077,-0.0025952226013430625,
2024-04-07 05:14:50.205000+00:00,9496.0,0.0,0.0,0.0,1.0,0.0,0.0,1.0,1232.0,3691.0,-3382.0,766.0,2,0.06972406503420077,-0.0025952226013430625,
2024-04-07 05:14:50.405000+00:00,9496.0,0.0,0.0,0.0,1.0,0.0,0.0,1.0,1232.0,3691.0,-3382.0,766.0,2,0.06972406503420077,-0.0025952226013430625,
2024-04-07 05:14:50.765000+00:00,9496.0,0.0,0.0,0.0,1.0,0.0,0.0,1.0,1232.0,3691.0,-3382.0,766.0,2,0.06972406503420077,-0.0025952226013430625,
2024-04-07 05:14:50.925000+00:00,9496.0,0.0,0.0,0.0,1.0,0.0,0.0,1.0,1232.0,3691.0,-3382.0,766.0,2,0.06972406503420077,-0.0025952226013430625,
2024-04-07 05:14:51.165000+00:00,9496.0,0.0,0.0,0.0,1.0,0.0,0.0,1.0,1232.0,3691.0,-3382.0,766.0,2,0.06972406503420077,-0.0025952226013430625,
2024-04-07 05:14:51.405000+00:00,9496.0,0.0,0.0,0.0,1.0,0.0,0.0,1.0,1232.0,3691.0,-3382.0,766.0,2,0.06972406503420077,-0.0025952226013430625,
2024-04-07 05:14:51.686000+00:00,9496.0,0.0,0.0,0.0,1.0,0.0,0.0,1.0,1232.0,3691.0,-3382.0,766.0,2,0.06972406503420077,-0.0025952226013430625,
2024-04-07 05:14:52.086000+00:00,9496.0,0.0,0.0,0.0,1.0,0.0,0.0,1.0,1232.0,3691.0,-3382.0,766.0,2,0.06972406503420077,-0.0025952226013430625,
2024-04-07 05:14:52.366000+00:00,9496.0,0.0,0.0,0.0,1.0,0.0,0.0,1.0,1232.0,3691.0,-3382.0,766.0,2,0.06972406503420077,-0.0025952226013430625,
2024-04-07 05:14:52.606000+00:00,9496.0,0.0,0.0,0.0,1.0,0.0,0.0,1.0,1232.0,3691.0,-3382.0,766.0,2,0.06972406503420077,-0.0025952226013430625,
2024-04-07 05:14:52.806000+00:00,9496.0,0.0,0.0,0.0,1.0,0.0,0.0,1.0,1232.0,3691.0,-3382.0,766.0,2,0.06972406503420077,-0.0025952226013430625,
2024-04-07 05:14:52.966000+00:00,9496.0,0.0,0.0,0.0,1.0,0.0,0.0,1.0,1232.0,3691.0,-3382.0,766.0,2,0.06972406503420077,-0.0025952226013430625,
2024-04-07 05:14:53.326000+00:00,9496.0,0.0,0.0,0.0,1.0,0.0,0.0,1.0,1232.0,3691.0,-3382.0,766.0,2,0.06972406503420077,-0.0025952226013430625,
2024-04-07 05:14:53.765000+00:00,9496.0,0.0,0.0,0.0,1.0,0.0,0.0,1.0,1232.0,3691.0,-3382.0,766.0,2,0.06972406503420077,-0.0025952226013430625,
2024-04-07 05:14:53.925000+00:00,9496.0,0.0,0.0,0.0,1.0,0.0,0.0,1.0,1232.0,3691.0,-3382.0,766.0,2,0.06972406503420077,-0.0025952226013430625,
2024-04-07 05:14:54.205000+00:00,9496.0,0.0,0.0,0.0,1.0,0.0,0.0,1.0,1232.0,3691.0,-3382.0,766.0,2,0.06972406503420077,-0.0025952226013430625,
2024-04-07 05:14:54.605000+00:00,9496.0,0.0,0.0,0.0,1.0,0.0,0.0,1.0,1232.0,3691.0,-3382.0,766.0,2,0.06972406503420077,-0.0025952226013430625,
2024-04-07 05:14:55.005000+00:00,9496.0,0.0,0.0,0.0,1.0,0.0,0.0,1.0,1232.0,3691.0,-3382.0,766.0,2,0.06972406503420077,-0.0025952226013430625,
2024-04-07 05:14:55.245000+00:00,9496.0,0.0,0.0,0.0,1.0,0.0,0.0,1.0,1232.0,3691.0,-3382.0,766.0,2,0.06972406503420077,-0.0025952226013430625,
2024-04-07 05:14:55.445000+00:00,9496.0,0.0,0.0,0.0,1.0,0.0,0.0,1.0,1232.0,3691.0,-3382.0,766.0,2,0.06972406503420077,-0.0025952226013430625,
2024-04-07 05:14:55.725000+00:00,9496.0,0.0,0.0,0.0,1.0,0.0,0.0,1.0,1232.0,3691.0,-3382.0,766.0,2,0.06972406503420077,-0.0025952226013430625,
2024-04-07 05:14:55.925000+00:00,9496.0,0.0,0.0,0.0,1.0,0.0,0.0,1.0,1232.0,3691.0,-3382.0,766.0,2,0.06972406503420077,-0.0025952226013430625,
2024-04-07 05:14:56.205000+00:00,9496.0,0.0,0.0,0.0,1.0,0.0,0.0,1.0,1232.0,3691.0,-3382.0,766.0,2,0.06972406503420077,-0.0025952226013430625,
2024-04-07 05:14:56.365000+00:00,9496.0,0.0,0.0,0.0,1.0,0.0,0.0,1.0,1232.0,3691.0,-3382.0,766.0,2,0.06972406503420077,-0.0025952226013430625,
2024-04-07 05:14:56.565000+00:00,9496.0,0.0,0.0,0.0,1.0,0.0,0.0,1.0,1232.0,3691.0,-3382.0,766.0,2,0.06972406503420077,-0.0025952226013430625,
2024-04-07 05:14:56.965000+00:00,9496.0,0.0,0.0,0.0,1.0,0.0,0.0,1.0,1232.0,3691.0,-3382.0,766.0,2,0.06972406503420077,-0.0025952226013430625,
2024-04-07 05:14:57.205000+00:00,9496.0,0.0,0.0,0.0,1.0,0.0,0.0,1.0,1232.0,3691.0,-3382.0,766.0,2,0.06972406503420077,-0.0025952226013430625,
2024-04-07 05:14:57.365000+00:00,9496.0,0.0,0.0,0.0,1.0,0.0,0.0,1.0,1232.0,3691.0,-3382.0,766.0,2,0.06972406503420077,-0.0025952226013430625,
2024-04-07 05:14:57.565000+00:00,9496.0,0.0,0.0,0.0,1.0,0.0,0.0,1.0,1232.0,3691.0,-3382.0,766.0,2,0.06972406503420077,-0.0025952226013430625,
2024-04-07 05:14:57.845000+00:00,9496.0,0.0,0.0,0.0,1.0,0.0,0.0,1.0,1232.0,3691.0,-3382.0,766.0,2,0.06972406503420077,-0.0025952226013430625,
2024-04-07 05:14:58.126000+00:00,9496.0,0.0,0.0,0.0,1.0,0.0,0.0,1.0,1232.0,3691.0,-3382.0,766.0,2,0.06972406503420077,-0.0025952226013430625,
2024-04-07 05:14:58.486000+00:00,9496.0,0.0,0.0,0.0,1.0,0.0,0.0,1.0,1232.0,3691.0,-3382.0,766.0,2,0.06972406503420077,-0.0025952226013430625,
2024-04-07 05:14:58.646000+00:00,9496.0,0.0,0.0,0.0,1.0,0.0,0.0,1.0,1232.0,3691.0,-3382.0,766.0,2,0.06972406503420077,-0.0025952226013430625,
2024-04-07 05:14:58.846000+00:00,9496.0,0.0,0.0,0.0,1.0,0.0,0.0,1.0,1232.0,3691.0,-3382.0,766.0,2,0.06972406503420077,-0.0025952226013430625,
2024-04-07 05:14:59.126000+00:00,9496.0,0.0,0.0,0.0,1.0,0.0,0.0,1.0,1232.0,3691.0,-3382.0,766.0,2,0.06972406503420077,-0.0025952226013430625,
2024-04-07 05:14:59.406000+00:00,9496.0,0.0,0.0,0.0,1.0,0.0,0.0,1.0,1232.0,3691.0,-3382.0,766.0,2,0.06972406503420077,-0.0025952226013430625,
2024-04-07 05:14:59.606000+00:00,9496.0,0.0,0.0,0.0,1.0,0.0,0.0,1.0,1232.0,3691.0,-3382.0,766.0,2,0.06972406503420077,-0.0025952226013430625,
2024-04-07 05:14:59.766000+00:00,9496.0,0.0,0.0,0.0,1.0,0.0,0.0,1.0,1232.0,3691.0,-3382.0,766.0,2,0.06972406503420077,-0.0025952226013430625,
2024-04-07 05:14:59.966000+00:00,9496.0,0.0,0.0,0.0,1.0,0.0,0.0,1.0,1232.0,3691.0,-3382.0,766.0,2,0.06972406503420077,-0.0025952226013430625,
2024-04-07 05:15:00.206000+00:00,9496.0,0.0,0.0,0.0,1.0,0.0,0.0,1.0,1232.0,3691.0,-3382.0,766.0,2,0.06972406503420077,-0.0025952226013430625,
2024-04-07 05:15:00.445000+00:00,9496.0,0.0,0.0,0.0,1.0,0.0,0.0,1.0,1232.0,3691.0,-3382.0,766.0,2,0.06972406503420077,-0.0025952226013430625,
2024-04-07 05:15:00.725000+00:00,9496.0,0.0,0.0,0.0,1.0,0.0,0.0,1.0,1232.0,3691.0,-3382.0,766.0,2,0.06972406503420077,-0.0025952226013430625,
2024-04-07 05:15:01.045000+00:00,9496.0,0.0,0.0,0.0,1.0,0.0,0.0,1.0,1232.0,3691.0,-3382.0,766.0,2,0.06972406503420077,-0.0025952226013430625,
2024-04-07 05:15:01.245000+00:00,9496.0,0.0,0.0,0.0,1.0,0.0,0.0,1.0,1232.0,3691.0,-3382.0,766.0,2,0.06972406503420077,-0.0025952226013430625,
2024-04-07 05:15:01.445000+00:00,9496.0,0.0,0.0,0.0,1.0,0.0,0.0,1.0,1232.0,3691.0,-3382.0,766.0,2,0.06972406503420077,-0.0025952226013430625,
2024-04-07 05:15:01.645000+00:00,9496.0,0.0,0.0,0.0,1.0,0.0,0.0,1.0,1232.0,3691.0,-3382.0,766.0,2,0.06972406503420077,-0.0025952226013430625,
2024-04-07 05:15:01.965000+00:00,9496.0,0.0,0.0,0.0,1.0,0.0,0.0,1.0,1232.0,3691.0,-3382.0,766.0,2,0.06972406503420077,-0.0025952226013430625,
2024-04-07 05:15:02.165000+00:00,9496.0,0.0,0.0,0.0,1.0,0.0,0.0,1.0,1232.0,3691.0,-3382.0,766.0,2,0.06972406503420077,-0.0025952226013430625,
2024-04-07 05:15:02.365000+00:00,9496.0,0.0,0.0,0.0,1.0,0.0,0.0,1.0,1232.0,3691.0,-3382.0,766.0,2,0.06972406503420077,-0.0025952226013430625,
2024-04-07 05:15:02.605000+00:00,9496.0,0.0,0.0,0.0,1.0,0.0,0.0,1.0,1232.0,3691.0,-3382.0,766.0,2,0.06972406503420077,-0.0025952226013430625,
2024-04-07 05:15:02.765000+00:00,9496.0,0.0,0.0,0.0,1.0,0.0,0.0,1.0,1232.0,3691.0,-3382.0,766.0,2,0.06972406503420077,-0.0025952226013430625,
2024-04-07 05:15:03.005000+00:00,9496.0,0.0,0.0,0.0,1.0,0.0,0.0,1.0,1232.0,3691.0,-3382.0,766.0,2,0.06972406503420077,-0.0025952226013430625,
2024-04-07 05:15:03.165000+00:00,9496.0,0.0,0.0,0.0,1.0,0.0,0.0,1.0,1232.0,3691.0,-3382.0,766.0,2,0.06972406503420077,-0.0025952226013430625,
2024-04-07 05:15:03.325000+00:00,9496.0,0.0,0.0,0.0,1.0,0.0,0.0,1.0,1232.0,3691.0,-3382.0,766.0,2,0.06972406503420077,-0.0025952226013430625,
2024-04-07 05:15:03.645000+00:00,9496.0,0.0,0.0,0.0,1.0,0.0,0.0,1.0,1232.0,3691.0,-3382.0,766.0,2,0.06972406503420077,-0.0025952226013430625,
2024-04-07 05:15:03.805000+00:00,9496.0,0.0,0.0,0.0,1.0,0.0,0.0,1.0,1232.0,3691.0,-3382.0,766.0,2,0.06972406503420077,-0.0025952226013430625,
2024-04-07 05:15:04.085000+00:00,9496.0,0.0,0.0,0.0,1.0,0.0,0.0,1.0,1232.0,3691.0,-3382.0,766.0,2,0.06972406503420077,-0.0025952226013430625,
2024-04-07 05:15:04.285000+00:00,9496.0,0.0,0.0,0.0,1.0,0.0,0.0,1.0,1232.0,3691.0,-3382.0,766.0,2,0.06972406503420077,-0.0025952226013430625,
2024-04-07 05:15:04.485000+00:00,9496.0,0.0,0.0,0.0,1.0,0.0,0.0,1.0,1232.0,3691.0,-3382.0,766.0,2,0.06972406503420077,-0.0025952226013430625,
2024-04-07 05:15:04.766000+00:00,9496.0,0.0,0.0,0.0,1.0,0.0,0.0,1.0,1232.0,3691.0,-3382.0,766.0,2,0.06972406503420077,-0.0025952226013430625,
2024-04-07 05:15:05.006000+00:00,9496.0,0.0,0.0,0.0,1.0,0.0,0.0,1.0,1232.0,3691.0,-3382.0,766.0,2,0.06972406503420077,-0.0025952226013430625,
2024-04-07 05:15:05.206000+00:00,9496.0,0.0,0.0,0.0,1.0,0.0,0.0,1.0,1232.0,3691.0,-3382.0,766.0,2,0.06972406503420077,-0.0025952226013430625,
2024-04-07 05:15:05.446000+00:00,9496.0,0.0,0.0,0.0,1.0,0.0,0.0,1.0,1232.0,3691.0,-3382.0,766.0,2,0.06972406503420077,-0.0025952226013430625,
2024-04-07 05:15:05.726000+00:00,9496.0,0.0,0.0,0.0,1.0,0.0,0.0,1.0,1232.0,3691.0,-3382.0,766.0,2,0.06972406503420077,-0.0025952226013430625,
2024-04-07 05:15:06.126000+00:00,9496.0,0.0,0.0,0.0,1.0,0.0,0.0,1.0,1232.0,3691.0,-3382.0,766.0,2,0.06972406503420077,-0.0025952226013430625,
2024-04-07 05:15:06.286000+00:00,9496.0,0.0,0.0,0.0,1.0,0.0,0.0,1.0,1232.0,3691.0,-3382.0,766.0,2,0.06972406503420077,-0.0025952226013430625,
2024-04-07 05:15:06.606000+00:00,9496.0,0.0,0.0,0.0,1.0,0.0,0.0,1.0,1232.0,3691.0,-3382.0,766.0,2,0.06972406503420077,-0.0025952226013430625,
2024-04-07 05:15:06.846000+00:00,9496.0,0.0,0.0,0.0,1.0,0.0,0.0,1.0,1232.0,3691.0,-3382.0,766.0,2,0.06972406503420077,-0.0025952226013430625,
2024-04-07 05:15:07.166000+00:00,9496.0,0.0,0.0,0.0,1.0,0.0,0.0,1.0,1232.0,3691.0,-3382.0,766.0,2,0.06972406503420077,-0.0025952226013430625,
2024-04-07 05:15:07.365000+00:00,9496.0,0.0,0.0,0.0,1.0,0.0,0.0,1.0,1232.0,3691.0,-3382.0,766.0,2,0.06972406503420077,-0.0025952226013430625,
2024-04-07 05:15:07.525000+00:00,9496.0,0.0,0.0,0.0,1.0,0.0,0.0,1.0,1232.0,3691.0,-3382.0,766.0,2,0.06972406503420077,-0.0025952226013430625,
2024-04-07 05:15:07.685000+00:00,9496.0,0.0,0.0,0.0,1.0,0.0,0.0,1.0,1232.0,3691.0,-3382.0,766.0,2,0.06972406503420077,-0.0025952226013430625,
2024-04-07 05:15:07.845000+00:00,9496.0,0.0,0.0,0.0,1.0,0.0,0.0,1.0,1232.0,3691.0,-3382.0,766.0,2,0.06972406503420077,-0.0025952226013430625,
2024-04-07 05:15:08.125000+00:00,9496.0,0.0,0.0,0.0,1.0,0.0,0.0,1.0,1232.0,3691.0,-3382.0,766.0,2,0.06972406503420077,-0.0025952226013430625,
2024-04-07 05:15:08.445000+00:00,9496.0,0.0,0.0,0.0,1.0,0.0,0.0,1.0,1232.0,3691.0,-3382.0,766.0,2,0.06972406503420077,-0.0025952226013430625,
2024-04-07 05:15:08.845000+00:00,9496.0,0.0,0.0,0.0,1.0,0.0,0.0,1.0,1232.0,3691.0,-3382.0,766.0,2,0.06972406503420077,-0.0025952226013430625,
2024-04-07 05:15:09.245000+00:00,9496.0,0.0,0.0,0.0,1.0,0.0,0.0,1.0,1232.0,3691.0,-3382.0,766.0,2,0.06972406503420077,-0.0025952226013430625,
2024-04-07 05:15:09.485000+00:00,9496.0,0.0,0.0,0.0,1.0,0.0,0.0,1.0,1232.0,3691.0,-3382.0,766.0,2,0.06972406503420077,-0.0025952226013430625,
2024-04-07 05:15:09.725000+00:00,9496.0,0.0,0.0,0.0,1.0,0.0,0.0,1.0,1232.0,3691.0,-3382.0,766.0,2,0.06972406503420077,-0.0025952226013430625,
2024-04-07 05:15:10.085000+00:00,9496.0,0.0,0.0,0.0,1.0,0.0,0.0,1.0,1232.0,3691.0,-3382.0,766.0,2,0.06972406503420077,-0.0025952226013430625,
2024-04-07 05:15:10.325000+00:00,9496.0,0.0,0.0,0.0,1.0,0.0,0.0,1.0,1232.0,3691.0,-3382.0,766.0,2,0.06972406503420077,-0.0025952226013430625,
2024-04-07 05:15:10.725000+00:00,9496.0,0.0,0.0,0.0,1.0,0.0,0.0,1.0,1232.0,3691.0,-3382.0,766.0,2,0.06972406503420077,-0.0025952226013430625,
2024-04-07 05:15:10.965000+00:00,9496.0,0.0,0.0,0.0,1.0,0.0,0.0,1.0,1232.0,3691.0,-3382.0,766.0,2,0.06972406503420077,-0.0025952226013430625,
2024-04-07 05:15:11.165000+00:00,9496.0,0.0,0.0,0.0,3.0,0.0,0.0,1.0,1232.0,3691.0,-3382.0,766.0,2,0.06972406503420077,-0.0025952226013430625,
2024-04-07 05:15:11.326000+00:00,9496.0,0.0,0.0,0.0,3.0,0.0,0.0,1.0,1232.0,3691.0,-3382.0,766.0,2,0.06972406503420077,-0.0025952226013430625,
2024-04-07 05:15:11.566000+00:00,9496.0,0.0,0.0,0.0,3.0,0.0,0.0,1.0,1232.0,3691.0,-3382.0,766.0,2,0.06972406503420077,-0.0025952226013430625,
2024-04-07 05:15:11.726000+00:00,9496.0,0.0,0.0,0.0,3.0,0.0,0.0,1.0,1232.0,3691.0,-3382.0,766.0,2,0.06972406503420077,-0.0025952226013430625,
2024-04-07 05:15:12.086000+00:00,9496.0,0.0,0.0,0.0,3.0,0.0,0.0,1.0,1232.0,3691.0,-3382.0,766.0,2,0.06972406503420077,-0.0025952226013430625,
2024-04-07 05:15:12.246000+00:00,9496.0,0.0,0.0,0.0,1.0,0.0,0.0,1.0,1232.0,3691.0,-3382.0,766.0,2,0.06972406503420077,-0.0025952226013430625,
2024-04-07 05:15:12.566000+00:00,9496.0,0.0,0.0,0.0,1.0,0.0,0.0,1.0,1232.0,3691.0,-3382.0,766.0,2,0.06972406503420077,-0.0025952226013430625,
2024-04-07 05:15:12.726000+00:00,9496.0,0.0,0.0,0.0,1.0,0.0,0.0,1.0,1232.0,3691.0,-3382.0,766.0,2,0.06972406503420077,-0.0025952226013430625,
2024-04-07 05:15:12.926000+00:00,9496.0,0.0,0.0,0.0,1.0,0.0,0.0,1.0,1232.0,3691.0,-3382.0,766.0,2,0.06972406503420077,-0.0025952226013430625,
2024-04-07 05:15:13.126000+00:00,9496.0,0.0,0.0,0.0,1.0,0.0,0.0,1.0,1232.0,3691.0,-3382.0,766.0,2,0.06972406503420077,-0.0025952226013430625,
2024-04-07 05:15:13.406000+00:00,9496.0,0.0,0.0,0.0,1.0,0.0,0.0,1.0,1232.0,3691.0,-3382.0,766.0,2,0.06972406503420077,-0.0025952226013430625,
2024-04-07 05:15:13.606000+00:00,9496.0,0.0,0.0,0.0,1.0,0.0,0.0,1.0,1232.0,3691.0,-3382.0,766.0,2,0.06972406503420077,-0.0025952226013430625,
2024-04-07 05:15:13.965000+00:00,9496.0,0.0,0.0,0.0,1.0,0.0,0.0,1.0,1232.0,3691.0,-3382.0,766.0,2,0.06972406503420077,-0.0025952226013430625,
2024-04-07 05:15:14.205000+00:00,9496.0,0.0,0.0,0.0,1.0,0.0,0.0,1.0,1232.0,3691.0,-3382.0,766.0,2,0.06972406503420077,-0.0025952226013430625,
2024-04-07 05:15:14.485000+00:00,9496.0,1820.0,0.0,0.0,1.0,0.0,0.0,1.0,1232.0,3691.0,-3382.0,766.0,2,0.06972406503420077,-0.0025952226013430625,
2024-04-07 05:15:14.645000+00:00,9496.0,2487.0,0.0,0.0,1.0,0.0,0.0,1.0,1232.0,3691.0,-3382.0,766.0,2,0.06972406503420077,-0.0025952226013430625,
2024-04-07 05:15:15.085000+00:00,9496.0,2563.0,0.0,0.0,1.0,0.0,0.0,1.0,1232.0,3691.0,-3382.0,766.0,2,0.06972406503420077,-0.0025952226013430625,
2024-04-07 05:15:15.445000+00:00,9496.0,2537.0,0.0,0.0,1.0,0.0,0.0,1.0,1232.0,3691.0,-3382.0,766.0,2,0.06972406503420077,-0.0025952226013430625,
2024-04-07 05:15:15.685000+00:00,9496.0,2674.0,0.0,0.0,1.0,0.0,0.0,1.0,1232.0,3691.0,-3382.0,766.0,2,0.06972406503420077,-0.0025952226013430625,
2024-04-07 05:15:16.085000+00:00,9496.0,2597.0,0.0,0.0,1.0,0.0,0.0,1.0,1232.0,3691.0,-3382.0,766.0,2,0.06972406503420077,-0.0025952226013430625,
2024-04-07 05:15:16.365000+00:00,9496.0,2719.0,0.0,0.0,1.0,0.0,0.0,1.0,1232.0,3691.0,-3382.0,766.0,2,0.06972406503420077,-0.0025952226013430625,
2024-04-07 05:15:16.645000+00:00,9496.0,2565.0,0.0,0.0,1.0,0.0,0.0,1.0,1232.0,3691.0,-3382.0,766.0,2,0.06972406503420077,-0.0025952226013430625,
2024-04-07 05:15:16.845000+00:00,9496.0,2565.0,0.0,0.0,1.0,0.0,0.0,1.0,1232.0,3691.0,-3382.0,766.0,2,0.06972406503420077,-0.0025952226013430625,
2024-04-07 05:15:17.045000+00:00,9496.0,2659.0,0.0,0.0,1.0,0.0,0.0,1.0,1232.0,3691.0,-3382.0,766.0,2,0.06972406503420077,-0.0025952226013430625,
2024-04-07 05:15:17.325000+00:00,9496.0,2716.0,0.0,0.0,1.0,0.0,0.0,1.0,1232.0,3691.0,-3382.0,766.0,2,0.06972406503420077,-0.0025952226013430625,
2024-04-07 05:15:17.565000+00:00,9496.0,2640.0,0.0,0.0,1.0,0.0,0.0,1.0,1232.0,3691.0,-3382.0,766.0,2,0.06972406503420077,-0.0025952226013430625,
2024-04-07 05:15:17.725000+00:00,9496.0,2668.0,0.0,0.0,1.0,0.0,0.0,1.0,1232.0,3691.0,-3382.0,766.0,2,0.06972406503420077,-0.0025952226013430625,
2024-04-07 05:15:18.006000+00:00,9496.0,2714.0,0.0,0.0,1.0,0.0,0.0,1.0,1232.0,3691.0,-3382.0,766.0,2,0.06972406503420077,-0.0025952226013430625,
2024-04-07 05:15:18.166000+00:00,9496.0,2640.0,0.0,0.0,1.0,0.0,0.0,1.0,1232.0,3691.0,-3382.0,766.0,2,0.06972406503420077,-0.0025952226013430625,
2024-04-07 05:15:18.446000+00:00,9496.0,2690.0,0.0,0.0,1.0,0.0,0.0,1.0,1232.0,3691.0,-3382.0,766.0,2,0.06972406503420077,-0.0025952226013430625,
2024-04-07 05:15:18.766000+00:00,9496.0,2638.0,0.0,0.0,1.0,0.0,0.0,1.0,1232.0,3691.0,-3382.0,766.0,2,0.06972406503420077,-0.0025952226013430625,
2024-04-07 05:15:18.926000+00:00,9496.0,2742.0,0.0,0.0,1.0,0.0,0.0,1.0,1232.0,3691.0,-3382.0,766.0,2,0.06972406503420077,-0.0025952226013430625,
2024-04-07 05:15:19.126000+00:00,9496.0,2661.0,0.0,0.0,1.0,0.0,0.0,1.0,1232.0,3691.0,-3382.0,766.0,2,0.06972406503420077,-0.0025952226013430625,
2024-04-07 05:15:19.486000+00:00,9496.0,2677.0,0.0,0.0,1.0,0.0,0.0,1.0,1232.0,3692.0,-3382.0,766.0,2,0.06972406503420077,-0.0025952226013430625,
2024-04-07 05:15:19.686000+00:00,9496.0,2673.0,0.0,0.0,1.0,0.0,0.0,1.0,1232.0,3692.0,-3382.0,766.0,2,0.06972406503420077,-0.0025952226013430625,
2024-04-07 05:15:20.006000+00:00,9496.0,2699.0,0.0,0.0,1.0,0.0,0.0,1.0,1232.0,3692.0,-3382.0,766.0,2,0.06972406503420077,-0.0025952226013430625,
2024-04-07 05:15:20.246000+00:00,9496.0,2676.0,0.0,0.0,1.0,0.0,0.0,1.0,1232.0,3692.0,-3382.0,766.0,2,0.06972406503420077,-0.0025952226013430625,
2024-04-07 05:15:20.446000+00:00,9496.0,2620.0,0.0,0.0,1.0,0.0,0.0,1.0,1232.0,3692.0,-3382.0,766.0,2,0.06972406503420077,-0.0025952226013430625,
2024-04-07 05:15:20.685000+00:00,9496.0,2676.0,0.0,0.0,1.0,0.0,0.0,1.0,1232.0,3692.0,-3382.0,766.0,2,0.06972406503420077,-0.0025952226013430625,
2024-04-07 05:15:20.925000+00:00,9496.0,2752.0,0.0,0.0,1.0,0.0,0.0,1.0,1232.0,3692.0,-3382.0,766.0,2,0.06972406503420077,-0.0025952226013430625,
2024-04-07 05:15:21.125000+00:00,9496.0,2679.0,0.0,0.0,1.0,0.0,0.0,1.0,1232.0,3692.0,-3382.0,766.0,2,0.06972406503420077,-0.0025952226013430625,
2024-04-07 05:15:21.285000+00:00,9496.0,2624.0,0.0,0.0,1.0,0.0,0.0,1.0,1232.0,3692.0,-3382.0,766.0,2,0.06972406503420077,-0.0025952226013430625,
2024-04-07 05:15:21.605000+00:00,9496.0,2643.0,0.0,0.0,1.0,0.0,0.0,1.0,1232.0,3692.0,-3382.0,766.0,2,0.06972406503420077,-0.0025952226013430625,
2024-04-07 05:15:21.845000+00:00,9496.0,2766.0,0.0,0.0,1.0,0.0,0.0,1.0,1232.0,3692.0,-3382.0,766.0,2,0.06972406503420077,-0.0025952226013430625,
2024-04-07 05:15:22.005000+00:00,9496.0,2586.0,0.0,0.0,1.0,0.0,0.0,1.0,1232.0,3692.0,-3382.0,766.0,2,0.06972406503420077,-0.0025952226013430625,
2024-04-07 05:15:22.365000+00:00,9496.0,435.0,0.0,0.0,1.0,0.0,0.0,1.0,1232.0,3692.0,-3382.0,766.0,2,0.06972406503420077,-0.0025952226013430625,
2024-04-07 05:15:22.765000+00:00,9496.0,0.0,0.0,0.0,1.0,0.0,0.0,1.0,1232.0,3692.0,-3382.0,766.0,2,0.06972406503420077,-0.0025952226013430625,
2024-04-07 05:15:23.005000+00:00,9496.0,0.0,0.0,0.0,1.0,0.0,0.0,1.0,1232.0,3692.0,-3382.0,766.0,2,0.06972406503420077,-0.0025952226013430625,
2024-04-07 05:15:23.205000+00:00,9496.0,0.0,0.0,0.0,1.0,0.0,0.0,1.0,1232.0,3692.0,-3382.0,766.0,2,0.06972406503420077,-0.0025952226013430625,
2024-04-07 05:15:23.405000+00:00,9496.0,0.0,0.0,0.0,1.0,0.0,0.0,1.0,1232.0,3692.0,-3382.0,766.0,2,0.06972406503420077,-0.0025952226013430625,
2024-04-07 05:15:23.645000+00:00,9496.0,0.0,0.0,0.0,1.0,0.0,0.0,1.0,1232.0,3692.0,-3382.0,766.0,2,0.06972406503420077,-0.0025952226013430625,
2024-04-07 05:15:24.005000+00:00,9496.0,0.0,0.0,0.0,1.0,0.0,0.0,1.0,1232.0,3692.0,-3382.0,766.0,2,0.06972406503420077,-0.0025952226013430625,
2024-04-07 05:15:24.165000+00:00,9496.0,0.0,0.0,0.0,1.0,0.0,0.0,1.0,1232.0,3692.0,-3382.0,766.0,2,0.06972406503420077,-0.0025952226013430625,
2024-04-07 05:15:24.365000+00:00,9496.0,0.0,0.0,0.0,1.0,0.0,0.0,1.0,1232.0,3692.0,-3382.0,766.0,2,0.06972406503420077,-0.0025952226013430625,
2024-04-07 05:15:24.566000+00:00,9496.0,0.0,0.0,0.0,1.0,0.0,0.0,1.0,1232.0,3692.0,-3382.0,766.0,2,0.06972406503420077,-0.0025952226013430625,
2024-04-07 05:15:24.766000+00:00,9496.0,0.0,0.0,0.0,1.0,0.0,0.0,1.0,1232.0,3692.0,-3382.0,766.0,2,0.06972406503420077,-0.0025952226013430625,
2024-04-07 05:15:24.966000+00:00,9496.0,0.0,0.0,0.0,1.0,0.0,0.0,1.0,1232.0,3692.0,-3382.0,766.0,2,0.06972406503420077,-0.0025952226013430625,
2024-04-07 05:15:25.286000+00:00,9496.0,0.0,0.0,0.0,1.0,0.0,0.0,1.0,1232.0,3692.0,-3382.0,766.0,2,0.06972406503420077,-0.0025952226013430625,
2024-04-07 05:15:25.566000+00:00,9496.0,0.0,0.0,0.0,1.0,0.0,0.0,1.0,1232.0,3692.0,-3382.0,766.0,2,0.06972406503420077,-0.0025952226013430625,
2024-04-07 05:15:25.766000+00:00,9496.0,0.0,0.0,0.0,1.0,0.0,0.0,1.0,1232.0,3692.0,-3382.0,766.0,2,0.06972406503420077,-0.0025952226013430625,
2024-04-07 05:15:26.086000+00:00,9496.0,0.0,0.0,0.0,1.0,0.0,0.0,1.0,1232.0,3692.0,-3382.0,766.0,2,0.06972406503420077,-0.0025952226013430625,
2024-04-07 05:15:26.286000+00:00,9496.0,0.0,0.0,0.0,1.0,0.0,0.0,1.0,1232.0,3692.0,-3382.0,766.0,2,0.06972406503420077,-0.0025952226013430625,
2024-04-07 05:15:26.526000+00:00,9496.0,0.0,0.0,0.0,1.0,0.0,0.0,1.0,1232.0,3692.0,-3382.0,766.0,2,0.06972406503420077,-0.0025952226013430625,
2024-04-07 05:15:26.886000+00:00,9496.0,0.0,0.0,0.0,1.0,0.0,0.0,1.0,1232.0,3692.0,-3382.0,766.0,2,0.06972406503420077,-0.0025952226013430625,
2024-04-07 05:15:27.166000+00:00,9496.0,0.0,0.0,0.0,1.0,0.0,0.0,1.0,1232.0,3692.0,-3382.0,766.0,2,0.06972406503420077,-0.0025952226013430625,
2024-04-07 05:15:27.326000+00:00,9496.0,0.0,0.0,0.0,1.0,0.0,0.0,1.0,1232.0,3692.0,-3382.0,766.0,2,0.06972406503420077,-0.0025952226013430625,
2024-04-07 05:15:27.485000+00:00,9496.0,0.0,0.0,0.0,1.0,0.0,0.0,1.0,1232.0,3692.0,-3382.0,766.0,2,0.06972406503420077,-0.0025952226013430625,
2024-04-07 05:15:27.645000+00:00,9496.0,0.0,0.0,0.0,1.0,0.0,0.0,1.0,1232.0,3692.0,-3382.0,766.0,2,0.06972406503420077,-0.0025952226013430625,
2024-04-07 05:15:27.925000+00:00,9496.0,0.0,0.0,0.0,1.0,0.0,0.0,1.0,1232.0,3692.0,-3382.0,766.0,2,0.06972406503420077,-0.0025952226013430625,
2024-04-07 05:15:28.165000+00:00,9496.0,0.0,0.0,0.0,1.0,0.0,0.0,1.0,1232.0,3692.0,-3382.0,766.0,2,0.06972406503420077,-0.0025952226013430625,
2024-04-07 05:15:28.525000+00:00,9496.0,0.0,0.0,0.0,1.0,0.0,0.0,1.0,1232.0,3692.0,-3382.0,766.0,2,0.06972406503420077,-0.0025952226013430625,
2024-04-07 05:15:29.005000+00:00,9496.0,0.0,0.0,0.0,1.0,0.0,0.0,1.0,1232.0,3692.0,-3382.0,766.0,2,0.06972406503420077,-0.0025952226013430625,
2024-04-07 05:15:29.165000+00:00,9496.0,0.0,0.0,0.0,1.0,0.0,0.0,1.0,1232.0,3692.0,-3382.0,766.0,2,0.06972406503420077,-0.0025952226013430625,
2024-04-07 05:15:29.445000+00:00,9496.0,0.0,0.0,0.0,1.0,0.0,0.0,1.0,1232.0,3692.0,-3382.0,766.0,2,0.06972406503420077,-0.0025952226013430625,
2024-04-07 05:15:29.725000+00:00,9496.0,0.0,0.0,0.0,1.0,0.0,0.0,1.0,1232.0,3692.0,-3382.0,766.0,2,0.06972406503420077,-0.0025952226013430625,
2024-04-07 05:15:30.085000+00:00,9496.0,0.0,0.0,0.0,1.0,0.0,0.0,1.0,1232.0,3692.0,-3382.0,766.0,2,0.06972406503420077,-0.0025952226013430625,
2024-04-07 05:15:30.365000+00:00,9496.0,0.0,0.0,0.0,1.0,0.0,0.0,1.0,1232.0,3692.0,-3382.0,766.0,2,0.06972406503420077,-0.0025952226013430625,
2024-04-07 05:15:30.645000+00:00,9496.0,0.0,0.0,0.0,1.0,0.0,0.0,1.0,1232.0,3692.0,-3382.0,766.0,2,0.06972406503420077,-0.0025952226013430625,
2024-04-07 05:15:30.925000+00:00,9496.0,0.0,0.0,0.0,1.0,0.0,0.0,1.0,1232.0,3692.0,-3382.0,766.0,2,0.06972406503420077,-0.0025952226013430625,
2024-04-07 05:15:31.286000+00:00,9496.0,0.0,0.0,0.0,1.0,0.0,0.0,1.0,1232.0,3692.0,-3382.0,766.0,2,0.06972406503420077,-0.0025952226013430625,
2024-04-07 05:15:31.646000+00:00,9496.0,0.0,0.0,0.0,1.0,0.0,0.0,1.0,1232.0,3692.0,-3382.0,766.0,2,0.06972406503420077,-0.0025952226013430625,
2024-04-07 05:15:31.806000+00:00,9496.0,0.0,0.0,0.0,1.0,0.0,0.0,1.0,1232.0,3692.0,-3382.0,766.0,2,0.06972406503420077,-0.0025952226013430625,
2024-04-07 05:15:31.966000+00:00,9496.0,0.0,0.0,0.0,1.0,0.0,0.0,1.0,1232.0,3692.0,-3382.0,766.0,2,0.06972406503420077,-0.0025952226013430625,
2024-04-07 05:15:32.206000+00:00,9496.0,0.0,0.0,0.0,1.0,0.0,0.0,1.0,1232.0,3692.0,-3382.0,766.0,2,0.06972406503420077,-0.0025952226013430625,
2024-04-07 05:15:32.486000+00:00,9496.0,0.0,0.0,0.0,1.0,0.0,0.0,1.0,1232.0,3692.0,-3382.0,766.0,2,0.06972406503420077,-0.0025952226013430625,
2024-04-07 05:15:32.686000+00:00,9496.0,0.0,0.0,0.0,1.0,0.0,0.0,1.0,1232.0,3692.0,-3382.0,766.0,2,0.06972406503420077,-0.0025952226013430625,
2024-04-07 05:15:32.926000+00:00,9496.0,0.0,0.0,0.0,1.0,0.0,0.0,1.0,1232.0,3692.0,-3382.0,766.0,2,0.06972406503420077,-0.0025952226013430625,
2024-04-07 05:15:33.206000+00:00,9496.0,0.0,0.0,0.0,1.0,0.0,0.0,1.0,1232.0,3692.0,-3382.0,766.0,2,0.06972406503420077,-0.0025952226013430625,
2024-04-07 05:15:33.446000+00:00,9496.0,0.0,0.0,0.0,1.0,0.0,0.0,1.0,1232.0,3692.0,-3382.0,766.0,2,0.06972406503420077,-0.0025952226013430625,
2024-04-07 05:15:33.766000+00:00,9496.0,0.0,0.0,0.0,1.0,0.0,0.0,1.0,1232.0,3692.0,-3382.0,766.0,2,0.06972406503420077,-0.0025952226013430625,
2024-04-07 05:15:34.006000+00:00,9496.0,0.0,0.0,0.0,1.0,0.0,0.0,1.0,1232.0,3692.0,-3382.0,766.0,2,0.06972406503420077,-0.0025952226013430625,
2024-04-07 05:15:34.245000+00:00,9496.0,0.0,0.0,0.0,1.0,0.0,0.0,1.0,1232.0,3692.0,-3382.0,766.0,2,0.06972406503420077,-0.0025952226013430625,
2024-04-07 05:15:34.485000+00:00,9496.0,0.0,0.0,0.0,1.0,0.0,0.0,1.0,1232.0,3692.0,-3382.0,766.0,2,0.06972406503420077,-0.0025952226013430625,
2024-04-07 05:15:35.005000+00:00,9496.0,0.0,0.0,0.0,1.0,0.0,0.0,1.0,1232.0,3692.0,-3382.0,766.0,2,0.06972406503420077,-0.0025952226013430625,
2024-04-07 05:15:35.365000+00:00,9496.0,0.0,0.0,0.0,1.0,0.0,0.0,1.0,1232.0,3692.0,-3382.0,766.0,2,0.06972406503420077,-0.0025952226013430625,
2024-04-07 05:15:35.805000+00:00,9496.0,0.0,0.0,0.0,1.0,0.0,0.0,1.0,1232.0,3692.0,-3382.0,766.0,2,0.06972406503420077,-0.0025952226013430625,
2024-04-07 05:15:36.005000+00:00,9496.0,0.0,0.0,0.0,1.0,0.0,0.0,1.0,1232.0,3692.0,-3382.0,766.0,2,0.06972406503420077,-0.0025952226013430625,
2024-04-07 05:15:36.445000+00:00,9496.0,0.0,0.0,0.0,1.0,0.0,0.0,1.0,1232.0,3692.0,-3382.0,766.0,2,0.06972406503420077,-0.0025952226013430625,
2024-04-07 05:15:36.645000+00:00,9496.0,0.0,0.0,0.0,1.0,0.0,0.0,1.0,1232.0,3692.0,-3382.0,766.0,2,0.06972406503420077,-0.0025952226013430625,
2024-04-07 05:15:36.805000+00:00,9496.0,0.0,0.0,0.0,1.0,0.0,0.0,1.0,1232.0,3692.0,-3382.0,766.0,2,0.06972406503420077,-0.0025952226013430625,
2024-04-07 05:15:37.205000+00:00,9496.0,0.0,0.0,0.0,1.0,0.0,0.0,1.0,1232.0,3692.0,-3382.0,766.0,2,0.06972406503420077,-0.0025952226013430625,
2024-04-07 05:15:37.365000+00:00,9496.0,0.0,0.0,0.0,1.0,0.0,0.0,1.0,1232.0,3692.0,-3382.0,766.0,2,0.06972406503420077,-0.0025952226013430625,
2024-04-07 05:15:37.525000+00:00,9496.0,0.0,0.0,0.0,1.0,0.0,0.0,1.0,1232.0,3692.0,-3382.0,766.0,2,0.06972406503420077,-0.0025952226013430625,
2024-04-07 05:15:37.726000+00:00,9496.0,0.0,0.0,0.0,1.0,0.0,0.0,1.0,1232.0,3692.0,-3382.0,766.0,2,0.06972406503420077,-0.0025952226013430625,
2024-04-07 05:15:38.006000+00:00,9496.0,0.0,0.0,0.0,1.0,0.0,0.0,1.0,1232.0,3692.0,-3382.0,766.0,2,0.06972406503420077,-0.0025952226013430625,
2024-04-07 05:15:38.246000+00:00,9496.0,0.0,0.0,0.0,1.0,0.0,0.0,1.0,1232.0,3692.0,-3382.0,766.0,2,0.06972406503420077,-0.0025952226013430625,
2024-04-07 05:15:38.446000+00:00,9496.0,0.0,0.0,0.0,1.0,0.0,0.0,1.0,1232.0,3692.0,-3382.0,766.0,2,0.06972406503420077,-0.0025952226013430625,
2024-04-07 05:15:38.726000+00:00,9496.0,0.0,0.0,0.0,1.0,0.0,0.0,1.0,1232.0,3692.0,-3382.0,766.0,2,0.06972406503420077,-0.0025952226013430625,
2024-04-07 05:15:38.886000+00:00,9496.0,0.0,0.0,0.0,1.0,0.0,0.0,1.0,1232.0,3692.0,-3382.0,766.0,2,0.06972406503420077,-0.0025952226013430625,
2024-04-07 05:15:39.086000+00:00,9496.0,0.0,0.0,0.0,1.0,0.0,0.0,1.0,1232.0,3692.0,-3382.0,766.0,2,0.06972406503420077,-0.0025952226013430625,
2024-04-07 05:15:39.326000+00:00,9496.0,0.0,0.0,0.0,1.0,0.0,0.0,1.0,1232.0,3692.0,-3382.0,766.0,2,0.06972406503420077,-0.0025952226013430625,
2024-04-07 05:15:39.646000+00:00,9496.0,0.0,0.0,0.0,1.0,0.0,0.0,1.0,1232.0,3692.0,-3382.0,766.0,2,0.06972406503420077,-0.0025952226013430625,
2024-04-07 05:15:39.886000+00:00,9496.0,0.0,0.0,0.0,1.0,0.0,0.0,1.0,1232.0,3692.0,-3382.0,766.0,2,0.06972406503420077,-0.0025952226013430625,
2024-04-07 05:15:40.126000+00:00,9496.0,0.0,0.0,0.0,1.0,0.0,0.0,1.0,1232.0,3692.0,-3382.0,766.0,2,0.06972406503420077,-0.0025952226013430625,
2024-04-07 05:15:40.406000+00:00,9496.0,0.0,0.0,0.0,1.0,0.0,0.0,1.0,1232.0,3692.0,-3382.0,766.0,2,0.06972406503420077,-0.0025952226013430625,
2024-04-07 05:15:40.686000+00:00,9496.0,0.0,0.0,0.0,1.0,0.0,0.0,1.0,1232.0,3692.0,-3382.0,766.0,2,0.06972406503420077,-0.0025952226013430625,
2024-04-07 05:15:40.885000+00:00,9496.0,0.0,0.0,0.0,1.0,0.0,0.0,1.0,1232.0,3692.0,-3382.0,766.0,2,0.06972406503420077,-0.0025952226013430625,
2024-04-07 05:15:41.205000+00:00,9496.0,0.0,0.0,0.0,1.0,0.0,0.0,1.0,1232.0,3692.0,-3382.0,766.0,2,0.06972406503420077,-0.0025952226013430625,
2024-04-07 05:15:41.365000+00:00,9496.0,0.0,0.0,0.0,1.0,0.0,0.0,1.0,1232.0,3692.0,-3382.0,766.0,2,0.06972406503420077,-0.0025952226013430625,
2024-04-07 05:15:41.805000+00:00,9496.0,0.0,0.0,0.0,1.0,0.0,0.0,1.0,1232.0,3692.0,-3382.0,766.0,2,0.06972406503420077,-0.0025952226013430625,
2024-04-07 05:15:42.005000+00:00,9496.0,0.0,0.0,0.0,1.0,0.0,0.0,1.0,1232.0,3692.0,-3382.0,766.0,2,0.06972406503420077,-0.0025952226013430625,
2024-04-07 05:15:42.205000+00:00,9496.0,0.0,0.0,0.0,1.0,0.0,0.0,1.0,1232.0,3692.0,-3382.0,766.0,2,0.06972406503420077,-0.0025952226013430625,
2024-04-07 05:15:42.485000+00:00,9496.0,0.0,0.0,0.0,1.0,0.0,0.0,1.0,1232.0,3692.0,-3382.0,766.0,2,0.06972406503420077,-0.0025952226013430625,
2024-04-07 05:15:42.685000+00:00,9496.0,0.0,0.0,0.0,1.0,0.0,0.0,1.0,1232.0,3692.0,-3382.0,766.0,2,0.06972406503420077,-0.0025952226013430625,
2024-04-07 05:15:43.005000+00:00,9496.0,0.0,0.0,0.0,1.0,0.0,0.0,1.0,1232.0,3692.0,-3382.0,766.0,2,0.06972406503420077,-0.0025952226013430625,
2024-04-07 05:15:43.325000+00:00,9496.0,0.0,0.0,0.0,1.0,0.0,0.0,1.0,1232.0,3692.0,-3382.0,766.0,2,0.06972406503420077,-0.0025952226013430625,
2024-04-07 05:15:43.605000+00:00,9496.0,0.0,0.0,0.0,1.0,0.0,0.0,1.0,1232.0,3692.0,-3382.0,766.0,2,0.06972406503420077,-0.0025952226013430625,
2024-04-07 05:15:43.885000+00:00,9496.0,0.0,0.0,0.0,1.0,0.0,0.0,1.0,1232.0,3692.0,-3382.0,766.0,2,0.06972406503420077,-0.0025952226013430625,
2024-04-07 05:15:44.045000+00:00,9496.0,0.0,0.0,0.0,1.0,0.0,0.0,1.0,1232.0,3692.0,-3382.0,766.0,2,0.06972406503420077,-0.0025952226013430625,
2024-04-07 05:15:44.246000+00:00,9496.0,0.0,0.0,0.0,1.0,0.0,0.0,1.0,1232.0,3692.0,-3382.0,766.0,2,0.06972406503420077,-0.0025952226013430625,
2024-04-07 05:15:44.446000+00:00,9496.0,0.0,0.0,0.0,1.0,0.0,0.0,1.0,1232.0,3692.0,-3382.0,766.0,2,0.06972406503420077,-0.0025952226013430625,
2024-04-07 05:15:44.726000+00:00,9496.0,0.0,0.0,0.0,1.0,0.0,0.0,1.0,1232.0,3692.0,-3382.0,766.0,2,0.06972406503420077,-0.0025952226013430625,
2024-04-07 05:15:45.046000+00:00,9496.0,0.0,0.0,0.0,1.0,0.0,0.0,1.0,1232.0,3692.0,-3382.0,766.0,2,0.06972406503420077,-0.0025952226013430625,
2024-04-07 05:15:45.246000+00:00,9496.0,0.0,0.0,0.0,1.0,0.0,0.0,1.0,1232.0,3692.0,-3382.0,766.0,2,0.06972406503420077,-0.0025952226013430625,
2024-04-07 05:15:45.486000+00:00,9496.0,0.0,0.0,0.0,1.0,0.0,0.0,1.0,1232.0,3692.0,-3382.0,766.0,2,0.06972406503420077,-0.0025952226013430625,
2024-04-07 05:15:45.646000+00:00,9496.0,0.0,0.0,0.0,1.0,0.0,0.0,1.0,1232.0,3692.0,-3382.0,766.0,2,0.06972406503420077,-0.0025952226013430625,
2024-04-07 05:15:45.806000+00:00,9496.0,0.0,0.0,0.0,1.0,0.0,0.0,1.0,1232.0,3692.0,-3382.0,766.0,2,0.06972406503420077,-0.0025952226013430625,
2024-04-07 05:15:46.126000+00:00,9496.0,0.0,0.0,0.0,1.0,0.0,0.0,1.0,1232.0,3692.0,-3382.0,766.0,2,0.06972406503420077,-0.0025952226013430625,
2024-04-07 05:15:46.406000+00:00,9496.0,0.0,0.0,0.0,1.0,0.0,0.0,1.0,1232.0,3692.0,-3382.0,766.0,2,0.06972406503420077,-0.0025952226013430625,
2024-04-07 05:15:46.766000+00:00,9496.0,0.0,0.0,0.0,1.0,0.0,0.0,1.0,1232.0,3692.0,-3382.0,766.0,2,0.06972406503420077,-0.0025952226013430625,
2024-04-07 05:15:47.126000+00:00,9496.0,0.0,0.0,0.0,1.0,0.0,0.0,1.0,1232.0,3692.0,-3382.0,766.0,2,0.06972406503420077,-0.0025952226013430625,
2024-04-07 05:15:47.406000+00:00,9496.0,0.0,0.0,0.0,1.0,0.0,0.0,1.0,1232.0,3692.0,-3382.0,766.0,2,0.06972406503420077,-0.0025952226013430625,
2024-04-07 05:15:47.725000+00:00,9496.0,0.0,0.0,0.0,1.0,0.0,0.0,1.0,1232.0,3692.0,-3382.0,766.0,2,0.06972406503420077,-0.0025952226013430625,
2024-04-07 05:15:48.045000+00:00,9496.0,0.0,0.0,0.0,1.0,0.0,0.0,1.0,1232.0,3692.0,-3382.0,766.0,2,0.06972406503420077,-0.0025952226013430625,
2024-04-07 05:15:48.485000+00:00,9496.0,0.0,0.0,0.0,1.0,0.0,0.0,1.0,1232.0,3692.0,-3382.0,766.0,2,0.06972406503420077,-0.0025952226013430625,
2024-04-07 05:15:48.885000+00:00,9496.0,0.0,0.0,0.0,1.0,0.0,0.0,1.0,1232.0,3692.0,-3382.0,766.0,2,0.06972406503420077,-0.0025952226013430625,
2024-04-07 05:15:49.165000+00:00,9496.0,0.0,0.0,0.0,1.0,0.0,0.0,1.0,1232.0,3692.0,-3382.0,766.0,2,0.06972406503420077,-0.0025952226013430625,
2024-04-07 05:15:49.405000+00:00,9496.0,0.0,0.0,0.0,1.0,0.0,0.0,1.0,1232.0,3692.0,-3382.0,766.0,2,0.06972406503420077,-0.0025952226013430625,
2024-04-07 05:15:49.685000+00:00,9496.0,0.0,0.0,0.0,1.0,0.0,0.0,1.0,1232.0,3692.0,-3382.0,766.0,2,0.06972406503420077,-0.0025952226013430625,
2024-04-07 05:15:50.085000+00:00,9496.0,0.0,0.0,0.0,1.0,0.0,0.0,1.0,1232.0,3692.0,-3382.0,766.0,2,0.06972406503420077,-0.0025952226013430625,
2024-04-07 05:15:50.245000+00:00,9496.0,0.0,0.0,0.0,1.0,0.0,0.0,1.0,1232.0,3692.0,-3382.0,766.0,2,0.06972406503420077,-0.0025952226013430625,
2024-04-07 05:15:50.405000+00:00,9496.0,0.0,0.0,0.0,1.0,0.0,0.0,1.0,1232.0,3692.0,-3382.0,766.0,2,0.06972406503420077,-0.0025952226013430625,
2024-04-07 05:15:50.605000+00:00,9496.0,0.0,0.0,0.0,1.0,0.0,0.0,1.0,1232.0,3692.0,-3382.0,766.0,2,0.06972406503420077,-0.0025952226013430625,
2024-04-07 05:15:50.886000+00:00,9496.0,0.0,0.0,0.0,1.0,0.0,0.0,1.0,1232.0,3692.0,-3382.0,766.0,2,0.06972406503420077,-0.0025952226013430625,
2024-04-07 05:15:51.046000+00:00,9496.0,0.0,0.0,0.0,1.0,0.0,0.0,1.0,1232.0,3692.0,-3382.0,766.0,2,0.06972406503420077,-0.0025952226013430625,
2024-04-07 05:15:51.566000+00:00,9496.0,0.0,0.0,0.0,1.0,0.0,0.0,1.0,1232.0,3692.0,-3382.0,766.0,2,0.06972406503420077,-0.0025952226013430625,
2024-04-07 05:15:51.966000+00:00,9496.0,0.0,0.0,0.0,1.0,0.0,0.0,1.0,1232.0,3692.0,-3382.0,766.0,2,0.06972406503420077,-0.0025952226013430625,
2024-04-07 05:15:52.206000+00:00,9496.0,0.0,0.0,0.0,1.0,0.0,0.0,1.0,1232.0,3692.0,-3382.0,766.0,2,0.06972406503420077,-0.0025952226013430625,
2024-04-07 05:15:52.406000+00:00,9496.0,0.0,0.0,0.0,1.0,0.0,0.0,1.0,1232.0,3692.0,-3382.0,766.0,2,0.06972406503420077,-0.0025952226013430625,
2024-04-07 05:15:52.726000+00:00,9496.0,0.0,0.0,0.0,1.0,0.0,0.0,1.0,1232.0,3692.0,-3382.0,766.0,2,0.06972406503420077,-0.0025952226013430625,
2024-04-07 05:15:52.926000+00:00,9496.0,0.0,0.0,0.0,1.0,0.0,0.0,1.0,1232.0,3692.0,-3382.0,766.0,2,0.06972406503420077,-0.0025952226013430625,
2024-04-07 05:15:53.086000+00:00,9496.0,0.0,0.0,0.0,1.0,0.0,0.0,1.0,1232.0,3692.0,-3382.0,766.0,2,0.06972406503420077,-0.0025952226013430625,
2024-04-07 05:15:53.326000+00:00,9496.0,0.0,0.0,0.0,1.0,0.0,0.0,1.0,1232.0,3692.0,-3382.0,766.0,2,0.06972406503420077,-0.0025952226013430625,
2024-04-07 05:15:53.526000+00:00,9496.0,0.0,0.0,0.0,1.0,0.0,0.0,1.0,1232.0,3692.0,-3382.0,766.0,2,0.06972406503420077,-0.0025952226013430625,
2024-04-07 05:15:53.726000+00:00,9496.0,0.0,0.0,0.0,1.0,0.0,0.0,1.0,1232.0,3692.0,-3382.0,766.0,2,0.06972406503420077,-0.0025952226013430625,
2024-04-07 05:15:53.886000+00:00,9496.0,0.0,0.0,0.0,1.0,0.0,0.0,1.0,1232.0,3692.0,-3382.0,766.0,2,0.06972406503420077,-0.0025952226013430625,
2024-04-07 05:15:54.126000+00:00,9496.0,0.0,0.0,0.0,1.0,0.0,0.0,1.0,1232.0,3692.0,-3382.0,766.0,2,0.06972406503420077,-0.0025952226013430625,
2024-04-07 05:15:54.325000+00:00,9496.0,0.0,0.0,0.0,1.0,0.0,0.0,1.0,1232.0,3692.0,-3382.0,766.0,2,0.06972406503420077,-0.0025952226013430625,
2024-04-07 05:15:54.485000+00:00,9496.0,0.0,0.0,0.0,1.0,0.0,0.0,1.0,1232.0,3692.0,-3382.0,766.0,2,0.06972406503420077,-0.0025952226013430625,
2024-04-07 05:15:54.805000+00:00,9496.0,0.0,0.0,0.0,1.0,0.0,0.0,1.0,1232.0,3692.0,-3382.0,766.0,2,0.06972406503420077,-0.0025952226013430625,
2024-04-07 05:15:55.085000+00:00,9496.0,0.0,0.0,0.0,1.0,0.0,0.0,1.0,1232.0,3692.0,-3382.0,766.0,2,0.06972406503420077,-0.0025952226013430625,
2024-04-07 05:15:55.445000+00:00,9496.0,0.0,0.0,0.0,1.0,0.0,0.0,1.0,1232.0,3692.0,-3382.0,766.0,2,0.06972406503420077,-0.0025952226013430625,
2024-04-07 05:15:55.645000+00:00,9496.0,0.0,0.0,0.0,1.0,0.0,0.0,1.0,1232.0,3692.0,-3382.0,766.0,2,0.06972406503420077,-0.0025952226013430625,
2024-04-07 05:15:56.085000+00:00,9496.0,0.0,0.0,0.0,1.0,0.0,0.0,1.0,1232.0,3692.0,-3382.0,766.0,2,0.06972406503420077,-0.0025952226013430625,
2024-04-07 05:15:56.525000+00:00,9496.0,0.0,0.0,0.0,1.0,0.0,0.0,1.0,1232.0,3692.0,-3382.0,766.0,2,0.06972406503420077,-0.0025952226013430625,
2024-04-07 05:15:57.326000+00:00,9496.0,0.0,0.0,0.0,1.0,0.0,0.0,1.0,1232.0,3692.0,-3382.0,766.0,2,0.06972406503420077,-0.0025952226013430625,
2024-04-07 05:15:57.566000+00:00,9496.0,0.0,0.0,0.0,1.0,0.0,0.0,1.0,1232.0,3692.0,-3382.0,766.0,2,0.06972406503420077,-0.0025952226013430625,
2024-04-07 05:15:57.766000+00:00,9496.0,0.0,0.0,0.0,1.0,0.0,0.0,1.0,1232.0,3692.0,-3382.0,766.0,2,0.06972406503420077,-0.0025952226013430625,
2024-04-07 05:15:58.086000+00:00,9496.0,0.0,0.0,0.0,1.0,0.0,0.0,1.0,1232.0,3692.0,-3382.0,766.0,2,0.06972406503420077,-0.0025952226013430625,
2024-04-07 05:15:58.246000+00:00,9496.0,0.0,0.0,0.0,1.0,0.0,0.0,1.0,1232.0,3692.0,-3382.0,766.0,2,0.06972406503420077,-0.0025952226013430625,
2024-04-07 05:15:58.486000+00:00,9496.0,0.0,0.0,0.0,1.0,0.0,0.0,1.0,1232.0,3692.0,-3382.0,766.0,2,0.06972406503420077,-0.0025952226013430625,
2024-04-07 05:15:58.806000+00:00,9496.0,0.0,0.0,0.0,1.0,0.0,0.0,1.0,1232.0,3692.0,-3382.0,766.0,2,0.06972406503420077,-0.0025952226013430625,
2024-04-07 05:15:59.086000+00:00,9496.0,0.0,0.0,0.0,1.0,0.0,0.0,1.0,1232.0,3692.0,-3382.0,766.0,2,0.06972406503420077,-0.0025952226013430625,
2024-04-07 05:15:59.326000+00:00,9496.0,0.0,0.0,0.0,1.0,0.0,0.0,1.0,1232.0,3692.0,-3382.0,766.0,2,0.06972406503420077,-0.0025952226013430625,
2024-04-07 05:15:59.566000+00:00,9496.0,0.0,0.0,0.0,1.0,0.0,0.0,1.0,1232.0,3692.0,-3382.0,766.0,2,0.06972406503420077,-0.0025952226013430625,
2024-04-07 05:15:59.766000+00:00,9496.0,0.0,0.0,0.0,1.0,0.0,0.0,1.0,1232.0,3692.0,-3382.0,766.0,2,0.06972406503420077,-0.0025952226013430625,
2024-04-07 05:16:00.046000+00:00,9496.0,0.0,0.0,0.0,1.0,0.0,0.0,1.0,1232.0,3692.0,-3382.0,766.0,2,0.06972406503420077,-0.0025952226013430625,
2024-04-07 05:16:00.326000+00:00,9496.0,0.0,0.0,0.0,1.0,0.0,0.0,1.0,1232.0,3692.0,-3382.0,766.0,2,0.06972406503420077,-0.0025952226013430625,
2024-04-07 05:16:00.566000+00:00,9496.0,0.0,0.0,0.0,1.0,0.0,0.0,1.0,1232.0,3692.0,-3382.0,766.0,2,0.06972406503420077,-0.0025952226013430625,
2024-04-07 05:16:00.766000+00:00,9496.0,0.0,0.0,0.0,1.0,0.0,0.0,1.0,1232.0,3692.0,-3382.0,766.0,2,0.06972406503420077,-0.0025952226013430625,
2024-04-07 05:16:01.045000+00:00,9496.0,0.0,0.0,0.0,1.0,0.0,0.0,1.0,1232.0,3692.0,-3382.0,766.0,2,0.06972406503420077,-0.0025952226013430625,
2024-04-07 05:16:01.285000+00:00,9496.0,0.0,0.0,0.0,1.0,0.0,0.0,1.0,1232.0,3692.0,-3382.0,766.0,2,0.06972406503420077,-0.0025952226013430625,
2024-04-07 05:16:01.565000+00:00,9496.0,0.0,0.0,0.0,1.0,0.0,0.0,1.0,1232.0,3692.0,-3382.0,766.0,2,0.06972406503420077,-0.0025952226013430625,
2024-04-07 05:16:01.765000+00:00,9496.0,0.0,0.0,0.0,1.0,0.0,0.0,1.0,1232.0,3692.0,-3382.0,766.0,2,0.06972406503420077,-0.0025952226013430625,
2024-04-07 05:16:02.165000+00:00,9496.0,0.0,0.0,0.0,1.0,0.0,0.0,1.0,1232.0,3692.0,-3382.0,766.0,2,0.06972406503420077,-0.0025952226013430625,
2024-04-07 05:16:02.325000+00:00,9496.0,0.0,0.0,0.0,1.0,0.0,0.0,1.0,1232.0,3692.0,-3382.0,766.0,2,0.06972406503420077,-0.0025952226013430625,
2024-04-07 05:16:02.605000+00:00,9496.0,0.0,0.0,0.0,1.0,0.0,0.0,1.0,1232.0,3692.0,-3382.0,766.0,2,0.06972406503420077,-0.0025952226013430625,
2024-04-07 05:16:02.885000+00:00,9496.0,0.0,0.0,0.0,1.0,0.0,0.0,1.0,1232.0,3692.0,-3382.0,766.0,2,0.06972406503420077,-0.0025952226013430625,
2024-04-07 05:16:03.165000+00:00,9496.0,0.0,0.0,0.0,1.0,0.0,0.0,1.0,1232.0,3692.0,-3382.0,766.0,2,0.06972406503420077,-0.0025952226013430625,
2024-04-07 05:16:03.325000+00:00,9496.0,0.0,0.0,0.0,1.0,0.0,0.0,1.0,1232.0,3692.0,-3382.0,766.0,2,0.06972406503420077,-0.0025952226013430625,
2024-04-07 05:16:03.525000+00:00,9496.0,0.0,0.0,0.0,1.0,0.0,0.0,1.0,1232.0,3692.0,-3382.0,766.0,2,0.06972406503420077,-0.0025952226013430625,
2024-04-07 05:16:03.805000+00:00,9496.0,0.0,0.0,0.0,1.0,0.0,0.0,1.0,1232.0,3692.0,-3382.0,766.0,2,0.06972406503420077,-0.0025952226013430625,
2024-04-07 05:16:04.246000+00:00,9496.0,0.0,0.0,0.0,1.0,0.0,0.0,1.0,1232.0,3692.0,-3382.0,766.0,2,0.06972406503420077,-0.0025952226013430625,
2024-04-07 05:16:04.486000+00:00,9496.0,0.0,0.0,0.0,1.0,0.0,0.0,1.0,1232.0,3692.0,-3382.0,766.0,2,0.06972406503420077,-0.0025952226013430625,
2024-04-07 05:16:04.726000+00:00,9496.0,0.0,0.0,0.0,1.0,0.0,0.0,1.0,1232.0,3692.0,-3382.0,766.0,2,0.06972406503420077,-0.0025952226013430625,
2024-04-07 05:16:05.126000+00:00,9496.0,0.0,0.0,0.0,1.0,0.0,0.0,1.0,1232.0,3692.0,-3382.0,766.0,2,0.06972406503420077,-0.0025952226013430625,
2024-04-07 05:16:05.366000+00:00,9496.0,0.0,0.0,0.0,1.0,0.0,0.0,1.0,1232.0,3692.0,-3382.0,766.0,2,0.06972406503420077,-0.0025952226013430625,
2024-04-07 05:16:05.646000+00:00,9496.0,0.0,0.0,0.0,1.0,0.0,0.0,1.0,1232.0,3692.0,-3382.0,766.0,2,0.06972406503420077,-0.0025952226013430625,
2024-04-07 05:16:05.926000+00:00,9496.0,0.0,0.0,0.0,1.0,0.0,0.0,1.0,1232.0,3692.0,-3382.0,766.0,2,0.06972406503420077,-0.0025952226013430625,
2024-04-07 05:16:06.126000+00:00,9496.0,0.0,0.0,0.0,1.0,0.0,0.0,1.0,1232.0,3692.0,-3382.0,766.0,2,0.06972406503420077,-0.0025952226013430625,
2024-04-07 05:16:06.446000+00:00,9496.0,0.0,0.0,0.0,1.0,0.0,0.0,1.0,1232.0,3692.0,-3382.0,766.0,2,0.06972406503420077,-0.0025952226013430625,
2024-04-07 05:16:06.686000+00:00,9496.0,0.0,0.0,0.0,1.0,0.0,0.0,1.0,1232.0,3692.0,-3382.0,766.0,2,0.06972406503420077,-0.0025952226013430625,
2024-04-07 05:16:06.966000+00:00,9496.0,0.0,0.0,0.0,1.0,0.0,0.0,1.0,1232.0,3692.0,-3382.0,766.0,2,0.06972406503420077,-0.0025952226013430625,
2024-04-07 05:16:07.126000+00:00,9496.0,0.0,0.0,0.0,1.0,0.0,0.0,1.0,1232.0,3692.0,-3382.0,766.0,2,0.06972406503420077,-0.0025952226013430625,
2024-04-07 05:16:07.366000+00:00,9496.0,0.0,0.0,0.0,1.0,0.0,0.0,1.0,1232.0,3692.0,-3382.0,766.0,2,0.06972406503420077,-0.0025952226013430625,
2024-04-07 05:16:07.686000+00:00,9496.0,0.0,0.0,0.0,1.0,0.0,0.0,1.0,1232.0,3692.0,-3382.0,766.0,2,0.06972406503420077,-0.0025952226013430625,
2024-04-07 05:16:07.885000+00:00,9496.0,0.0,0.0,0.0,1.0,0.0,0.0,1.0,1232.0,3692.0,-3382.0,766.0,2,0.06972406503420077,-0.0025952226013430625,
2024-04-07 05:16:08.165000+00:00,9496.0,0.0,0.0,0.0,1.0,0.0,0.0,1.0,1232.0,3692.0,-3382.0,766.0,2,0.06972406503420077,-0.0025952226013430625,
2024-04-07 05:16:08.365000+00:00,9496.0,0.0,0.0,0.0,1.0,0.0,0.0,1.0,1232.0,3692.0,-3382.0,766.0,2,0.06972406503420077,-0.0025952226013430625,
2024-04-07 05:16:08.565000+00:00,9496.0,0.0,0.0,0.0,1.0,0.0,0.0,1.0,1232.0,3692.0,-3382.0,766.0,2,0.06972406503420077,-0.0025952226013430625,
2024-04-07 05:16:08.845000+00:00,9496.0,0.0,0.0,0.0,1.0,0.0,0.0,1.0,1232.0,3692.0,-3382.0,766.0,2,0.06972406503420077,-0.0025952226013430625,
2024-04-07 05:16:09.285000+00:00,9496.0,0.0,0.0,0.0,1.0,0.0,0.0,1.0,1232.0,3692.0,-3382.0,766.0,2,0.06972406503420077,-0.0025952226013430625,
2024-04-07 05:16:09.725000+00:00,9496.0,0.0,0.0,0.0,1.0,0.0,0.0,1.0,1232.0,3692.0,-3382.0,766.0,2,0.06972406503420077,-0.0025952226013430625,
2024-04-07 05:16:09.885000+00:00,9496.0,0.0,0.0,0.0,1.0,0.0,0.0,1.0,1232.0,3692.0,-3382.0,766.0,2,0.06972406503420077,-0.0025952226013430625,
2024-04-07 05:16:10.325000+00:00,9496.0,0.0,0.0,0.0,1.0,0.0,0.0,1.0,1232.0,3692.0,-3382.0,766.0,2,0.06972406503420077,-0.0025952226013430625,
2024-04-07 05:16:10.766000+00:00,9496.0,0.0,0.0,0.0,1.0,0.0,0.0,1.0,1232.0,3692.0,-3382.0,766.0,2,0.06972406503420077,-0.0025952226013430625,
2024-04-07 05:16:10.926000+00:00,9496.0,0.0,0.0,0.0,1.0,0.0,0.0,1.0,1232.0,3692.0,-3382.0,766.0,2,0.06972406503420077,-0.0025952226013430625,
2024-04-07 05:16:11.166000+00:00,9496.0,0.0,0.0,0.0,1.0,0.0,0.0,1.0,1232.0,3692.0,-3382.0,766.0,2,0.06972406503420077,-0.0025952226013430625,
2024-04-07 05:16:11.446000+00:00,9496.0,0.0,0.0,0.0,1.0,0.0,0.0,1.0,1232.0,3692.0,-3382.0,766.0,2,0.06972406503420077,-0.0025952226013430625,
2024-04-07 05:16:11.806000+00:00,9496.0,0.0,0.0,0.0,1.0,0.0,0.0,1.0,1232.0,3692.0,-3382.0,766.0,2,0.06972406503420077,-0.0025952226013430625,
2024-04-07 05:16:12.206000+00:00,9496.0,0.0,0.0,0.0,1.0,0.0,0.0,1.0,1232.0,3692.0,-3382.0,766.0,2,0.06972406503420077,-0.0025952226013430625,
2024-04-07 05:16:12.486000+00:00,9496.0,0.0,0.0,0.0,1.0,0.0,0.0,1.0,1232.0,3692.0,-3382.0,766.0,2,0.06972406503420077,-0.0025952226013430625,
2024-04-07 05:16:12.686000+00:00,9496.0,0.0,0.0,0.0,1.0,0.0,0.0,1.0,1232.0,3692.0,-3382.0,766.0,2,0.06972406503420077,-0.0025952226013430625,
2024-04-07 05:16:12.926000+00:00,9496.0,0.0,0.0,0.0,1.0,0.0,0.0,1.0,1232.0,3692.0,-3382.0,766.0,2,0.06972406503420077,-0.0025952226013430625,
2024-04-07 05:16:13.286000+00:00,9496.0,0.0,0.0,0.0,1.0,0.0,0.0,1.0,1232.0,3692.0,-3382.0,766.0,2,0.06972406503420077,-0.0025952226013430625,
2024-04-07 05:16:13.526000+00:00,9496.0,0.0,0.0,0.0,1.0,0.0,0.0,1.0,1232.0,3692.0,-3382.0,766.0,2,0.06972406503420077,-0.0025952226013430625,
2024-04-07 05:16:13.726000+00:00,9496.0,0.0,0.0,0.0,1.0,0.0,0.0,1.0,1232.0,3692.0,-3382.0,766.0,2,0.06972406503420077,-0.0025952226013430625,
2024-04-07 05:16:13.966000+00:00,9496.0,0.0,0.0,0.0,1.0,0.0,0.0,1.0,1232.0,3692.0,-3382.0,766.0,2,0.06972406503420077,-0.0025952226013430625,
2024-04-07 05:16:14.166000+00:00,9496.0,0.0,0.0,0.0,1.0,0.0,0.0,1.0,1232.0,3692.0,-3382.0,766.0,2,0.06972406503420077,-0.0025952226013430625,
2024-04-07 05:16:14.525000+00:00,9496.0,0.0,0.0,0.0,1.0,0.0,0.0,1.0,1232.0,3692.0,-3382.0,766.0,2,0.06972406503420077,-0.0025952226013430625,
2024-04-07 05:16:14.845000+00:00,9496.0,0.0,0.0,0.0,1.0,0.0,0.0,1.0,1232.0,3692.0,-3382.0,766.0,2,0.06972406503420077,-0.0025952226013430625,
2024-04-07 05:16:15.005000+00:00,9496.0,0.0,0.0,0.0,1.0,0.0,0.0,1.0,1232.0,3692.0,-3382.0,766.0,2,0.06972406503420077,-0.0025952226013430625,
2024-04-07 05:16:15.205000+00:00,9496.0,0.0,0.0,0.0,1.0,0.0,0.0,1.0,1232.0,3692.0,-3382.0,766.0,2,0.06972406503420077,-0.0025952226013430625,
2024-04-07 05:16:15.405000+00:00,9496.0,0.0,0.0,0.0,1.0,0.0,0.0,1.0,1232.0,3692.0,-3382.0,766.0,2,0.06972406503420077,-0.0025952226013430625,
2024-04-07 05:16:15.725000+00:00,9496.0,0.0,0.0,0.0,1.0,0.0,0.0,1.0,1232.0,3692.0,-3382.0,766.0,2,0.06972406503420077,-0.0025952226013430625,
2024-04-07 05:16:15.965000+00:00,9496.0,0.0,0.0,0.0,1.0,0.0,0.0,1.0,1232.0,3692.0,-3382.0,766.0,2,0.06972406503420077,-0.0025952226013430625,
2024-04-07 05:16:16.125000+00:00,9496.0,0.0,0.0,0.0,1.0,0.0,0.0,1.0,1232.0,3692.0,-3382.0,766.0,2,0.06972406503420077,-0.0025952226013430625,
2024-04-07 05:16:16.565000+00:00,9496.0,0.0,0.0,0.0,1.0,0.0,0.0,1.0,1232.0,3692.0,-3382.0,766.0,2,0.06972406503420077,-0.0025952226013430625,
2024-04-07 05:16:16.725000+00:00,9496.0,0.0,0.0,0.0,1.0,0.0,0.0,1.0,1232.0,3692.0,-3382.0,766.0,2,0.06972406503420077,-0.0025952226013430625,
2024-04-07 05:16:17.005000+00:00,9496.0,0.0,0.0,0.0,1.0,0.0,0.0,1.0,1232.0,3692.0,-3382.0,766.0,2,0.06972406503420077,-0.0025952226013430625,
2024-04-07 05:16:17.406000+00:00,9496.0,0.0,0.0,0.0,1.0,0.0,0.0,1.0,1232.0,3692.0,-3382.0,766.0,2,0.06972406503420077,-0.0025952226013430625,
2024-04-07 05:16:17.646000+00:00,9496.0,0.0,0.0,0.0,1.0,0.0,0.0,1.0,1232.0,3692.0,-3382.0,766.0,2,0.06972406503420077,-0.0025952226013430625,
2024-04-07 05:16:17.926000+00:00,9496.0,0.0,0.0,0.0,1.0,0.0,0.0,1.0,1232.0,3692.0,-3382.0,766.0,2,0.06972406503420077,-0.0025952226013430625,
2024-04-07 05:16:18.246000+00:00,9496.0,0.0,0.0,0.0,1.0,0.0,0.0,1.0,1232.0,3692.0,-3382.0,766.0,2,0.06972406503420077,-0.0025952226013430625,
2024-04-07 05:16:18.566000+00:00,9496.0,0.0,0.0,0.0,1.0,0.0,0.0,1.0,1232.0,3692.0,-3382.0,766.0,2,0.06972406503420077,-0.0025952226013430625,
2024-04-07 05:16:18.726000+00:00,9496.0,0.0,0.0,0.0,1.0,0.0,0.0,1.0,1232.0,3692.0,-3382.0,766.0,2,0.06972406503420077,-0.0025952226013430625,
2024-04-07 05:16:19.086000+00:00,9496.0,0.0,0.0,0.0,1.0,0.0,0.0,1.0,1232.0,3692.0,-3382.0,766.0,2,0.06972406503420077,-0.0025952226013430625,
2024-04-07 05:16:19.446000+00:00,9496.0,0.0,0.0,0.0,1.0,0.0,0.0,1.0,1232.0,3692.0,-3382.0,766.0,2,0.06972406503420077,-0.0025952226013430625,
2024-04-07 05:16:19.726000+00:00,9496.0,0.0,0.0,0.0,1.0,0.0,0.0,1.0,1232.0,3692.0,-3382.0,766.0,2,0.06972406503420077,-0.0025952226013430625,
2024-04-07 05:16:20.046000+00:00,9496.0,0.0,0.0,0.0,1.0,0.0,0.0,1.0,1232.0,3692.0,-3382.0,766.0,2,0.06972406503420077,-0.0025952226013430625,
2024-04-07 05:16:20.286000+00:00,9496.0,0.0,0.0,0.0,1.0,0.0,0.0,1.0,1232.0,3692.0,-3382.0,766.0,2,0.06972406503420077,-0.0025952226013430625,
2024-04-07 05:16:20.526000+00:00,9496.0,0.0,0.0,0.0,1.0,0.0,0.0,1.0,1232.0,3692.0,-3382.0,766.0,2,0.06972406503420077,-0.0025952226013430625,
2024-04-07 05:16:20.726000+00:00,9496.0,0.0,0.0,0.0,1.0,0.0,0.0,1.0,1232.0,3692.0,-3382.0,766.0,2,0.06972406503420077,-0.0025952226013430625,
2024-04-07 05:16:20.886000+00:00,9496.0,0.0,0.0,0.0,1.0,0.0,0.0,1.0,1232.0,3692.0,-3382.0,766.0,2,0.06972406503420077,-0.0025952226013430625,
2024-04-07 05:16:21.126000+00:00,9496.0,0.0,0.0,0.0,1.0,0.0,0.0,1.0,1232.0,3692.0,-3382.0,766.0,2,0.06972406503420077,-0.0025952226013430625,
2024-04-07 05:16:21.365000+00:00,9496.0,0.0,0.0,0.0,1.0,0.0,0.0,1.0,1232.0,3692.0,-3382.0,766.0,2,0.06972406503420077,-0.0025952226013430625,
2024-04-07 05:16:21.565000+00:00,9496.0,0.0,0.0,0.0,1.0,0.0,0.0,1.0,1232.0,3692.0,-3382.0,766.0,2,0.06972406503420077,-0.0025952226013430625,
2024-04-07 05:16:21.765000+00:00,9496.0,0.0,0.0,0.0,1.0,0.0,0.0,1.0,1232.0,3692.0,-3382.0,766.0,2,0.06972406503420077,-0.0025952226013430625,
2024-04-07 05:16:22.085000+00:00,9496.0,0.0,0.0,0.0,1.0,0.0,0.0,1.0,1232.0,3692.0,-3382.0,766.0,2,0.06972406503420077,-0.0025952226013430625,
2024-04-07 05:16:22.325000+00:00,9496.0,0.0,0.0,0.0,1.0,0.0,0.0,1.0,1232.0,3692.0,-3382.0,766.0,2,0.06972406503420077,-0.0025952226013430625,
2024-04-07 05:16:22.605000+00:00,9496.0,0.0,0.0,0.0,1.0,0.0,0.0,1.0,1232.0,3692.0,-3382.0,766.0,2,0.06972406503420077,-0.0025952226013430625,
2024-04-07 05:16:22.765000+00:00,9496.0,0.0,0.0,0.0,1.0,0.0,0.0,1.0,1232.0,3692.0,-3382.0,766.0,2,0.06972406503420077,-0.0025952226013430625,
2024-04-07 05:16:22.925000+00:00,9496.0,0.0,0.0,0.0,1.0,0.0,0.0,1.0,1232.0,3692.0,-3382.0,766.0,2,0.06972406503420077,-0.0025952226013430625,
2024-04-07 05:16:23.085000+00:00,9496.0,0.0,0.0,0.0,1.0,0.0,0.0,1.0,1232.0,3692.0,-3382.0,766.0,2,0.06972406503420077,-0.0025952226013430625,
2024-04-07 05:16:23.605000+00:00,9496.0,0.0,0.0,0.0,1.0,0.0,0.0,1.0,1232.0,3692.0,-3382.0,766.0,2,0.06972406503420077,-0.0025952226013430625,
2024-04-07 05:16:23.806000+00:00,9496.0,0.0,0.0,0.0,1.0,0.0,0.0,1.0,1232.0,3692.0,-3382.0,766.0,2,0.06972406503420077,-0.0025952226013430625,
2024-04-07 05:16:24.166000+00:00,9496.0,0.0,0.0,0.0,1.0,0.0,0.0,1.0,1232.0,3692.0,-3382.0,766.0,2,0.06972406503420077,-0.0025952226013430625,
2024-04-07 05:16:24.366000+00:00,9496.0,0.0,0.0,0.0,1.0,0.0,0.0,1.0,1232.0,3692.0,-3382.0,766.0,2,0.06972406503420077,-0.0025952226013430625,
2024-04-07 05:16:24.566000+00:00,9496.0,0.0,0.0,0.0,1.0,0.0,0.0,1.0,1232.0,3692.0,-3382.0,766.0,2,0.06972406503420077,-0.0025952226013430625,
2024-04-07 05:16:24.726000+00:00,9496.0,0.0,0.0,0.0,1.0,0.0,0.0,1.0,1232.0,3692.0,-3382.0,766.0,2,0.06972406503420077,-0.0025952226013430625,
2024-04-07 05:16:24.926000+00:00,9496.0,0.0,0.0,0.0,1.0,0.0,0.0,1.0,1232.0,3692.0,-3382.0,766.0,2,0.06972406503420077,-0.0025952226013430625,
2024-04-07 05:16:25.286000+00:00,9496.0,0.0,0.0,0.0,1.0,0.0,0.0,1.0,1232.0,3692.0,-3382.0,766.0,2,0.06972406503420077,-0.0025952226013430625,
2024-04-07 05:16:25.486000+00:00,9496.0,0.0,0.0,0.0,1.0,0.0,0.0,1.0,1232.0,3692.0,-3382.0,766.0,2,0.06972406503420077,-0.0025952226013430625,
2024-04-07 05:16:25.846000+00:00,9496.0,0.0,0.0,0.0,1.0,0.0,0.0,1.0,1232.0,3692.0,-3382.0,766.0,2,0.06972406503420077,-0.0025952226013430625,
2024-04-07 05:16:26.206000+00:00,9496.0,0.0,0.0,0.0,1.0,0.0,0.0,1.0,1232.0,3692.0,-3382.0,766.0,2,0.06972406503420077,-0.0025952226013430625,
2024-04-07 05:16:26.446000+00:00,9496.0,0.0,0.0,0.0,1.0,0.0,0.0,1.0,1232.0,3692.0,-3382.0,766.0,2,0.06972406503420077,-0.0025952226013430625,
2024-04-07 05:16:26.926000+00:00,9496.0,0.0,0.0,0.0,1.0,0.0,0.0,1.0,1232.0,3692.0,-3382.0,766.0,2,0.06972406503420077,-0.0025952226013430625,
2024-04-07 05:16:27.286000+00:00,9496.0,0.0,0.0,0.0,1.0,0.0,0.0,1.0,1232.0,3692.0,-3382.0,766.0,2,0.06972406503420077,-0.0025952226013430625,
2024-04-07 05:16:27.486000+00:00,9496.0,0.0,0.0,0.0,1.0,0.0,0.0,1.0,1232.0,3692.0,-3382.0,766.0,2,0.06972406503420077,-0.0025952226013430625,
2024-04-07 05:16:27.726000+00:00,9496.0,0.0,0.0,0.0,1.0,0.0,0.0,1.0,1232.0,3692.0,-3382.0,766.0,2,0.06972406503420077,-0.0025952226013430625,
2024-04-07 05:16:27.925000+00:00,9496.0,0.0,0.0,0.0,1.0,0.0,0.0,1.0,1232.0,3692.0,-3382.0,766.0,2,0.06972406503420077,-0.0025952226013430625,
2024-04-07 05:16:28.085000+00:00,9496.0,0.0,0.0,0.0,1.0,0.0,0.0,1.0,1232.0,3692.0,-3382.0,766.0,2,0.06972406503420077,-0.0025952226013430625,
2024-04-07 05:16:28.565000+00:00,9496.0,0.0,0.0,0.0,1.0,0.0,0.0,1.0,1232.0,3692.0,-3382.0,766.0,2,0.06972406503420077,-0.0025952226013430625,
2024-04-07 05:16:28.965000+00:00,9496.0,0.0,0.0,0.0,1.0,0.0,0.0,1.0,1232.0,3692.0,-3382.0,766.0,2,0.06972406503420077,-0.0025952226013430625,
2024-04-07 05:16:29.285000+00:00,9496.0,0.0,0.0,0.0,1.0,0.0,0.0,1.0,1232.0,3692.0,-3382.0,766.0,2,0.06972406503420077,-0.0025952226013430625,
2024-04-07 05:16:29.605000+00:00,9496.0,0.0,0.0,0.0,1.0,0.0,0.0,1.0,1232.0,3692.0,-3382.0,766.0,2,0.06972406503420077,-0.0025952226013430625,
2024-04-07 05:16:29.805000+00:00,9496.0,0.0,0.0,0.0,1.0,0.0,0.0,1.0,1232.0,3692.0,-3382.0,766.0,2,0.06972406503420077,-0.0025952226013430625,
2024-04-07 05:16:30.085000+00:00,9496.0,0.0,0.0,0.0,1.0,0.0,0.0,1.0,1232.0,3692.0,-3382.0,766.0,2,0.06972406503420077,-0.0025952226013430625,
2024-04-07 05:16:30.286000+00:00,9496.0,0.0,0.0,0.0,1.0,0.0,0.0,1.0,1232.0,3692.0,-3382.0,766.0,2,0.06972406503420077,-0.0025952226013430625,
2024-04-07 05:16:30.606000+00:00,9496.0,0.0,0.0,0.0,1.0,0.0,0.0,1.0,1232.0,3692.0,-3382.0,766.0,2,0.06972406503420077,-0.0025952226013430625,
2024-04-07 05:16:30.806000+00:00,9496.0,0.0,0.0,0.0,1.0,0.0,0.0,1.0,1232.0,3692.0,-3382.0,766.0,2,0.06972406503420077,-0.0025952226013430625,
2024-04-07 05:16:30.966000+00:00,9496.0,0.0,0.0,0.0,1.0,0.0,0.0,1.0,1232.0,3692.0,-3382.0,766.0,2,0.06972406503420077,-0.0025952226013430625,
2024-04-07 05:16:31.126000+00:00,9496.0,0.0,0.0,0.0,1.0,0.0,0.0,1.0,1232.0,3692.0,-3382.0,766.0,2,0.06972406503420077,-0.0025952226013430625,
2024-04-07 05:16:31.326000+00:00,9496.0,0.0,0.0,0.0,1.0,0.0,0.0,1.0,1232.0,3692.0,-3382.0,766.0,2,0.06972406503420077,-0.0025952226013430625,
2024-04-07 05:16:31.526000+00:00,9496.0,0.0,0.0,0.0,1.0,0.0,0.0,1.0,1232.0,3692.0,-3382.0,766.0,2,0.06972406503420077,-0.0025952226013430625,
2024-04-07 05:16:31.846000+00:00,9496.0,0.0,0.0,0.0,1.0,0.0,0.0,1.0,1232.0,3692.0,-3382.0,766.0,2,0.06972406503420077,-0.0025952226013430625,
2024-04-07 05:16:32.086000+00:00,9496.0,0.0,0.0,0.0,1.0,0.0,0.0,1.0,1232.0,3692.0,-3382.0,766.0,2,0.06972406503420077,-0.0025952226013430625,
2024-04-07 05:16:32.246000+00:00,9496.0,0.0,0.0,0.0,1.0,0.0,0.0,1.0,1232.0,3692.0,-3382.0,766.0,2,0.06972406503420077,-0.0025952226013430625,
2024-04-07 05:16:32.446000+00:00,9496.0,0.0,0.0,0.0,1.0,0.0,0.0,1.0,1232.0,3692.0,-3382.0,766.0,2,0.06972406503420077,-0.0025952226013430625,
2024-04-07 05:16:32.806000+00:00,9496.0,0.0,0.0,0.0,1.0,0.0,0.0,1.0,1232.0,3692.0,-3382.0,766.0,2,0.06972406503420077,-0.0025952226013430625,
2024-04-07 05:16:33.046000+00:00,9496.0,0.0,0.0,0.0,1.0,0.0,0.0,1.0,1232.0,3692.0,-3382.0,766.0,2,0.06972406503420077,-0.0025952226013430625,
2024-04-07 05:16:33.286000+00:00,9496.0,0.0,0.0,0.0,1.0,0.0,0.0,1.0,1232.0,3692.0,-3382.0,766.0,2,0.06972406503420077,-0.0025952226013430625,
2024-04-07 05:16:33.526000+00:00,9496.0,0.0,0.0,0.0,1.0,0.0,0.0,1.0,1232.0,3692.0,-3382.0,766.0,2,0.06972406503420077,-0.0025952226013430625,
2024-04-07 05:16:33.726000+00:00,9496.0,0.0,0.0,0.0,1.0,0.0,0.0,1.0,1232.0,3692.0,-3382.0,766.0,2,0.06972406503420077,-0.0025952226013430625,
2024-04-07 05:16:33.886000+00:00,9496.0,0.0,0.0,0.0,1.0,0.0,0.0,1.0,1232.0,3692.0,-3382.0,766.0,2,0.06972406503420077,-0.0025952226013430625,
2024-04-07 05:16:34.086000+00:00,9496.0,0.0,0.0,0.0,1.0,0.0,0.0,1.0,1232.0,3692.0,-3382.0,766.0,2,0.06972406503420077,-0.0025952226013430625,
2024-04-07 05:16:34.286000+00:00,9496.0,0.0,0.0,0.0,1.0,0.0,0.0,1.0,1232.0,3692.0,-3382.0,766.0,2,0.06972406503420077,-0.0025952226013430625,
2024-04-07 05:16:34.446000+00:00,9496.0,0.0,0.0,0.0,1.0,0.0,0.0,1.0,1232.0,3692.0,-3382.0,766.0,2,0.06972406503420077,-0.0025952226013430625,
2024-04-07 05:16:34.725000+00:00,9496.0,0.0,0.0,0.0,1.0,0.0,0.0,1.0,1232.0,3692.0,-3382.0,766.0,2,0.06972406503420077,-0.0025952226013430625,
2024-04-07 05:16:35.005000+00:00,9496.0,0.0,0.0,0.0,1.0,0.0,0.0,1.0,1232.0,3692.0,-3382.0,766.0,2,0.06972406503420077,-0.0025952226013430625,
2024-04-07 05:16:35.365000+00:00,9496.0,0.0,0.0,0.0,1.0,0.0,0.0,1.0,1232.0,3692.0,-3382.0,766.0,2,0.06972406503420077,-0.0025952226013430625,
2024-04-07 05:16:35.645000+00:00,9496.0,0.0,0.0,0.0,1.0,0.0,0.0,1.0,1232.0,3692.0,-3382.0,766.0,2,0.06972406503420077,-0.0025952226013430625,
2024-04-07 05:16:35.805000+00:00,9496.0,0.0,0.0,0.0,1.0,0.0,0.0,1.0,1232.0,3692.0,-3382.0,766.0,2,0.06972406503420077,-0.0025952226013430625,
2024-04-07 05:16:35.965000+00:00,9496.0,0.0,0.0,0.0,1.0,0.0,0.0,1.0,1232.0,3692.0,-3382.0,766.0,2,0.06972406503420077,-0.0025952226013430625,
2024-04-07 05:16:36.245000+00:00,9496.0,0.0,0.0,0.0,1.0,0.0,0.0,1.0,1232.0,3692.0,-3382.0,766.0,2,0.06972406503420077,-0.0025952226013430625,
2024-04-07 05:16:36.525000+00:00,9496.0,0.0,0.0,0.0,1.0,0.0,0.0,1.0,1232.0,3692.0,-3382.0,766.0,2,0.06972406503420077,-0.0025952226013430625,
2024-04-07 05:16:36.886000+00:00,9496.0,0.0,0.0,0.0,1.0,0.0,0.0,1.0,1232.0,3692.0,-3382.0,766.0,2,0.06972406503420077,-0.0025952226013430625,
2024-04-07 05:16:37.086000+00:00,9496.0,0.0,0.0,0.0,1.0,0.0,0.0,1.0,1232.0,3692.0,-3382.0,766.0,2,0.06972406503420077,-0.0025952226013430625,
2024-04-07 05:16:37.406000+00:00,9496.0,0.0,0.0,0.0,1.0,0.0,0.0,1.0,1232.0,3692.0,-3382.0,766.0,2,0.06972406503420077,-0.0025952226013430625,
2024-04-07 05:16:37.646000+00:00,9496.0,0.0,0.0,0.0,1.0,0.0,0.0,1.0,1232.0,3692.0,-3382.0,766.0,2,0.06972406503420077,-0.0025952226013430625,
2024-04-07 05:16:37.806000+00:00,9496.0,0.0,0.0,0.0,1.0,0.0,0.0,1.0,1232.0,3692.0,-3382.0,766.0,2,0.06972406503420077,-0.0025952226013430625,
2024-04-07 05:16:38.126000+00:00,9496.0,0.0,0.0,0.0,1.0,0.0,0.0,1.0,1232.0,3692.0,-3382.0,766.0,2,0.06972406503420077,-0.0025952226013430625,
2024-04-07 05:16:38.446000+00:00,9496.0,0.0,0.0,0.0,1.0,0.0,0.0,1.0,1232.0,3692.0,-3382.0,766.0,2,0.06972406503420077,-0.0025952226013430625,
2024-04-07 05:16:38.646000+00:00,9496.0,0.0,0.0,0.0,1.0,0.0,0.0,1.0,1232.0,3692.0,-3382.0,766.0,2,0.06972406503420077,-0.0025952226013430625,
2024-04-07 05:16:38.966000+00:00,9496.0,0.0,0.0,0.0,1.0,0.0,0.0,1.0,1232.0,3692.0,-3382.0,766.0,2,0.06972406503420077,-0.0025952226013430625,
2024-04-07 05:16:39.126000+00:00,9496.0,0.0,0.0,0.0,1.0,0.0,0.0,1.0,1232.0,3692.0,-3382.0,766.0,2,0.06972406503420077,-0.0025952226013430625,
2024-04-07 05:16:39.566000+00:00,9496.0,0.0,0.0,0.0,1.0,0.0,0.0,1.0,1232.0,3692.0,-3382.0,766.0,2,0.06972406503420077,-0.0025952226013430625,
2024-04-07 05:16:39.726000+00:00,9496.0,0.0,0.0,0.0,1.0,0.0,0.0,1.0,1232.0,3692.0,-3382.0,766.0,2,0.06972406503420077,-0.0025952226013430625,
2024-04-07 05:16:39.926000+00:00,9496.0,0.0,0.0,0.0,1.0,0.0,0.0,1.0,1232.0,3692.0,-3382.0,766.0,2,0.06972406503420077,-0.0025952226013430625,
2024-04-07 05:16:40.086000+00:00,9496.0,0.0,0.0,0.0,1.0,0.0,0.0,1.0,1232.0,3692.0,-3382.0,766.0,2,0.06972406503420077,-0.0025952226013430625,
2024-04-07 05:16:40.326000+00:00,9496.0,0.0,0.0,0.0,1.0,0.0,0.0,1.0,1232.0,3692.0,-3382.0,766.0,2,0.06972406503420077,-0.0025952226013430625,
2024-04-07 05:16:40.646000+00:00,9496.0,0.0,0.0,0.0,1.0,0.0,0.0,1.0,1232.0,3692.0,-3382.0,766.0,2,0.06972406503420077,-0.0025952226013430625,
2024-04-07 05:16:40.886000+00:00,9496.0,0.0,0.0,0.0,1.0,0.0,0.0,1.0,1232.0,3692.0,-3382.0,766.0,2,0.06972406503420077,-0.0025952226013430625,
2024-04-07 05:16:41.246000+00:00,9496.0,0.0,0.0,0.0,1.0,0.0,0.0,1.0,1232.0,3692.0,-3382.0,766.0,2,0.06972406503420077,-0.0025952226013430625,
2024-04-07 05:16:41.445000+00:00,9496.0,0.0,0.0,0.0,1.0,0.0,0.0,1.0,1232.0,3692.0,-3382.0,766.0,2,0.06972406503420077,-0.0025952226013430625,
2024-04-07 05:16:41.685000+00:00,9496.0,0.0,0.0,0.0,1.0,0.0,0.0,1.0,1232.0,3692.0,-3382.0,766.0,2,0.06972406503420077,-0.0025952226013430625,
2024-04-07 05:16:41.965000+00:00,9496.0,0.0,0.0,0.0,1.0,0.0,0.0,1.0,1232.0,3692.0,-3382.0,766.0,2,0.06972406503420077,-0.0025952226013430625,
2024-04-07 05:16:42.245000+00:00,9496.0,0.0,0.0,0.0,1.0,0.0,0.0,1.0,1232.0,3692.0,-3382.0,766.0,2,0.06972406503420077,-0.0025952226013430625,
2024-04-07 05:16:42.525000+00:00,9496.0,0.0,0.0,0.0,1.0,0.0,0.0,1.0,1232.0,3692.0,-3382.0,766.0,2,0.06972406503420077,-0.0025952226013430625,
2024-04-07 05:16:42.885000+00:00,9496.0,0.0,0.0,0.0,1.0,0.0,0.0,1.0,1232.0,3692.0,-3382.0,766.0,2,0.06972406503420077,-0.0025952226013430625,
2024-04-07 05:16:43.085000+00:00,9496.0,0.0,0.0,0.0,1.0,0.0,0.0,1.0,1232.0,3692.0,-3382.0,766.0,2,0.06972406503420077,-0.0025952226013430625,
2024-04-07 05:16:43.245000+00:00,9496.0,0.0,0.0,0.0,1.0,0.0,0.0,1.0,1232.0,3692.0,-3382.0,766.0,2,0.06972406503420077,-0.0025952226013430625,
2024-04-07 05:16:44.006000+00:00,9496.0,0.0,0.0,0.0,1.0,0.0,0.0,1.0,1232.0,3692.0,-3382.0,766.0,2,0.06972406503420077,-0.0025952226013430625,
2024-04-07 05:16:44.366000+00:00,9496.0,0.0,0.0,0.0,1.0,0.0,0.0,1.0,1232.0,3692.0,-3382.0,766.0,2,0.06972406503420077,-0.0025952226013430625,
2024-04-07 05:16:44.606000+00:00,9496.0,0.0,0.0,0.0,1.0,0.0,0.0,1.0,1232.0,3692.0,-3382.0,766.0,2,0.06972406503420077,-0.0025952226013430625,
2024-04-07 05:16:44.766000+00:00,9496.0,0.0,0.0,0.0,1.0,0.0,0.0,1.0,1232.0,3692.0,-3382.0,766.0,2,0.06972406503420077,-0.0025952226013430625,
2024-04-07 05:16:44.926000+00:00,9496.0,0.0,0.0,0.0,1.0,0.0,0.0,1.0,1232.0,3692.0,-3382.0,766.0,2,0.06972406503420077,-0.0025952226013430625,
2024-04-07 05:16:45.166000+00:00,9496.0,0.0,0.0,0.0,1.0,0.0,0.0,1.0,1232.0,3692.0,-3382.0,766.0,2,0.06972406503420077,-0.0025952226013430625,
2024-04-07 05:16:45.406000+00:00,9496.0,0.0,0.0,0.0,1.0,0.0,0.0,1.0,1232.0,3692.0,-3382.0,766.0,2,0.06972406503420077,-0.0025952226013430625,
2024-04-07 05:16:45.686000+00:00,9496.0,0.0,0.0,0.0,1.0,0.0,0.0,1.0,1232.0,3692.0,-3382.0,766.0,2,0.06972406503420077,-0.0025952226013430625,
2024-04-07 05:16:45.926000+00:00,9496.0,0.0,0.0,0.0,1.0,0.0,0.0,1.0,1232.0,3692.0,-3382.0,766.0,2,0.06972406503420077,-0.0025952226013430625,
2024-04-07 05:16:46.126000+00:00,9496.0,0.0,0.0,0.0,1.0,0.0,0.0,1.0,1232.0,3692.0,-3382.0,766.0,2,0.06972406503420077,-0.0025952226013430625,
2024-04-07 05:16:46.366000+00:00,9496.0,0.0,0.0,0.0,1.0,0.0,0.0,1.0,1232.0,3692.0,-3382.0,766.0,2,0.06972406503420077,-0.0025952226013430625,
2024-04-07 05:16:46.646000+00:00,9496.0,0.0,0.0,0.0,1.0,0.0,0.0,1.0,1232.0,3692.0,-3382.0,766.0,2,0.06972406503420077,-0.0025952226013430625,
2024-04-07 05:16:47.086000+00:00,9496.0,0.0,0.0,0.0,1.0,0.0,0.0,1.0,1232.0,3692.0,-3382.0,766.0,2,0.06972406503420077,-0.0025952226013430625,
2024-04-07 05:16:47.326000+00:00,9496.0,0.0,0.0,0.0,1.0,0.0,0.0,1.0,1232.0,3692.0,-3382.0,766.0,2,0.06972406503420077,-0.0025952226013430625,
2024-04-07 05:16:47.686000+00:00,9496.0,0.0,0.0,0.0,1.0,0.0,0.0,1.0,1232.0,3692.0,-3382.0,766.0,2,0.06972406503420077,-0.0025952226013430625,
2024-04-07 05:16:47.926000+00:00,9496.0,0.0,0.0,0.0,1.0,0.0,0.0,1.0,1232.0,3692.0,-3382.0,766.0,2,0.06972406503420077,-0.0025952226013430625,
2024-04-07 05:16:48.125000+00:00,9496.0,0.0,0.0,0.0,1.0,0.0,0.0,1.0,1232.0,3692.0,-3382.0,766.0,2,0.06972406503420077,-0.0025952226013430625,
2024-04-07 05:16:48.325000+00:00,9496.0,0.0,0.0,0.0,1.0,0.0,0.0,1.0,1232.0,3692.0,-3382.0,766.0,2,0.06972406503420077,-0.0025952226013430625,
2024-04-07 05:16:49.125000+00:00,9496.0,0.0,0.0,0.0,1.0,0.0,0.0,1.0,1232.0,3692.0,-3382.0,766.0,2,0.06972406503420077,-0.0025952226013430625,
2024-04-07 05:16:49.325000+00:00,9496.0,0.0,0.0,0.0,1.0,0.0,0.0,1.0,1232.0,3692.0,-3382.0,766.0,2,0.06972406503420077,-0.0025952226013430625,
2024-04-07 05:16:49.485000+00:00,9496.0,0.0,0.0,0.0,1.0,0.0,0.0,1.0,1232.0,3692.0,-3382.0,766.0,2,0.06972406503420077,-0.0025952226013430625,
2024-04-07 05:16:49.805000+00:00,9496.0,0.0,0.0,0.0,1.0,0.0,0.0,1.0,1232.0,3692.0,-3382.0,766.0,2,0.06972406503420077,-0.0025952226013430625,
2024-04-07 05:16:50.166000+00:00,9496.0,0.0,0.0,0.0,1.0,0.0,0.0,1.0,1232.0,3692.0,-3382.0,766.0,2,0.06972406503420077,-0.0025952226013430625,
2024-04-07 05:16:50.486000+00:00,9496.0,0.0,0.0,0.0,1.0,0.0,0.0,1.0,1232.0,3692.0,-3382.0,766.0,2,0.06972406503420077,-0.0025952226013430625,
2024-04-07 05:16:50.646000+00:00,9496.0,0.0,0.0,0.0,1.0,0.0,0.0,1.0,1232.0,3692.0,-3382.0,766.0,2,0.06972406503420077,-0.0025952226013430625,
2024-04-07 05:16:50.966000+00:00,9496.0,0.0,0.0,0.0,1.0,0.0,0.0,1.0,1232.0,3692.0,-3382.0,766.0,2,0.06972406503420077,-0.0025952226013430625,
2024-04-07 05:16:51.166000+00:00,9496.0,0.0,0.0,0.0,1.0,0.0,0.0,1.0,1232.0,3692.0,-3382.0,766.0,2,0.06972406503420077,-0.0025952226013430625,
2024-04-07 05:16:51.526000+00:00,9496.0,0.0,0.0,0.0,1.0,0.0,0.0,1.0,1232.0,3692.0,-3382.0,766.0,2,0.06972406503420077,-0.0025952226013430625,
2024-04-07 05:16:51.846000+00:00,9496.0,0.0,0.0,0.0,1.0,0.0,0.0,1.0,1232.0,3692.0,-3382.0,766.0,2,0.06972406503420077,-0.0025952226013430625,
2024-04-07 05:16:52.086000+00:00,9496.0,0.0,0.0,0.0,1.0,0.0,0.0,1.0,1232.0,3692.0,-3382.0,766.0,2,0.06972406503420077,-0.0025952226013430625,
2024-04-07 05:16:52.406000+00:00,9496.0,0.0,0.0,0.0,1.0,0.0,0.0,1.0,1232.0,3692.0,-3382.0,766.0,2,0.06972406503420077,-0.0025952226013430625,
2024-04-07 05:16:52.726000+00:00,9496.0,0.0,0.0,0.0,1.0,0.0,0.0,1.0,1232.0,3692.0,-3382.0,766.0,2,0.06972406503420077,-0.0025952226013430625,
2024-04-07 05:16:52.966000+00:00,9496.0,0.0,0.0,0.0,1.0,0.0,0.0,1.0,1232.0,3692.0,-3382.0,766.0,2,0.06972406503420077,-0.0025952226013430625,
2024-04-07 05:16:53.286000+00:00,9496.0,0.0,0.0,0.0,1.0,0.0,0.0,1.0,1232.0,3692.0,-3382.0,766.0,2,0.06972406503420077,-0.0025952226013430625,
2024-04-07 05:16:53.446000+00:00,9496.0,0.0,0.0,0.0,1.0,0.0,0.0,1.0,1232.0,3692.0,-3382.0,766.0,2,0.06972406503420077,-0.0025952226013430625,
2024-04-07 05:16:53.966000+00:00,9496.0,0.0,0.0,0.0,1.0,0.0,0.0,1.0,1232.0,3692.0,-3382.0,766.0,2,0.06972406503420077,-0.0025952226013430625,
2024-04-07 05:16:54.246000+00:00,9496.0,0.0,0.0,0.0,1.0,0.0,0.0,1.0,1232.0,3692.0,-3382.0,766.0,2,0.06972406503420077,-0.0025952226013430625,
2024-04-07 05:16:54.606000+00:00,9496.0,0.0,0.0,0.0,1.0,0.0,0.0,1.0,1232.0,3692.0,-3382.0,766.0,2,0.06972406503420077,-0.0025952226013430625,
2024-04-07 05:16:54.965000+00:00,9496.0,0.0,0.0,0.0,1.0,0.0,0.0,1.0,1232.0,3692.0,-3382.0,766.0,2,0.06972406503420077,-0.0025952226013430625,
2024-04-07 05:16:55.205000+00:00,9496.0,0.0,0.0,0.0,1.0,0.0,0.0,1.0,1232.0,3692.0,-3382.0,766.0,2,0.06972406503420077,-0.0025952226013430625,
2024-04-07 05:16:55.405000+00:00,9496.0,0.0,0.0,0.0,1.0,0.0,0.0,1.0,1232.0,3692.0,-3382.0,766.0,2,0.06972406503420077,-0.0025952226013430625,
2024-04-07 05:16:55.645000+00:00,9496.0,0.0,0.0,0.0,1.0,0.0,0.0,1.0,1232.0,3692.0,-3382.0,766.0,2,0.06972406503420077,-0.0025952226013430625,
2024-04-07 05:16:55.965000+00:00,9496.0,0.0,0.0,0.0,1.0,0.0,0.0,1.0,1232.0,3692.0,-3382.0,766.0,2,0.06972406503420077,-0.0025952226013430625,
2024-04-07 05:16:56.245000+00:00,9496.0,0.0,0.0,0.0,1.0,0.0,0.0,1.0,1232.0,3692.0,-3382.0,766.0,2,0.06972406503420077,-0.0025952226013430625,
2024-04-07 05:16:56.405000+00:00,9496.0,0.0,0.0,0.0,1.0,0.0,0.0,1.0,1232.0,3692.0,-3382.0,766.0,2,0.06972406503420077,-0.0025952226013430625,
2024-04-07 05:16:56.766000+00:00,9496.0,0.0,0.0,0.0,1.0,0.0,0.0,1.0,1232.0,3692.0,-3382.0,766.0,2,0.06972406503420077,-0.0025952226013430625,
2024-04-07 05:16:56.966000+00:00,9496.0,0.0,0.0,0.0,1.0,0.0,0.0,1.0,1232.0,3692.0,-3382.0,766.0,2,0.06972406503420077,-0.0025952226013430625,
2024-04-07 05:16:57.166000+00:00,9496.0,0.0,0.0,0.0,1.0,0.0,0.0,1.0,1232.0,3692.0,-3382.0,766.0,2,0.06972406503420077,-0.0025952226013430625,
2024-04-07 05:16:57.366000+00:00,9496.0,0.0,0.0,0.0,1.0,0.0,0.0,1.0,1232.0,3692.0,-3382.0,766.0,2,0.06972406503420077,-0.0025952226013430625,
2024-04-07 05:16:57.646000+00:00,9496.0,0.0,0.0,0.0,1.0,0.0,0.0,1.0,1232.0,3692.0,-3382.0,766.0,2,0.06972406503420077,-0.0025952226013430625,
2024-04-07 05:16:57.966000+00:00,9496.0,0.0,0.0,0.0,1.0,0.0,0.0,1.0,1232.0,3692.0,-3382.0,766.0,2,0.06972406503420077,-0.0025952226013430625,
2024-04-07 05:16:58.206000+00:00,9496.0,0.0,0.0,0.0,1.0,0.0,0.0,1.0,1232.0,3692.0,-3382.0,766.0,2,0.06972406503420077,-0.0025952226013430625,
2024-04-07 05:16:58.566000+00:00,9496.0,0.0,0.0,0.0,1.0,0.0,0.0,1.0,1232.0,3692.0,-3382.0,766.0,2,0.06972406503420077,-0.0025952226013430625,
2024-04-07 05:16:58.726000+00:00,9496.0,0.0,0.0,0.0,1.0,0.0,0.0,1.0,1232.0,3692.0,-3382.0,766.0,2,0.06972406503420077,-0.0025952226013430625,
2024-04-07 05:16:58.966000+00:00,9496.0,0.0,0.0,0.0,1.0,0.0,0.0,1.0,1232.0,3692.0,-3382.0,766.0,2,0.06972406503420077,-0.0025952226013430625,
2024-04-07 05:16:59.366000+00:00,9496.0,0.0,0.0,0.0,1.0,0.0,0.0,1.0,1232.0,3692.0,-3382.0,766.0,2,0.06972406503420077,-0.0025952226013430625,
2024-04-07 05:16:59.526000+00:00,9496.0,0.0,0.0,0.0,1.0,0.0,0.0,1.0,1232.0,3692.0,-3382.0,766.0,2,0.06972406503420077,-0.0025952226013430625,
2024-04-07 05:16:59.846000+00:00,9496.0,0.0,0.0,0.0,1.0,0.0,0.0,1.0,1232.0,3692.0,-3382.0,766.0,2,0.06972406503420077,-0.0025952226013430625,
2024-04-07 05:17:00.006000+00:00,9496.0,0.0,0.0,0.0,1.0,0.0,0.0,1.0,1232.0,3692.0,-3382.0,766.0,2,0.06972406503420077,-0.0025952226013430625,
2024-04-07 05:17:00.206000+00:00,9496.0,0.0,0.0,0.0,1.0,0.0,0.0,1.0,1232.0,3692.0,-3382.0,766.0,2,0.06972406503420077,-0.0025952226013430625,
2024-04-07 05:17:00.486000+00:00,9496.0,0.0,0.0,0.0,1.0,0.0,0.0,1.0,1232.0,3692.0,-3382.0,766.0,2,0.06972406503420077,-0.0025952226013430625,
2024-04-07 05:17:00.646000+00:00,9496.0,0.0,0.0,0.0,1.0,0.0,0.0,1.0,1232.0,3692.0,-3382.0,766.0,2,0.06972406503420077,-0.0025952226013430625,
2024-04-07 05:17:00.846000+00:00,9496.0,0.0,0.0,0.0,1.0,0.0,0.0,1.0,1232.0,3692.0,-3382.0,766.0,2,0.06972406503420077,-0.0025952226013430625,
2024-04-07 05:17:01.246000+00:00,9496.0,0.0,0.0,0.0,1.0,0.0,0.0,1.0,1232.0,3692.0,-3382.0,766.0,2,0.06972406503420077,-0.0025952226013430625,
2024-04-07 05:17:01.486000+00:00,9496.0,0.0,0.0,0.0,1.0,0.0,0.0,1.0,1232.0,3692.0,-3382.0,766.0,2,0.06972406503420077,-0.0025952226013430625,
2024-04-07 05:17:01.765000+00:00,9496.0,0.0,0.0,0.0,1.0,0.0,0.0,1.0,1232.0,3692.0,-3382.0,766.0,2,0.06972406503420077,-0.0025952226013430625,
2024-04-07 05:17:02.045000+00:00,9496.0,0.0,0.0,0.0,1.0,0.0,0.0,1.0,1232.0,3692.0,-3382.0,766.0,2,0.06972406503420077,-0.0025952226013430625,
2024-04-07 05:17:02.525000+00:00,9496.0,0.0,0.0,0.0,1.0,0.0,0.0,1.0,1232.0,3692.0,-3382.0,766.0,2,0.06972406503420077,-0.0025952226013430625,
2024-04-07 05:17:02.925000+00:00,9496.0,0.0,0.0,0.0,1.0,0.0,0.0,1.0,1232.0,3692.0,-3382.0,766.0,2,0.06972406503420077,-0.0025952226013430625,
2024-04-07 05:17:03.366000+00:00,9496.0,0.0,0.0,0.0,1.0,0.0,0.0,1.0,1232.0,3692.0,-3382.0,766.0,2,0.06972406503420077,-0.0025952226013430625,
2024-04-07 05:17:03.526000+00:00,9496.0,0.0,0.0,0.0,1.0,0.0,0.0,1.0,1232.0,3692.0,-3382.0,766.0,2,0.06972406503420077,-0.0025952226013430625,
2024-04-07 05:17:03.766000+00:00,9496.0,0.0,0.0,0.0,1.0,0.0,0.0,1.0,1232.0,3692.0,-3382.0,766.0,2,0.06972406503420077,-0.0025952226013430625,
2024-04-07 05:17:03.966000+00:00,9496.0,0.0,0.0,0.0,1.0,0.0,0.0,1.0,1232.0,3692.0,-3382.0,766.0,2,0.06972406503420077,-0.0025952226013430625,
2024-04-07 05:17:04.166000+00:00,9496.0,0.0,0.0,0.0,1.0,0.0,0.0,1.0,1232.0,3692.0,-3382.0,766.0,2,0.06972406503420077,-0.0025952226013430625,
2024-04-07 05:17:04.406000+00:00,9496.0,0.0,0.0,0.0,1.0,0.0,0.0,1.0,1232.0,3692.0,-3382.0,766.0,2,0.06972406503420077,-0.0025952226013430625,
2024-04-07 05:17:04.766000+00:00,9496.0,0.0,0.0,0.0,1.0,0.0,0.0,1.0,1232.0,3692.0,-3382.0,766.0,2,0.06972406503420077,-0.0025952226013430625,
2024-04-07 05:17:04.966000+00:00,9496.0,0.0,0.0,0.0,1.0,0.0,0.0,1.0,1232.0,3692.0,-3382.0,766.0,2,0.06972406503420077,-0.0025952226013430625,
2024-04-07 05:17:05.206000+00:00,9496.0,0.0,0.0,0.0,1.0,0.0,0.0,1.0,1232.0,3692.0,-3382.0,766.0,2,0.06972406503420077,-0.0025952226013430625,
2024-04-07 05:17:05.406000+00:00,9496.0,0.0,0.0,0.0,1.0,0.0,0.0,1.0,1232.0,3692.0,-3382.0,766.0,2,0.06972406503420077,-0.0025952226013430625,
2024-04-07 05:17:05.846000+00:00,9496.0,0.0,0.0,0.0,1.0,0.0,0.0,1.0,1232.0,3692.0,-3382.0,766.0,2,0.06972406503420077,-0.0025952226013430625,
2024-04-07 05:17:06.046000+00:00,9496.0,0.0,0.0,0.0,1.0,0.0,0.0,1.0,1232.0,3692.0,-3382.0,766.0,2,0.06972406503420077,-0.0025952226013430625,
2024-04-07 05:17:06.366000+00:00,9496.0,0.0,0.0,0.0,1.0,0.0,0.0,1.0,1232.0,3692.0,-3382.0,766.0,2,0.06972406503420077,-0.0025952226013430625,
2024-04-07 05:17:06.566000+00:00,9496.0,0.0,0.0,0.0,1.0,0.0,0.0,1.0,1232.0,3692.0,-3382.0,766.0,2,0.06972406503420077,-0.0025952226013430625,
2024-04-07 05:17:06.886000+00:00,9496.0,0.0,0.0,0.0,1.0,0.0,0.0,1.0,1232.0,3692.0,-3382.0,766.0,2,0.06972406503420077,-0.0025952226013430625,
2024-04-07 05:17:07.246000+00:00,9496.0,0.0,0.0,0.0,1.0,0.0,0.0,1.0,1232.0,3692.0,-3382.0,766.0,2,0.06972406503420077,-0.0025952226013430625,
2024-04-07 05:17:07.406000+00:00,9496.0,0.0,0.0,0.0,1.0,0.0,0.0,1.0,1232.0,3692.0,-3382.0,766.0,2,0.06972406503420077,-0.0025952226013430625,
2024-04-07 05:17:07.566000+00:00,9496.0,0.0,0.0,0.0,1.0,0.0,0.0,1.0,1232.0,3692.0,-3382.0,766.0,2,0.06972406503420077,-0.0025952226013430625,
2024-04-07 05:17:07.806000+00:00,9496.0,0.0,0.0,0.0,1.0,0.0,0.0,1.0,1232.0,3692.0,-3382.0,766.0,2,0.06972406503420077,-0.0025952226013430625,
2024-04-07 05:17:08.126000+00:00,9496.0,0.0,0.0,0.0,1.0,0.0,0.0,1.0,1232.0,3692.0,-3382.0,766.0,2,0.06972406503420077,-0.0025952226013430625,
2024-04-07 05:17:08.565000+00:00,9496.0,0.0,0.0,0.0,1.0,0.0,0.0,1.0,1232.0,3692.0,-3382.0,766.0,2,0.06972406503420077,-0.0025952226013430625,
2024-04-07 05:17:08.765000+00:00,9496.0,0.0,0.0,0.0,1.0,0.0,0.0,1.0,1232.0,3692.0,-3382.0,766.0,2,0.06972406503420077,-0.0025952226013430625,
2024-04-07 05:17:09.125000+00:00,9496.0,0.0,0.0,0.0,1.0,0.0,0.0,1.0,1232.0,3692.0,-3382.0,766.0,2,0.06972406503420077,-0.0025952226013430625,
2024-04-07 05:17:09.445000+00:00,9496.0,0.0,0.0,0.0,1.0,0.0,0.0,1.0,1232.0,3692.0,-3382.0,766.0,2,0.06972406503420077,-0.0025952226013430625,
2024-04-07 05:17:09.605000+00:00,9496.0,0.0,0.0,0.0,1.0,0.0,0.0,1.0,1232.0,3692.0,-3382.0,766.0,2,0.06972406503420077,-0.0025952226013430625,
2024-04-07 05:17:09.886000+00:00,9496.0,0.0,0.0,0.0,1.0,0.0,0.0,1.0,1232.0,3692.0,-3382.0,766.0,2,0.06972406503420077,-0.0025952226013430625,
2024-04-07 05:17:10.166000+00:00,9496.0,0.0,0.0,0.0,1.0,0.0,0.0,1.0,1232.0,3692.0,-3382.0,766.0,2,0.06972406503420077,-0.0025952226013430625,
2024-04-07 05:17:10.326000+00:00,9496.0,0.0,0.0,0.0,1.0,0.0,0.0,1.0,1232.0,3692.0,-3382.0,766.0,2,0.06972406503420077,-0.0025952226013430625,
2024-04-07 05:17:10.606000+00:00,9496.0,0.0,0.0,0.0,1.0,0.0,0.0,1.0,1232.0,3692.0,-3382.0,766.0,2,0.06972406503420077,-0.0025952226013430625,
2024-04-07 05:17:10.806000+00:00,9496.0,0.0,0.0,0.0,1.0,0.0,0.0,1.0,1232.0,3692.0,-3382.0,766.0,2,0.06972406503420077,-0.0025952226013430625,
2024-04-07 05:17:11.006000+00:00,9496.0,0.0,0.0,0.0,1.0,0.0,0.0,1.0,1232.0,3692.0,-3382.0,766.0,2,0.06972406503420077,-0.0025952226013430625,
2024-04-07 05:17:11.326000+00:00,9496.0,0.0,0.0,0.0,1.0,0.0,0.0,1.0,1232.0,3692.0,-3382.0,766.0,2,0.06972406503420077,-0.0025952226013430625,
2024-04-07 05:17:11.686000+00:00,9496.0,0.0,0.0,0.0,1.0,0.0,0.0,1.0,1232.0,3692.0,-3382.0,766.0,2,0.06972406503420077,-0.0025952226013430625,
2024-04-07 05:17:11.846000+00:00,9496.0,0.0,0.0,0.0,1.0,0.0,0.0,1.0,1232.0,3692.0,-3382.0,766.0,2,0.06972406503420077,-0.0025952226013430625,
2024-04-07 05:17:12.166000+00:00,9496.0,0.0,0.0,0.0,1.0,0.0,0.0,1.0,1232.0,3692.0,-3382.0,766.0,2,0.06972406503420077,-0.0025952226013430625,
2024-04-07 05:17:12.526000+00:00,9496.0,0.0,0.0,0.0,1.0,0.0,0.0,1.0,1232.0,3692.0,-3382.0,766.0,2,0.06972406503420077,-0.0025952226013430625,
2024-04-07 05:17:12.926000+00:00,9496.0,0.0,0.0,0.0,1.0,0.0,0.0,1.0,1232.0,3692.0,-3382.0,766.0,2,0.06972406503420077,-0.0025952226013430625,
2024-04-07 05:17:13.326000+00:00,9496.0,0.0,0.0,0.0,1.0,0.0,0.0,1.0,1232.0,3692.0,-3382.0,766.0,2,0.06972406503420077,-0.0025952226013430625,
2024-04-07 05:17:13.486000+00:00,9496.0,0.0,0.0,0.0,1.0,0.0,0.0,1.0,1232.0,3692.0,-3382.0,766.0,2,0.06972406503420077,-0.0025952226013430625,
2024-04-07 05:17:13.686000+00:00,9496.0,0.0,0.0,0.0,1.0,0.0,0.0,1.0,1232.0,3692.0,-3382.0,766.0,2,0.06972406503420077,-0.0025952226013430625,
2024-04-07 05:17:13.966000+00:00,9496.0,0.0,0.0,0.0,1.0,0.0,0.0,1.0,1232.0,3692.0,-3382.0,766.0,2,0.06972406503420077,-0.0025952226013430625,
2024-04-07 05:17:14.166000+00:00,9496.0,0.0,0.0,0.0,1.0,0.0,0.0,1.0,1232.0,3692.0,-3382.0,766.0,2,0.06972406503420077,-0.0025952226013430625,
2024-04-07 05:17:14.366000+00:00,9496.0,0.0,0.0,0.0,1.0,0.0,0.0,1.0,1232.0,3692.0,-3382.0,766.0,2,0.06972406503420077,-0.0025952226013430625,
2024-04-07 05:17:14.846000+00:00,9496.0,0.0,0.0,0.0,1.0,0.0,0.0,1.0,1232.0,3692.0,-3382.0,766.0,2,0.06972406503420077,-0.0025952226013430625,
2024-04-07 05:17:15.045000+00:00,9496.0,0.0,0.0,0.0,1.0,0.0,0.0,1.0,1232.0,3692.0,-3382.0,766.0,2,0.06972406503420077,-0.0025952226013430625,
2024-04-07 05:17:15.245000+00:00,9496.0,0.0,0.0,0.0,1.0,0.0,0.0,1.0,1232.0,3692.0,-3382.0,766.0,2,0.06972406503420077,-0.0025952226013430625,
2024-04-07 05:17:15.685000+00:00,9496.0,0.0,0.0,0.0,1.0,0.0,0.0,1.0,1232.0,3692.0,-3382.0,766.0,2,0.06972406503420077,-0.0025952226013430625,
2024-04-07 05:17:15.965000+00:00,9496.0,0.0,0.0,0.0,1.0,0.0,0.0,1.0,1232.0,3692.0,-3382.0,766.0,2,0.06972406503420077,-0.0025952226013430625,
2024-04-07 05:17:16.165000+00:00,9496.0,0.0,0.0,0.0,1.0,0.0,0.0,1.0,1232.0,3692.0,-3382.0,766.0,2,0.06972406503420077,-0.0025952226013430625,
2024-04-07 05:17:16.366000+00:00,9496.0,0.0,0.0,0.0,1.0,0.0,0.0,1.0,1232.0,3692.0,-3382.0,766.0,2,0.06972406503420077,-0.0025952226013430625,
2024-04-07 05:17:16.566000+00:00,9496.0,0.0,0.0,0.0,1.0,0.0,0.0,1.0,1232.0,3692.0,-3382.0,766.0,2,0.06972406503420077,-0.0025952226013430625,
2024-04-07 05:17:16.726000+00:00,9496.0,0.0,0.0,0.0,1.0,0.0,0.0,1.0,1232.0,3692.0,-3382.0,766.0,2,0.06972406503420077,-0.0025952226013430625,
2024-04-07 05:17:17.046000+00:00,9496.0,0.0,0.0,0.0,1.0,0.0,0.0,1.0,1232.0,3692.0,-3382.0,766.0,2,0.06972406503420077,-0.0025952226013430625,
2024-04-07 05:17:17.246000+00:00,9496.0,0.0,0.0,0.0,1.0,0.0,0.0,1.0,1232.0,3692.0,-3382.0,766.0,2,0.06972406503420077,-0.0025952226013430625,
2024-04-07 05:17:17.446000+00:00,9496.0,0.0,0.0,0.0,1.0,0.0,0.0,1.0,1232.0,3692.0,-3382.0,766.0,2,0.06972406503420077,-0.0025952226013430625,
2024-04-07 05:17:17.806000+00:00,9496.0,0.0,0.0,0.0,1.0,0.0,0.0,1.0,1232.0,3692.0,-3382.0,766.0,2,0.06972406503420077,-0.0025952226013430625,
2024-04-07 05:17:18.086000+00:00,9496.0,0.0,0.0,0.0,1.0,0.0,0.0,1.0,1232.0,3692.0,-3382.0,766.0,2,0.06972406503420077,-0.0025952226013430625,
2024-04-07 05:17:18.366000+00:00,9496.0,0.0,0.0,0.0,1.0,0.0,0.0,1.0,1232.0,3692.0,-3382.0,766.0,2,0.06972406503420077,-0.0025952226013430625,
2024-04-07 05:17:18.606000+00:00,9496.0,0.0,0.0,0.0,1.0,0.0,0.0,1.0,1232.0,3692.0,-3382.0,766.0,2,0.06972406503420077,-0.0025952226013430625,
2024-04-07 05:17:18.966000+00:00,9496.0,0.0,0.0,0.0,1.0,0.0,0.0,1.0,1232.0,3692.0,-3382.0,766.0,2,0.06972406503420077,-0.0025952226013430625,
2024-04-07 05:17:19.166000+00:00,9496.0,0.0,0.0,0.0,1.0,0.0,0.0,1.0,1232.0,3692.0,-3382.0,766.0,2,0.06972406503420077,-0.0025952226013430625,
2024-04-07 05:17:19.406000+00:00,9496.0,0.0,0.0,0.0,1.0,0.0,0.0,1.0,1232.0,3692.0,-3382.0,766.0,2,0.06972406503420077,-0.0025952226013430625,
2024-04-07 05:17:20.646000+00:00,9496.0,0.0,0.0,0.0,1.0,0.0,0.0,1.0,1232.0,3692.0,-3382.0,766.0,2,0.06972406503420077,-0.0025952226013430625,
2024-04-07 05:17:21.006000+00:00,9496.0,0.0,0.0,0.0,1.0,0.0,0.0,1.0,1232.0,3692.0,-3382.0,766.0,2,0.06972406503420077,-0.0025952226013430625,
2024-04-07 05:17:21.326000+00:00,9496.0,0.0,0.0,0.0,1.0,0.0,0.0,1.0,1232.0,3692.0,-3382.0,766.0,2,0.06972406503420077,-0.0025952226013430625,
2024-04-07 05:17:21.566000+00:00,9496.0,0.0,0.0,0.0,1.0,0.0,0.0,1.0,1232.0,3692.0,-3382.0,766.0,2,0.06972406503420077,-0.0025952226013430625,
2024-04-07 05:17:21.845000+00:00,9496.0,0.0,0.0,0.0,1.0,0.0,0.0,1.0,1232.0,3692.0,-3382.0,766.0,2,0.06972406503420077,-0.0025952226013430625,
2024-04-07 05:17:22.045000+00:00,9496.0,0.0,0.0,0.0,1.0,0.0,0.0,1.0,1232.0,3692.0,-3382.0,766.0,2,0.06972406503420077,-0.0025952226013430625,
2024-04-07 05:17:22.285000+00:00,9496.0,0.0,0.0,0.0,1.0,0.0,0.0,1.0,1232.0,3692.0,-3382.0,766.0,2,0.06972406503420077,-0.0025952226013430625,
2024-04-07 05:17:22.725000+00:00,9496.0,0.0,0.0,0.0,1.0,0.0,0.0,1.0,1232.0,3692.0,-3382.0,766.0,2,0.06972406503420077,-0.0025952226013430625,
2024-04-07 05:17:23.086000+00:00,9496.0,0.0,0.0,0.0,1.0,0.0,0.0,1.0,1232.0,3692.0,-3382.0,766.0,2,0.06972406503420077,-0.0025952226013430625,
2024-04-07 05:17:23.446000+00:00,9496.0,0.0,0.0,0.0,1.0,0.0,0.0,1.0,1232.0,3692.0,-3382.0,766.0,2,0.06972406503420077,-0.0025952226013430625,
2024-04-07 05:17:23.766000+00:00,9496.0,0.0,0.0,0.0,1.0,0.0,0.0,1.0,1232.0,3692.0,-3382.0,766.0,2,0.06972406503420077,-0.0025952226013430625,
2024-04-07 05:17:24.086000+00:00,9496.0,0.0,0.0,0.0,1.0,0.0,0.0,1.0,1232.0,3692.0,-3382.0,766.0,2,0.06972406503420077,-0.0025952226013430625,
2024-04-07 05:17:24.286000+00:00,9496.0,0.0,0.0,0.0,1.0,0.0,0.0,1.0,1232.0,3692.0,-3382.0,766.0,2,0.06972406503420077,-0.0025952226013430625,
2024-04-07 05:17:24.486000+00:00,9496.0,0.0,0.0,0.0,1.0,0.0,0.0,1.0,1232.0,3692.0,-3382.0,766.0,2,0.06972406503420077,-0.0025952226013430625,
2024-04-07 05:17:24.766000+00:00,9496.0,0.0,0.0,0.0,1.0,0.0,0.0,1.0,1232.0,3692.0,-3382.0,766.0,2,0.06972406503420077,-0.0025952226013430625,
2024-04-07 05:17:25.046000+00:00,9496.0,0.0,0.0,0.0,1.0,0.0,0.0,1.0,1232.0,3692.0,-3382.0,766.0,2,0.06972406503420077,-0.0025952226013430625,
2024-04-07 05:17:25.366000+00:00,9496.0,0.0,0.0,0.0,1.0,0.0,0.0,1.0,1232.0,3692.0,-3382.0,766.0,2,0.06972406503420077,-0.0025952226013430625,
2024-04-07 05:17:25.566000+00:00,9496.0,0.0,0.0,0.0,1.0,0.0,0.0,1.0,1232.0,3692.0,-3382.0,766.0,2,0.06972406503420077,-0.0025952226013430625,
2024-04-07 05:17:25.926000+00:00,9496.0,0.0,0.0,0.0,1.0,0.0,0.0,1.0,1232.0,3692.0,-3382.0,766.0,2,0.06972406503420077,-0.0025952226013430625,
2024-04-07 05:17:26.366000+00:00,9496.0,0.0,0.0,0.0,1.0,0.0,0.0,1.0,1232.0,3692.0,-3382.0,766.0,2,0.06972406503420077,-0.0025952226013430625,
2024-04-07 05:17:26.606000+00:00,9496.0,0.0,0.0,0.0,1.0,0.0,0.0,1.0,1232.0,3692.0,-3382.0,766.0,2,0.06972406503420077,-0.0025952226013430625,
2024-04-07 05:17:26.766000+00:00,9496.0,0.0,0.0,0.0,1.0,0.0,0.0,1.0,1232.0,3692.0,-3382.0,766.0,2,0.06972406503420077,-0.0025952226013430625,
2024-04-07 05:17:27.126000+00:00,9496.0,0.0,0.0,0.0,1.0,0.0,0.0,1.0,1232.0,3692.0,-3382.0,766.0,2,0.06972406503420077,-0.0025952226013430625,
2024-04-07 05:17:27.486000+00:00,9496.0,0.0,0.0,0.0,1.0,0.0,0.0,1.0,1232.0,3692.0,-3382.0,766.0,2,0.06972406503420077,-0.0025952226013430625,
2024-04-07 05:17:27.726000+00:00,9496.0,0.0,0.0,0.0,1.0,0.0,0.0,1.0,1232.0,3692.0,-3382.0,766.0,2,0.06972406503420077,-0.0025952226013430625,
2024-04-07 05:17:28.046000+00:00,9496.0,0.0,0.0,0.0,1.0,0.0,0.0,1.0,1232.0,3692.0,-3382.0,766.0,2,0.06972406503420077,-0.0025952226013430625,
2024-04-07 05:17:28.286000+00:00,9496.0,0.0,0.0,0.0,1.0,0.0,0.0,1.0,1232.0,3692.0,-3382.0,766.0,2,0.06972406503420077,-0.0025952226013430625,
2024-04-07 05:17:28.565000+00:00,9496.0,0.0,0.0,0.0,1.0,0.0,0.0,1.0,1232.0,3692.0,-3382.0,766.0,2,0.06972406503420077,-0.0025952226013430625,
2024-04-07 05:17:28.725000+00:00,9496.0,0.0,0.0,0.0,1.0,0.0,0.0,1.0,1232.0,3692.0,-3382.0,766.0,2,0.06972406503420077,-0.0025952226013430625,
2024-04-07 05:17:28.965000+00:00,9496.0,0.0,0.0,0.0,1.0,0.0,0.0,1.0,1232.0,3692.0,-3382.0,766.0,2,0.06972406503420077,-0.0025952226013430625,
2024-04-07 05:17:29.205000+00:00,9496.0,0.0,0.0,0.0,1.0,0.0,0.0,1.0,1232.0,3692.0,-3382.0,766.0,2,0.06972406503420077,-0.0025952226013430625,
2024-04-07 05:17:29.365000+00:00,9496.0,0.0,0.0,0.0,1.0,0.0,0.0,1.0,1232.0,3692.0,-3382.0,766.0,2,0.06972406503420077,-0.0025952226013430625,
2024-04-07 05:17:29.806000+00:00,9496.0,0.0,0.0,0.0,1.0,0.0,0.0,1.0,1232.0,3692.0,-3382.0,766.0,2,0.06972406503420077,-0.0025952226013430625,
2024-04-07 05:17:30.086000+00:00,9496.0,0.0,0.0,0.0,1.0,0.0,0.0,1.0,1232.0,3692.0,-3382.0,766.0,2,0.06972406503420077,-0.0025952226013430625,
2024-04-07 05:17:30.326000+00:00,9496.0,0.0,0.0,0.0,1.0,0.0,0.0,1.0,1232.0,3692.0,-3382.0,766.0,2,0.06972406503420077,-0.0025952226013430625,
2024-04-07 05:17:30.566000+00:00,9496.0,0.0,0.0,0.0,1.0,0.0,0.0,1.0,1232.0,3692.0,-3382.0,766.0,2,0.06972406503420077,-0.0025952226013430625,
2024-04-07 05:17:30.846000+00:00,9496.0,0.0,0.0,0.0,1.0,0.0,0.0,1.0,1232.0,3692.0,-3382.0,766.0,2,0.06972406503420077,-0.0025952226013430625,
2024-04-07 05:17:31.046000+00:00,9496.0,0.0,0.0,0.0,1.0,0.0,0.0,1.0,1232.0,3692.0,-3382.0,766.0,2,0.06972406503420077,-0.0025952226013430625,
2024-04-07 05:17:31.326000+00:00,9496.0,0.0,0.0,0.0,1.0,0.0,0.0,1.0,1232.0,3692.0,-3382.0,766.0,2,0.06972406503420077,-0.0025952226013430625,
2024-04-07 05:17:31.566000+00:00,9496.0,0.0,0.0,0.0,1.0,0.0,0.0,1.0,1232.0,3692.0,-3382.0,766.0,2,0.06972406503420077,-0.0025952226013430625,
2024-04-07 05:17:31.806000+00:00,9496.0,0.0,0.0,0.0,1.0,0.0,0.0,1.0,1232.0,3692.0,-3382.0,766.0,2,0.06972406503420077,-0.0025952226013430625,
2024-04-07 05:17:32.086000+00:00,9496.0,0.0,0.0,0.0,1.0,0.0,0.0,1.0,1232.0,3692.0,-3382.0,766.0,2,0.06972406503420077,-0.0025952226013430625,
2024-04-07 05:17:32.246000+00:00,9496.0,0.0,0.0,0.0,1.0,0.0,0.0,1.0,1232.0,3692.0,-3382.0,766.0,2,0.06972406503420077,-0.0025952226013430625,
2024-04-07 05:17:32.406000+00:00,9496.0,0.0,0.0,0.0,1.0,0.0,0.0,1.0,1232.0,3692.0,-3382.0,766.0,2,0.06972406503420077,-0.0025952226013430625,
2024-04-07 05:17:32.606000+00:00,9496.0,0.0,0.0,0.0,1.0,0.0,0.0,1.0,1232.0,3692.0,-3382.0,766.0,2,0.06972406503420077,-0.0025952226013430625,
2024-04-07 05:17:32.886000+00:00,9496.0,0.0,0.0,0.0,1.0,0.0,0.0,1.0,1232.0,3692.0,-3382.0,766.0,2,0.06972406503420077,-0.0025952226013430625,
2024-04-07 05:17:33.046000+00:00,9496.0,0.0,0.0,0.0,1.0,0.0,0.0,1.0,1232.0,3692.0,-3382.0,766.0,2,0.06972406503420077,-0.0025952226013430625,
2024-04-07 05:17:33.246000+00:00,9496.0,0.0,0.0,0.0,1.0,0.0,0.0,1.0,1232.0,3692.0,-3382.0,766.0,2,0.06972406503420077,-0.0025952226013430625,
2024-04-07 05:17:33.526000+00:00,9496.0,0.0,0.0,0.0,1.0,0.0,0.0,1.0,1232.0,3692.0,-3382.0,766.0,2,0.06972406503420077,-0.0025952226013430625,
2024-04-07 05:17:33.766000+00:00,9496.0,0.0,0.0,0.0,1.0,0.0,0.0,1.0,1232.0,3692.0,-3382.0,766.0,2,0.06972406503420077,-0.0025952226013430625,
2024-04-07 05:17:34.126000+00:00,9496.0,0.0,0.0,0.0,1.0,0.0,0.0,1.0,1232.0,3692.0,-3382.0,766.0,2,0.06972406503420077,-0.0025952226013430625,
2024-04-07 05:17:34.486000+00:00,9496.0,0.0,0.0,0.0,1.0,0.0,0.0,1.0,1232.0,3692.0,-3382.0,766.0,2,0.06972406503420077,-0.0025952226013430625,
2024-04-07 05:17:34.806000+00:00,9496.0,0.0,0.0,0.0,1.0,0.0,0.0,1.0,1232.0,3692.0,-3382.0,766.0,2,0.06972406503420077,-0.0025952226013430625,
2024-04-07 05:17:35.046000+00:00,9496.0,0.0,0.0,0.0,1.0,0.0,0.0,1.0,1232.0,3692.0,-3382.0,766.0,2,0.06972406503420077,-0.0025952226013430625,
2024-04-07 05:17:35.285000+00:00,9496.0,0.0,0.0,0.0,1.0,0.0,0.0,1.0,1232.0,3692.0,-3382.0,766.0,2,0.06972406503420077,-0.0025952226013430625,
2024-04-07 05:17:35.525000+00:00,9496.0,0.0,0.0,0.0,1.0,0.0,0.0,1.0,1232.0,3692.0,-3382.0,766.0,2,0.06972406503420077,-0.0025952226013430625,
2024-04-07 05:17:35.725000+00:00,9496.0,0.0,0.0,0.0,1.0,0.0,0.0,1.0,1232.0,3692.0,-3382.0,766.0,2,0.06972406503420077,-0.0025952226013430625,
2024-04-07 05:17:36.006000+00:00,9496.0,0.0,0.0,0.0,1.0,0.0,0.0,1.0,1232.0,3692.0,-3382.0,766.0,2,0.06972406503420077,-0.0025952226013430625,
2024-04-07 05:17:36.166000+00:00,9496.0,0.0,0.0,0.0,1.0,0.0,0.0,1.0,1232.0,3692.0,-3382.0,766.0,2,0.06972406503420077,-0.0025952226013430625,
2024-04-07 05:17:36.366000+00:00,9496.0,0.0,0.0,0.0,1.0,0.0,0.0,1.0,1232.0,3692.0,-3382.0,766.0,2,0.06972406503420077,-0.0025952226013430625,
2024-04-07 05:17:36.526000+00:00,9496.0,0.0,0.0,0.0,1.0,0.0,0.0,1.0,1232.0,3692.0,-3382.0,766.0,2,0.06972406503420077,-0.0025952226013430625,
2024-04-07 05:17:36.806000+00:00,9496.0,0.0,0.0,0.0,1.0,0.0,0.0,1.0,1232.0,3692.0,-3382.0,766.0,2,0.06972406503420077,-0.0025952226013430625,
2024-04-07 05:17:37.126000+00:00,9496.0,0.0,0.0,0.0,1.0,0.0,0.0,1.0,1232.0,3692.0,-3382.0,766.0,2,0.06972406503420077,-0.0025952226013430625,
2024-04-07 05:17:37.486000+00:00,9496.0,0.0,0.0,0.0,1.0,0.0,0.0,1.0,1232.0,3692.0,-3382.0,766.0,2,0.06972406503420077,-0.0025952226013430625,
2024-04-07 05:17:37.886000+00:00,9496.0,0.0,0.0,0.0,1.0,0.0,0.0,1.0,1232.0,3692.0,-3382.0,766.0,2,0.06972406503420077,-0.0025952226013430625,
2024-04-07 05:17:38.046000+00:00,9496.0,0.0,0.0,0.0,1.0,0.0,0.0,1.0,1232.0,3692.0,-3382.0,766.0,2,0.06972406503420077,-0.0025952226013430625,
2024-04-07 05:17:38.326000+00:00,9496.0,0.0,0.0,0.0,1.0,0.0,0.0,1.0,1232.0,3692.0,-3382.0,766.0,2,0.06972406503420077,-0.0025952226013430625,
2024-04-07 05:17:38.606000+00:00,9496.0,0.0,0.0,0.0,1.0,0.0,0.0,1.0,1232.0,3692.0,-3382.0,766.0,2,0.06972406503420077,-0.0025952226013430625,
2024-04-07 05:17:38.926000+00:00,9496.0,0.0,0.0,0.0,1.0,0.0,0.0,1.0,1232.0,3692.0,-3382.0,766.0,2,0.06972406503420077,-0.0025952226013430625,
2024-04-07 05:17:39.086000+00:00,9496.0,0.0,0.0,0.0,1.0,0.0,0.0,1.0,1232.0,3692.0,-3382.0,766.0,2,0.06972406503420077,-0.0025952226013430625,
2024-04-07 05:17:39.246000+00:00,9496.0,0.0,0.0,0.0,1.0,0.0,0.0,1.0,1232.0,3692.0,-3382.0,766.0,2,0.06972406503420077,-0.0025952226013430625,
2024-04-07 05:17:39.486000+00:00,9496.0,0.0,0.0,0.0,1.0,0.0,0.0,1.0,1232.0,3692.0,-3382.0,766.0,2,0.06972406503420077,-0.0025952226013430625,
2024-04-07 05:17:40.006000+00:00,9496.0,0.0,0.0,0.0,1.0,0.0,0.0,1.0,1232.0,3692.0,-3382.0,766.0,2,0.06972406503420077,-0.0025952226013430625,
2024-04-07 05:17:40.166000+00:00,9496.0,0.0,0.0,0.0,1.0,0.0,0.0,1.0,1232.0,3692.0,-3382.0,766.0,2,0.06972406503420077,-0.0025952226013430625,
2024-04-07 05:17:40.406000+00:00,9496.0,0.0,0.0,0.0,1.0,0.0,0.0,1.0,1232.0,3692.0,-3382.0,766.0,2,0.06972406503420077,-0.0025952226013430625,
2024-04-07 05:17:40.726000+00:00,9496.0,0.0,0.0,0.0,1.0,0.0,0.0,1.0,1232.0,3692.0,-3382.0,766.0,2,0.06972406503420077,-0.0025952226013430625,
2024-04-07 05:17:40.926000+00:00,9496.0,0.0,0.0,0.0,1.0,0.0,0.0,1.0,1232.0,3692.0,-3382.0,766.0,2,0.06972406503420077,-0.0025952226013430625,
2024-04-07 05:17:41.166000+00:00,9496.0,0.0,0.0,0.0,1.0,0.0,0.0,1.0,1232.0,3692.0,-3382.0,766.0,2,0.06972406503420077,-0.0025952226013430625,
2024-04-07 05:17:41.646000+00:00,9496.0,0.0,0.0,0.0,1.0,0.0,0.0,1.0,1232.0,3692.0,-3382.0,766.0,2,0.06972406503420077,-0.0025952226013430625,
2024-04-07 05:17:42.085000+00:00,9496.0,0.0,0.0,0.0,1.0,0.0,0.0,1.0,1232.0,3692.0,-3382.0,766.0,2,0.06972406503420077,-0.0025952226013430625,
2024-04-07 05:17:42.445000+00:00,9496.0,0.0,0.0,0.0,1.0,0.0,0.0,1.0,1232.0,3692.0,-3382.0,766.0,2,0.06972406503420077,-0.0025952226013430625,
2024-04-07 05:17:42.886000+00:00,9496.0,0.0,0.0,0.0,1.0,0.0,0.0,1.0,1232.0,3692.0,-3382.0,766.0,2,0.06972406503420077,-0.0025952226013430625,
2024-04-07 05:17:43.126000+00:00,9496.0,0.0,0.0,0.0,1.0,0.0,0.0,1.0,1232.0,3692.0,-3382.0,766.0,2,0.06972406503420077,-0.0025952226013430625,
2024-04-07 05:17:43.446000+00:00,9496.0,0.0,0.0,0.0,1.0,0.0,0.0,1.0,1232.0,3692.0,-3382.0,766.0,2,0.06972406503420077,-0.0025952226013430625,
2024-04-07 05:17:43.686000+00:00,9496.0,0.0,0.0,0.0,1.0,0.0,0.0,1.0,1232.0,3692.0,-3382.0,766.0,2,0.06972406503420077,-0.0025952226013430625,
2024-04-07 05:17:43.846000+00:00,9496.0,0.0,0.0,0.0,1.0,0.0,0.0,1.0,1232.0,3692.0,-3382.0,766.0,2,0.06972406503420077,-0.0025952226013430625,
2024-04-07 05:17:44.166000+00:00,9496.0,0.0,0.0,0.0,1.0,0.0,0.0,1.0,1232.0,3692.0,-3382.0,766.0,2,0.06972406503420077,-0.0025952226013430625,
2024-04-07 05:17:44.366000+00:00,9496.0,0.0,0.0,0.0,1.0,0.0,0.0,1.0,1232.0,3692.0,-3382.0,766.0,2,0.06972406503420077,-0.0025952226013430625,
2024-04-07 05:17:44.686000+00:00,9496.0,0.0,0.0,0.0,1.0,0.0,0.0,1.0,1232.0,3692.0,-3382.0,766.0,2,0.06972406503420077,-0.0025952226013430625,
2024-04-07 05:17:44.886000+00:00,9496.0,0.0,0.0,0.0,1.0,0.0,0.0,1.0,1232.0,3692.0,-3382.0,766.0,2,0.06972406503420077,-0.0025952226013430625,
2024-04-07 05:17:45.166000+00:00,9496.0,0.0,0.0,0.0,1.0,0.0,0.0,1.0,1232.0,3692.0,-3382.0,766.0,2,0.06972406503420077,-0.0025952226013430625,
2024-04-07 05:17:45.366000+00:00,9496.0,0.0,0.0,0.0,1.0,0.0,0.0,1.0,1232.0,3692.0,-3382.0,766.0,2,0.06972406503420077,-0.0025952226013430625,
2024-04-07 05:17:45.646000+00:00,9496.0,0.0,0.0,0.0,1.0,0.0,0.0,1.0,1232.0,3692.0,-3382.0,766.0,2,0.06972406503420077,-0.0025952226013430625,
2024-04-07 05:17:45.846000+00:00,9496.0,0.0,0.0,0.0,1.0,0.0,0.0,1.0,1232.0,3692.0,-3382.0,766.0,2,0.06972406503420077,-0.0025952226013430625,
2024-04-07 05:17:46.166000+00:00,9496.0,0.0,0.0,0.0,1.0,0.0,0.0,1.0,1232.0,3692.0,-3382.0,766.0,2,0.06972406503420077,-0.0025952226013430625,
2024-04-07 05:17:46.406000+00:00,9496.0,0.0,0.0,0.0,1.0,0.0,0.0,1.0,1232.0,3692.0,-3382.0,766.0,2,0.06972406503420077,-0.0025952226013430625,
2024-04-07 05:17:46.566000+00:00,9496.0,0.0,0.0,0.0,1.0,0.0,0.0,1.0,1232.0,3692.0,-3382.0,766.0,2,0.06972406503420077,-0.0025952226013430625,
2024-04-07 05:17:46.726000+00:00,9496.0,0.0,0.0,0.0,1.0,0.0,0.0,1.0,1232.0,3692.0,-3382.0,766.0,2,0.06972406503420077,-0.0025952226013430625,
2024-04-07 05:17:47.086000+00:00,9496.0,0.0,0.0,0.0,1.0,0.0,0.0,1.0,1232.0,3692.0,-3382.0,766.0,2,0.06972406503420077,-0.0025952226013430625,
2024-04-07 05:17:47.366000+00:00,9496.0,0.0,0.0,0.0,1.0,0.0,0.0,1.0,1232.0,3692.0,-3382.0,766.0,2,0.06972406503420077,-0.0025952226013430625,
2024-04-07 05:17:47.686000+00:00,9496.0,0.0,0.0,0.0,1.0,0.0,0.0,1.0,1232.0,3692.0,-3382.0,766.0,2,0.06972406503420077,-0.0025952226013430625,
2024-04-07 05:17:47.886000+00:00,9496.0,0.0,0.0,0.0,1.0,0.0,0.0,1.0,1232.0,3692.0,-3382.0,766.0,2,0.06972406503420077,-0.0025952226013430625,
2024-04-07 05:17:48.046000+00:00,9496.0,0.0,0.0,0.0,1.0,0.0,0.0,1.0,1232.0,3692.0,-3382.0,766.0,2,0.06972406503420077,-0.0025952226013430625,
2024-04-07 05:17:48.206000+00:00,9496.0,0.0,0.0,0.0,1.0,0.0,0.0,1.0,1232.0,3692.0,-3382.0,766.0,2,0.06972406503420077,-0.0025952226013430625,
2024-04-07 05:17:48.486000+00:00,9496.0,0.0,0.0,0.0,1.0,0.0,0.0,1.0,1232.0,3692.0,-3382.0,766.0,2,0.06972406503420077,-0.0025952226013430625,
2024-04-07 05:17:48.725000+00:00,9496.0,0.0,0.0,0.0,1.0,0.0,0.0,1.0,1232.0,3692.0,-3382.0,766.0,2,0.06972406503420077,-0.0025952226013430625,
2024-04-07 05:17:49.045000+00:00,9496.0,0.0,0.0,0.0,1.0,0.0,0.0,1.0,1232.0,3692.0,-3382.0,766.0,2,0.06972406503420077,-0.0025952226013430625,
2024-04-07 05:17:49.206000+00:00,9496.0,0.0,0.0,0.0,1.0,0.0,0.0,1.0,1232.0,3692.0,-3382.0,766.0,2,0.06972406503420077,-0.0025952226013430625,
2024-04-07 05:17:49.406000+00:00,9496.0,0.0,0.0,0.0,1.0,0.0,0.0,1.0,1232.0,3692.0,-3382.0,766.0,2,0.06972406503420077,-0.0025952226013430625,
2024-04-07 05:17:49.766000+00:00,9496.0,0.0,0.0,0.0,1.0,0.0,0.0,1.0,1232.0,3692.0,-3382.0,766.0,2,0.06972406503420077,-0.0025952226013430625,
2024-04-07 05:17:50.166000+00:00,9496.0,0.0,0.0,0.0,1.0,0.0,0.0,1.0,1232.0,3692.0,-3382.0,766.0,2,0.06972406503420077,-0.0025952226013430625,
2024-04-07 05:17:50.366000+00:00,9496.0,0.0,0.0,0.0,1.0,0.0,0.0,1.0,1232.0,3692.0,-3382.0,766.0,2,0.06972406503420077,-0.0025952226013430625,
2024-04-07 05:17:50.526000+00:00,9496.0,0.0,0.0,0.0,1.0,0.0,0.0,1.0,1232.0,3692.0,-3382.0,766.0,2,0.06972406503420077,-0.0025952226013430625,
2024-04-07 05:17:50.726000+00:00,9496.0,0.0,0.0,0.0,1.0,0.0,0.0,1.0,1232.0,3692.0,-3382.0,766.0,2,0.06972406503420077,-0.0025952226013430625,
2024-04-07 05:17:51.006000+00:00,9496.0,0.0,0.0,0.0,1.0,0.0,0.0,1.0,1232.0,3692.0,-3382.0,766.0,2,0.06972406503420077,-0.0025952226013430625,
2024-04-07 05:17:51.326000+00:00,9496.0,0.0,0.0,0.0,1.0,0.0,0.0,1.0,1232.0,3692.0,-3382.0,766.0,2,0.06972406503420077,-0.0025952226013430625,
2024-04-07 05:17:51.566000+00:00,9496.0,0.0,0.0,0.0,1.0,0.0,0.0,1.0,1232.0,3692.0,-3382.0,766.0,2,0.06972406503420077,-0.0025952226013430625,
2024-04-07 05:17:51.806000+00:00,9496.0,0.0,0.0,0.0,1.0,0.0,0.0,1.0,1232.0,3692.0,-3382.0,766.0,2,0.06972406503420077,-0.0025952226013430625,
2024-04-07 05:17:52.086000+00:00,9496.0,0.0,0.0,0.0,1.0,0.0,0.0,1.0,1232.0,3692.0,-3382.0,766.0,2,0.06972406503420077,-0.0025952226013430625,
2024-04-07 05:17:52.326000+00:00,9496.0,0.0,0.0,0.0,1.0,0.0,0.0,1.0,1232.0,3692.0,-3382.0,766.0,2,0.06972406503420077,-0.0025952226013430625,
2024-04-07 05:17:52.606000+00:00,9496.0,0.0,0.0,0.0,1.0,0.0,0.0,1.0,1232.0,3692.0,-3382.0,766.0,2,0.06972406503420077,-0.0025952226013430625,
2024-04-07 05:17:52.846000+00:00,9496.0,0.0,0.0,0.0,1.0,0.0,0.0,1.0,1232.0,3692.0,-3382.0,766.0,2,0.06972406503420077,-0.0025952226013430625,
2024-04-07 05:17:53.206000+00:00,9496.0,0.0,0.0,0.0,1.0,0.0,0.0,1.0,1232.0,3692.0,-3382.0,766.0,2,0.06972406503420077,-0.0025952226013430625,
2024-04-07 05:17:53.446000+00:00,9496.0,0.0,0.0,0.0,1.0,0.0,0.0,1.0,1232.0,3692.0,-3382.0,766.0,2,0.06972406503420077,-0.0025952226013430625,
2024-04-07 05:17:53.606000+00:00,9496.0,0.0,0.0,0.0,1.0,0.0,0.0,1.0,1232.0,3692.0,-3382.0,766.0,2,0.06972406503420077,-0.0025952226013430625,
2024-04-07 05:17:53.846000+00:00,9496.0,0.0,0.0,0.0,1.0,0.0,0.0,1.0,1232.0,3692.0,-3382.0,766.0,2,0.06972406503420077,-0.0025952226013430625,
2024-04-07 05:17:54.086000+00:00,9496.0,0.0,0.0,0.0,1.0,0.0,0.0,1.0,1232.0,3692.0,-3382.0,766.0,2,0.06972406503420077,-0.0025952226013430625,
2024-04-07 05:17:54.406000+00:00,9496.0,0.0,0.0,0.0,1.0,0.0,0.0,1.0,1232.0,3692.0,-3382.0,766.0,2,0.06972406503420077,-0.0025952226013430625,
2024-04-07 05:17:54.646000+00:00,9496.0,0.0,0.0,0.0,1.0,0.0,0.0,1.0,1232.0,3692.0,-3382.0,766.0,2,0.06972406503420077,-0.0025952226013430625,
2024-04-07 05:17:54.886000+00:00,9496.0,0.0,0.0,0.0,1.0,0.0,0.0,1.0,1232.0,3692.0,-3382.0,766.0,2,0.06972406503420077,-0.0025952226013430625,
2024-04-07 05:17:55.046000+00:00,9496.0,0.0,0.0,0.0,1.0,0.0,0.0,1.0,1232.0,3692.0,-3382.0,766.0,2,0.06972406503420077,-0.0025952226013430625,
2024-04-07 05:17:55.286000+00:00,9496.0,0.0,0.0,0.0,1.0,0.0,0.0,1.0,1232.0,3692.0,-3382.0,766.0,2,0.06972406503420077,-0.0025952226013430625,
2024-04-07 05:17:55.485000+00:00,9496.0,0.0,0.0,0.0,1.0,0.0,0.0,1.0,1232.0,3692.0,-3382.0,766.0,2,0.06972406503420077,-0.0025952226013430625,
2024-04-07 05:17:55.886000+00:00,9496.0,0.0,0.0,0.0,1.0,0.0,0.0,1.0,1232.0,3692.0,-3382.0,766.0,2,0.06972406503420077,-0.0025952226013430625,
2024-04-07 05:17:56.206000+00:00,9496.0,0.0,0.0,0.0,1.0,0.0,0.0,1.0,1232.0,3692.0,-3382.0,766.0,2,0.06972406503420077,-0.0025952226013430625,
2024-04-07 05:17:56.486000+00:00,9496.0,0.0,0.0,0.0,1.0,0.0,0.0,1.0,1232.0,3692.0,-3382.0,766.0,2,0.06972406503420077,-0.0025952226013430625,
2024-04-07 05:17:56.646000+00:00,9496.0,0.0,0.0,0.0,1.0,0.0,0.0,1.0,1232.0,3692.0,-3382.0,766.0,2,0.06972406503420077,-0.0025952226013430625,
2024-04-07 05:17:57.006000+00:00,9496.0,0.0,0.0,0.0,1.0,0.0,0.0,1.0,1232.0,3692.0,-3382.0,766.0,2,0.06972406503420077,-0.0025952226013430625,
2024-04-07 05:17:57.166000+00:00,9496.0,0.0,0.0,0.0,1.0,0.0,0.0,1.0,1232.0,3692.0,-3382.0,766.0,2,0.06972406503420077,-0.0025952226013430625,
2024-04-07 05:17:57.366000+00:00,9496.0,0.0,0.0,0.0,1.0,0.0,0.0,1.0,1232.0,3692.0,-3382.0,766.0,2,0.06972406503420077,-0.0025952226013430625,
2024-04-07 05:17:57.526000+00:00,9496.0,0.0,0.0,0.0,1.0,0.0,0.0,1.0,1232.0,3692.0,-3382.0,766.0,2,0.06972406503420077,-0.0025952226013430625,
2024-04-07 05:17:57.806000+00:00,9496.0,0.0,0.0,0.0,1.0,0.0,0.0,1.0,1232.0,3692.0,-3382.0,766.0,2,0.06972406503420077,-0.0025952226013430625,
2024-04-07 05:17:58.246000+00:00,9496.0,0.0,0.0,0.0,1.0,0.0,0.0,1.0,1232.0,3692.0,-3382.0,766.0,2,0.06972406503420077,-0.0025952226013430625,
2024-04-07 05:17:58.566000+00:00,9496.0,0.0,0.0,0.0,1.0,0.0,0.0,1.0,1232.0,3692.0,-3382.0,766.0,2,0.06972406503420077,-0.0025952226013430625,
2024-04-07 05:17:58.726000+00:00,9496.0,0.0,0.0,0.0,1.0,0.0,0.0,1.0,1232.0,3692.0,-3382.0,766.0,2,0.06972406503420077,-0.0025952226013430625,
2024-04-07 05:17:58.966000+00:00,9496.0,0.0,0.0,0.0,1.0,0.0,0.0,1.0,1232.0,3692.0,-3382.0,766.0,2,0.06972406503420077,-0.0025952226013430625,
2024-04-07 05:17:59.206000+00:00,9496.0,0.0,0.0,0.0,1.0,0.0,0.0,1.0,1232.0,3692.0,-3382.0,766.0,2,0.06972406503420077,-0.0025952226013430625,
2024-04-07 05:17:59.646000+00:00,9496.0,0.0,0.0,0.0,1.0,0.0,0.0,1.0,1232.0,3692.0,-3382.0,766.0,2,0.06972406503420077,-0.0025952226013430625,
2024-04-07 05:17:59.886000+00:00,9496.0,0.0,0.0,0.0,1.0,0.0,0.0,1.0,1232.0,3692.0,-3382.0,766.0,2,0.06972406503420077,-0.0025952226013430625,
2024-04-07 05:18:00.046000+00:00,9496.0,0.0,0.0,0.0,1.0,0.0,0.0,1.0,1232.0,3692.0,-3382.0,766.0,2,0.06972406503420077,-0.0025952226013430625,
2024-04-07 05:18:00.366000+00:00,9496.0,0.0,0.0,0.0,1.0,0.0,0.0,1.0,1232.0,3692.0,-3382.0,766.0,2,0.06972406503420077,-0.0025952226013430625,
2024-04-07 05:18:00.686000+00:00,9496.0,0.0,0.0,0.0,1.0,0.0,0.0,1.0,1232.0,3692.0,-3382.0,766.0,2,0.06972406503420077,-0.0025952226013430625,
2024-04-07 05:18:00.886000+00:00,9496.0,0.0,0.0,0.0,1.0,0.0,0.0,1.0,1232.0,3692.0,-3382.0,766.0,2,0.06972406503420077,-0.0025952226013430625,
2024-04-07 05:18:01.046000+00:00,9496.0,0.0,0.0,0.0,1.0,0.0,0.0,1.0,1232.0,3692.0,-3382.0,766.0,2,0.06972406503420077,-0.0025952226013430625,
2024-04-07 05:18:01.326000+00:00,9496.0,0.0,0.0,0.0,1.0,0.0,0.0,1.0,1232.0,3692.0,-3382.0,766.0,2,0.06972406503420077,-0.0025952226013430625,
2024-04-07 05:18:01.486000+00:00,9496.0,0.0,0.0,0.0,1.0,0.0,0.0,1.0,1232.0,3692.0,-3382.0,766.0,2,0.06972406503420077,-0.0025952226013430625,
2024-04-07 05:18:01.806000+00:00,9496.0,0.0,0.0,0.0,1.0,0.0,0.0,1.0,1232.0,3692.0,-3382.0,766.0,2,0.06972406503420077,-0.0025952226013430625,
2024-04-07 05:18:02.006000+00:00,9496.0,0.0,0.0,0.0,1.0,0.0,0.0,1.0,1232.0,3692.0,-3383.0,766.0,2,0.06972406503420077,-0.0025952226013430625,
2024-04-07 05:18:02.205000+00:00,9496.0,0.0,0.0,0.0,1.0,0.0,0.0,1.0,1232.0,3692.0,-3383.0,766.0,2,0.06972406503420077,-0.0025952226013430625,
2024-04-07 05:18:02.486000+00:00,9496.0,0.0,0.0,0.0,1.0,0.0,0.0,1.0,1232.0,3692.0,-3383.0,766.0,2,0.06972406503420077,-0.0025952226013430625,
2024-04-07 05:18:02.766000+00:00,9496.0,0.0,0.0,0.0,1.0,0.0,0.0,1.0,1232.0,3692.0,-3383.0,766.0,2,0.06972406503420077,-0.0025952226013430625,
2024-04-07 05:18:03.086000+00:00,9496.0,0.0,0.0,0.0,1.0,0.0,0.0,1.0,1232.0,3692.0,-3383.0,766.0,2,0.06972406503420077,-0.0025952226013430625,
2024-04-07 05:18:03.286000+00:00,9496.0,0.0,0.0,0.0,1.0,0.0,0.0,1.0,1232.0,3692.0,-3383.0,766.0,2,0.06972406503420077,-0.0025952226013430625,
2024-04-07 05:18:03.646000+00:00,9496.0,0.0,0.0,0.0,1.0,0.0,0.0,1.0,1232.0,3692.0,-3383.0,766.0,2,0.06972406503420077,-0.0025952226013430625,
2024-04-07 05:18:03.846000+00:00,9496.0,0.0,0.0,0.0,1.0,0.0,0.0,1.0,1232.0,3692.0,-3383.0,766.0,2,0.06972406503420077,-0.0025952226013430625,
2024-04-07 05:18:04.166000+00:00,9496.0,0.0,0.0,0.0,1.0,0.0,0.0,1.0,1232.0,3692.0,-3383.0,766.0,2,0.06972406503420077,-0.0025952226013430625,
2024-04-07 05:18:04.526000+00:00,9496.0,0.0,0.0,0.0,1.0,0.0,0.0,1.0,1232.0,3692.0,-3383.0,766.0,2,0.06972406503420077,-0.0025952226013430625,
2024-04-07 05:18:04.766000+00:00,9496.0,0.0,0.0,0.0,1.0,0.0,0.0,1.0,1232.0,3692.0,-3383.0,766.0,2,0.06972406503420077,-0.0025952226013430625,
2024-04-07 05:18:05.126000+00:00,9496.0,0.0,0.0,0.0,1.0,0.0,0.0,1.0,1232.0,3692.0,-3383.0,766.0,2,0.06972406503420077,-0.0025952226013430625,
2024-04-07 05:18:05.286000+00:00,9496.0,0.0,0.0,0.0,1.0,0.0,0.0,1.0,1232.0,3692.0,-3383.0,766.0,2,0.06972406503420077,-0.0025952226013430625,
2024-04-07 05:18:05.446000+00:00,9496.0,0.0,0.0,0.0,1.0,0.0,0.0,1.0,1232.0,3692.0,-3383.0,766.0,2,0.06972406503420077,-0.0025952226013430625,
2024-04-07 05:18:05.766000+00:00,9496.0,0.0,0.0,0.0,1.0,0.0,0.0,1.0,1232.0,3692.0,-3383.0,766.0,2,0.06972406503420077,-0.0025952226013430625,
2024-04-07 05:18:06.046000+00:00,9496.0,0.0,0.0,0.0,1.0,0.0,0.0,1.0,1232.0,3692.0,-3383.0,766.0,2,0.06972406503420077,-0.0025952226013430625,
2024-04-07 05:18:06.246000+00:00,9496.0,0.0,0.0,0.0,1.0,0.0,0.0,1.0,1232.0,3692.0,-3383.0,766.0,2,0.06972406503420077,-0.0025952226013430625,
2024-04-07 05:18:06.446000+00:00,9496.0,0.0,0.0,0.0,1.0,0.0,0.0,1.0,1232.0,3692.0,-3383.0,766.0,2,0.06972406503420077,-0.0025952226013430625,
2024-04-07 05:18:06.806000+00:00,9496.0,0.0,0.0,0.0,1.0,0.0,0.0,1.0,1232.0,3692.0,-3383.0,766.0,2,0.06972406503420077,-0.0025952226013430625,
2024-04-07 05:18:06.966000+00:00,9496.0,0.0,0.0,0.0,1.0,0.0,0.0,1.0,1232.0,3692.0,-3383.0,766.0,2,0.06972406503420077,-0.0025952226013430625,
2024-04-07 05:18:07.246000+00:00,9496.0,0.0,0.0,0.0,1.0,0.0,0.0,1.0,1232.0,3692.0,-3383.0,766.0,2,0.06972406503420077,-0.0025952226013430625,
2024-04-07 05:18:07.406000+00:00,9496.0,0.0,0.0,0.0,1.0,0.0,0.0,1.0,1232.0,3692.0,-3383.0,766.0,2,0.06972406503420077,-0.0025952226013430625,
2024-04-07 05:18:07.846000+00:00,9496.0,0.0,0.0,0.0,1.0,0.0,0.0,1.0,1232.0,3692.0,-3383.0,766.0,2,0.06972406503420077,-0.0025952226013430625,
2024-04-07 05:18:08.046000+00:00,9496.0,0.0,0.0,0.0,1.0,0.0,0.0,1.0,1232.0,3692.0,-3383.0,766.0,2,0.06972406503420077,-0.0025952226013430625,
2024-04-07 05:18:08.286000+00:00,9496.0,0.0,0.0,0.0,1.0,0.0,0.0,1.0,1232.0,3692.0,-3383.0,766.0,2,0.06972406503420077,-0.0025952226013430625,
2024-04-07 05:18:08.686000+00:00,9496.0,0.0,0.0,0.0,1.0,0.0,0.0,1.0,1232.0,3692.0,-3383.0,766.0,2,0.06972406503420077,-0.0025952226013430625,
2024-04-07 05:18:09.126000+00:00,9496.0,0.0,0.0,0.0,1.0,0.0,0.0,1.0,1232.0,3692.0,-3383.0,766.0,2,0.06972406503420077,-0.0025952226013430625,
2024-04-07 05:18:09.286000+00:00,9496.0,0.0,0.0,0.0,1.0,0.0,0.0,1.0,1232.0,3692.0,-3383.0,766.0,2,0.06972406503420077,-0.0025952226013430625,
2024-04-07 05:18:09.446000+00:00,9496.0,0.0,0.0,0.0,1.0,0.0,0.0,1.0,1232.0,3692.0,-3383.0,766.0,2,0.06972406503420077,-0.0025952226013430625,
2024-04-07 05:18:09.726000+00:00,9496.0,0.0,0.0,0.0,1.0,0.0,0.0,1.0,1232.0,3692.0,-3383.0,766.0,2,0.06972406503420077,-0.0025952226013430625,
2024-04-07 05:18:10.126000+00:00,9496.0,0.0,0.0,0.0,1.0,0.0,0.0,1.0,1232.0,3692.0,-3383.0,766.0,2,0.06972406503420077,-0.0025952226013430625,
2024-04-07 05:18:10.566000+00:00,9496.0,0.0,0.0,0.0,1.0,0.0,0.0,1.0,1232.0,3692.0,-3383.0,766.0,2,0.06972406503420077,-0.0025952226013430625,
2024-04-07 05:18:10.926000+00:00,9496.0,0.0,0.0,0.0,1.0,0.0,0.0,1.0,1232.0,3692.0,-3383.0,766.0,2,0.06972406503420077,-0.0025952226013430625,
2024-04-07 05:18:11.206000+00:00,9496.0,0.0,0.0,0.0,1.0,0.0,0.0,1.0,1232.0,3692.0,-3383.0,766.0,2,0.06972406503420077,-0.0025952226013430625,
2024-04-07 05:18:11.526000+00:00,9496.0,0.0,0.0,0.0,1.0,0.0,0.0,1.0,1232.0,3692.0,-3383.0,766.0,2,0.06972406503420077,-0.0025952226013430625,
2024-04-07 05:18:11.726000+00:00,9496.0,0.0,0.0,0.0,1.0,0.0,0.0,1.0,1232.0,3692.0,-3383.0,766.0,2,0.06972406503420077,-0.0025952226013430625,
2024-04-07 05:18:11.966000+00:00,9496.0,0.0,0.0,0.0,1.0,0.0,0.0,1.0,1232.0,3692.0,-3383.0,766.0,2,0.06972406503420077,-0.0025952226013430625,
2024-04-07 05:18:12.166000+00:00,9496.0,0.0,0.0,0.0,1.0,0.0,0.0,1.0,1232.0,3692.0,-3383.0,766.0,2,0.06972406503420077,-0.0025952226013430625,
2024-04-07 05:18:12.726000+00:00,9496.0,0.0,0.0,0.0,1.0,0.0,0.0,1.0,1232.0,3692.0,-3383.0,766.0,2,0.06972406503420077,-0.0025952226013430625,
2024-04-07 05:18:12.886000+00:00,9496.0,0.0,0.0,0.0,1.0,0.0,0.0,1.0,1232.0,3692.0,-3383.0,766.0,2,0.06972406503420077,-0.0025952226013430625,
2024-04-07 05:18:13.246000+00:00,9496.0,0.0,0.0,0.0,1.0,0.0,0.0,1.0,1232.0,3692.0,-3383.0,766.0,2,0.06972406503420077,-0.0025952226013430625,
2024-04-07 05:18:13.446000+00:00,9496.0,0.0,0.0,0.0,1.0,0.0,0.0,1.0,1232.0,3692.0,-3383.0,766.0,2,0.06972406503420077,-0.0025952226013430625,
2024-04-07 05:18:13.606000+00:00,9496.0,0.0,0.0,0.0,1.0,0.0,0.0,1.0,1232.0,3692.0,-3383.0,766.0,2,0.06972406503420077,-0.0025952226013430625,
2024-04-07 05:18:13.886000+00:00,9496.0,0.0,0.0,0.0,1.0,0.0,0.0,1.0,1232.0,3692.0,-3383.0,766.0,2,0.06972406503420077,-0.0025952226013430625,
2024-04-07 05:18:14.086000+00:00,9496.0,0.0,0.0,0.0,1.0,0.0,0.0,1.0,1232.0,3692.0,-3383.0,766.0,2,0.06972406503420077,-0.0025952226013430625,
2024-04-07 05:18:14.286000+00:00,9496.0,0.0,0.0,0.0,1.0,0.0,0.0,1.0,1232.0,3692.0,-3383.0,766.0,2,0.06972406503420077,-0.0025952226013430625,
2024-04-07 05:18:14.446000+00:00,9496.0,0.0,0.0,0.0,1.0,0.0,0.0,1.0,1232.0,3692.0,-3383.0,766.0,2,0.06972406503420077,-0.0025952226013430625,
2024-04-07 05:18:14.606000+00:00,9496.0,0.0,0.0,0.0,1.0,0.0,0.0,1.0,1232.0,3692.0,-3383.0,766.0,2,0.06972406503420077,-0.0025952226013430625,
2024-04-07 05:18:14.806000+00:00,9496.0,0.0,0.0,0.0,1.0,0.0,0.0,1.0,1232.0,3692.0,-3383.0,766.0,2,0.06972406503420077,-0.0025952226013430625,
2024-04-07 05:18:15.086000+00:00,9496.0,0.0,0.0,0.0,1.0,0.0,0.0,1.0,1232.0,3692.0,-3383.0,766.0,2,0.06972406503420077,-0.0025952226013430625,
2024-04-07 05:18:15.526000+00:00,9496.0,0.0,0.0,0.0,1.0,0.0,0.0,1.0,1232.0,3692.0,-3383.0,766.0,2,0.06972406503420077,-0.0025952226013430625,
2024-04-07 05:18:15.766000+00:00,9496.0,0.0,0.0,0.0,1.0,0.0,0.0,1.0,1232.0,3692.0,-3383.0,766.0,2,0.06972406503420077,-0.0025952226013430625,
2024-04-07 05:18:15.966000+00:00,9496.0,0.0,0.0,0.0,1.0,0.0,0.0,1.0,1232.0,3692.0,-3383.0,766.0,2,0.06972406503420077,-0.0025952226013430625,
2024-04-07 05:18:16.286000+00:00,9496.0,0.0,0.0,0.0,1.0,0.0,0.0,1.0,1232.0,3692.0,-3383.0,766.0,2,0.06972406503420077,-0.0025952226013430625,
2024-04-07 05:18:16.446000+00:00,9496.0,0.0,0.0,0.0,1.0,0.0,0.0,1.0,1232.0,3692.0,-3383.0,766.0,2,0.06972406503420077,-0.0025952226013430625,
2024-04-07 05:18:16.686000+00:00,9496.0,0.0,0.0,0.0,1.0,0.0,0.0,1.0,1232.0,3692.0,-3383.0,766.0,2,0.06972406503420077,-0.0025952226013430625,
2024-04-07 05:18:16.966000+00:00,9496.0,0.0,0.0,0.0,1.0,0.0,0.0,1.0,1232.0,3692.0,-3383.0,766.0,2,0.06972406503420077,-0.0025952226013430625,
2024-04-07 05:18:17.326000+00:00,9496.0,0.0,0.0,0.0,1.0,0.0,0.0,1.0,1232.0,3692.0,-3383.0,766.0,2,0.06972406503420077,-0.0025952226013430625,
2024-04-07 05:18:17.686000+00:00,9496.0,0.0,0.0,0.0,1.0,0.0,0.0,1.0,1232.0,3692.0,-3383.0,766.0,2,0.06972406503420077,-0.0025952226013430625,
2024-04-07 05:18:17.926000+00:00,9496.0,0.0,0.0,0.0,1.0,0.0,0.0,1.0,1232.0,3692.0,-3383.0,766.0,2,0.06972406503420077,-0.0025952226013430625,
2024-04-07 05:18:18.406000+00:00,9496.0,0.0,0.0,0.0,1.0,0.0,0.0,1.0,1232.0,3692.0,-3383.0,766.0,2,0.06972406503420077,-0.0025952226013430625,
2024-04-07 05:18:18.566000+00:00,9496.0,0.0,0.0,0.0,1.0,0.0,0.0,1.0,1232.0,3692.0,-3383.0,766.0,2,0.06972406503420077,-0.0025952226013430625,
2024-04-07 05:18:18.766000+00:00,9496.0,0.0,0.0,0.0,1.0,0.0,0.0,1.0,1232.0,3692.0,-3383.0,766.0,2,0.06972406503420077,-0.0025952226013430625,
2024-04-07 05:18:19.006000+00:00,9496.0,0.0,0.0,0.0,1.0,0.0,0.0,1.0,1232.0,3692.0,-3383.0,766.0,2,0.06972406503420077,-0.0025952226013430625,
2024-04-07 05:18:19.206000+00:00,9496.0,0.0,0.0,0.0,1.0,0.0,0.0,1.0,1232.0,3692.0,-3383.0,766.0,2,0.06972406503420077,-0.0025952226013430625,
2024-04-07 05:18:19.606000+00:00,9496.0,0.0,0.0,0.0,1.0,0.0,0.0,1.0,1232.0,3692.0,-3383.0,766.0,2,0.06972406503420077,-0.0025952226013430625,
2024-04-07 05:18:19.966000+00:00,9496.0,0.0,0.0,0.0,1.0,0.0,0.0,1.0,1232.0,3692.0,-3383.0,766.0,2,0.06972406503420077,-0.0025952226013430625,
2024-04-07 05:18:20.166000+00:00,9496.0,0.0,0.0,0.0,1.0,0.0,0.0,1.0,1232.0,3692.0,-3383.0,766.0,2,0.06972406503420077,-0.0025952226013430625,
2024-04-07 05:18:20.366000+00:00,9496.0,0.0,0.0,0.0,1.0,0.0,0.0,1.0,1232.0,3692.0,-3383.0,766.0,2,0.06972406503420077,-0.0025952226013430625,
2024-04-07 05:18:20.526000+00:00,9496.0,0.0,0.0,0.0,1.0,0.0,0.0,1.0,1232.0,3692.0,-3383.0,766.0,2,0.06972406503420077,-0.0025952226013430625,
2024-04-07 05:18:20.766000+00:00,9496.0,0.0,0.0,0.0,1.0,0.0,0.0,1.0,1232.0,3692.0,-3383.0,766.0,2,0.06972406503420077,-0.0025952226013430625,
2024-04-07 05:18:20.926000+00:00,9496.0,0.0,0.0,0.0,1.0,0.0,0.0,1.0,1232.0,3692.0,-3383.0,766.0,2,0.06972406503420077,-0.0025952226013430625,
2024-04-07 05:18:21.086000+00:00,9496.0,0.0,0.0,0.0,1.0,0.0,0.0,1.0,1232.0,3692.0,-3383.0,766.0,2,0.06972406503420077,-0.0025952226013430625,
2024-04-07 05:18:21.366000+00:00,9496.0,0.0,0.0,0.0,1.0,0.0,0.0,1.0,1232.0,3692.0,-3383.0,766.0,2,0.06972406503420077,-0.0025952226013430625,
2024-04-07 05:18:21.646000+00:00,9496.0,0.0,0.0,0.0,1.0,0.0,0.0,1.0,1232.0,3692.0,-3383.0,766.0,2,0.06972406503420077,-0.0025952226013430625,
2024-04-07 05:18:22.087000+00:00,9496.0,0.0,0.0,0.0,1.0,0.0,0.0,1.0,1232.0,3692.0,-3383.0,766.0,2,0.06972406503420077,-0.0025952226013430625,
2024-04-07 05:18:22.286000+00:00,9496.0,0.0,0.0,0.0,1.0,0.0,0.0,1.0,1232.0,3692.0,-3383.0,766.0,2,0.06972406503420077,-0.0025952226013430625,
2024-04-07 05:18:22.526000+00:00,9496.0,0.0,0.0,0.0,1.0,0.0,0.0,1.0,1232.0,3692.0,-3383.0,766.0,2,0.06972406503420077,-0.0025952226013430625,
2024-04-07 05:18:22.846000+00:00,9496.0,0.0,0.0,0.0,1.0,0.0,0.0,1.0,1232.0,3692.0,-3383.0,766.0,2,0.06972406503420077,-0.0025952226013430625,
2024-04-07 05:18:23.206000+00:00,9496.0,0.0,0.0,0.0,1.0,0.0,0.0,1.0,1232.0,3692.0,-3383.0,766.0,2,0.06972406503420077,-0.0025952226013430625,
2024-04-07 05:18:23.526000+00:00,9496.0,0.0,0.0,0.0,1.0,0.0,0.0,1.0,1232.0,3692.0,-3383.0,766.0,2,0.06972406503420077,-0.0025952226013430625,
2024-04-07 05:18:23.806000+00:00,9496.0,0.0,0.0,0.0,1.0,0.0,0.0,1.0,1232.0,3692.0,-3383.0,766.0,2,0.06972406503420077,-0.0025952226013430625,
2024-04-07 05:18:24.126000+00:00,9496.0,0.0,0.0,0.0,1.0,0.0,0.0,1.0,1232.0,3692.0,-3383.0,766.0,2,0.06972406503420077,-0.0025952226013430625,
2024-04-07 05:18:24.326000+00:00,9496.0,0.0,0.0,0.0,1.0,0.0,0.0,1.0,1232.0,3692.0,-3383.0,766.0,2,0.06972406503420077,-0.0025952226013430625,
2024-04-07 05:18:24.686000+00:00,9496.0,0.0,0.0,0.0,1.0,0.0,0.0,1.0,1232.0,3692.0,-3383.0,766.0,2,0.06972406503420077,-0.0025952226013430625,
2024-04-07 05:18:25.126000+00:00,9496.0,0.0,0.0,0.0,1.0,0.0,0.0,1.0,1232.0,3692.0,-3383.0,766.0,2,0.06972406503420077,-0.0025952226013430625,
2024-04-07 05:18:25.366000+00:00,9496.0,0.0,0.0,0.0,1.0,0.0,0.0,1.0,1232.0,3692.0,-3383.0,766.0,2,0.06972406503420077,-0.0025952226013430625,
2024-04-07 05:18:25.726000+00:00,9496.0,0.0,0.0,0.0,1.0,0.0,0.0,1.0,1232.0,3692.0,-3383.0,766.0,2,0.06972406503420077,-0.0025952226013430625,
2024-04-07 05:18:25.926000+00:00,9496.0,0.0,0.0,0.0,1.0,0.0,0.0,1.0,1232.0,3692.0,-3383.0,766.0,2,0.06972406503420077,-0.0025952226013430625,
2024-04-07 05:18:26.166000+00:00,9496.0,0.0,0.0,0.0,1.0,0.0,0.0,1.0,1232.0,3692.0,-3383.0,766.0,2,0.06972406503420077,-0.0025952226013430625,
2024-04-07 05:18:26.486000+00:00,9496.0,0.0,0.0,0.0,1.0,0.0,0.0,1.0,1232.0,3692.0,-3383.0,766.0,2,0.06972406503420077,-0.0025952226013430625,
2024-04-07 05:18:26.806000+00:00,9496.0,0.0,0.0,0.0,1.0,0.0,0.0,1.0,1232.0,3692.0,-3383.0,766.0,2,0.06972406503420077,-0.0025952226013430625,
2024-04-07 05:18:27.006000+00:00,9496.0,0.0,0.0,0.0,1.0,0.0,0.0,1.0,1232.0,3692.0,-3383.0,766.0,2,0.06972406503420077,-0.0025952226013430625,
2024-04-07 05:18:27.366000+00:00,9496.0,0.0,0.0,0.0,1.0,0.0,0.0,1.0,1232.0,3692.0,-3383.0,766.0,2,0.06972406503420077,-0.0025952226013430625,
2024-04-07 05:18:27.526000+00:00,9496.0,0.0,0.0,0.0,1.0,0.0,0.0,1.0,1232.0,3692.0,-3383.0,766.0,2,0.06972406503420077,-0.0025952226013430625,
2024-04-07 05:18:27.686000+00:00,9496.0,0.0,0.0,0.0,1.0,0.0,0.0,1.0,1232.0,3692.0,-3383.0,766.0,2,0.06972406503420077,-0.0025952226013430625,
2024-04-07 05:18:28.046000+00:00,9496.0,0.0,0.0,0.0,1.0,0.0,0.0,1.0,1232.0,3692.0,-3383.0,766.0,2,0.06972406503420077,-0.0025952226013430625,
2024-04-07 05:18:28.446000+00:00,9496.0,0.0,0.0,0.0,1.0,0.0,0.0,1.0,1232.0,3692.0,-3383.0,766.0,2,0.06972406503420077,-0.0025952226013430625,
2024-04-07 05:18:28.807000+00:00,9496.0,0.0,0.0,0.0,1.0,0.0,0.0,1.0,1232.0,3692.0,-3383.0,766.0,2,0.06972406503420077,-0.0025952226013430625,
2024-04-07 05:18:29.046000+00:00,9496.0,0.0,0.0,0.0,1.0,0.0,0.0,1.0,1232.0,3692.0,-3383.0,766.0,2,0.06972406503420077,-0.0025952226013430625,
2024-04-07 05:18:29.246000+00:00,9496.0,0.0,0.0,0.0,1.0,0.0,0.0,1.0,1232.0,3692.0,-3383.0,766.0,2,0.06972406503420077,-0.0025952226013430625,
2024-04-07 05:18:29.446000+00:00,9496.0,0.0,0.0,0.0,1.0,0.0,0.0,1.0,1232.0,3692.0,-3383.0,766.0,2,0.06972406503420077,-0.0025952226013430625,
2024-04-07 05:18:29.606000+00:00,9496.0,0.0,0.0,0.0,1.0,0.0,0.0,1.0,1232.0,3692.0,-3383.0,766.0,2,0.06972406503420077,-0.0025952226013430625,
2024-04-07 05:18:29.846000+00:00,9496.0,0.0,0.0,0.0,1.0,0.0,0.0,1.0,1232.0,3692.0,-3383.0,766.0,2,0.06972406503420077,-0.0025952226013430625,
2024-04-07 05:18:30.006000+00:00,9496.0,0.0,0.0,0.0,1.0,0.0,0.0,1.0,1232.0,3692.0,-3383.0,766.0,2,0.06972406503420077,-0.0025952226013430625,
2024-04-07 05:18:30.246000+00:00,9496.0,0.0,0.0,0.0,1.0,0.0,0.0,1.0,1232.0,3692.0,-3383.0,766.0,2,0.06972406503420077,-0.0025952226013430625,
2024-04-07 05:18:30.646000+00:00,9496.0,0.0,0.0,0.0,1.0,0.0,0.0,1.0,1232.0,3692.0,-3383.0,766.0,2,0.06972406503420077,-0.0025952226013430625,
2024-04-07 05:18:30.886000+00:00,9496.0,0.0,0.0,0.0,1.0,0.0,0.0,1.0,1232.0,3692.0,-3383.0,766.0,2,0.06972406503420077,-0.0025952226013430625,
2024-04-07 05:18:31.086000+00:00,9496.0,0.0,0.0,0.0,1.0,0.0,0.0,1.0,1232.0,3692.0,-3383.0,766.0,2,0.06972406503420077,-0.0025952226013430625,
2024-04-07 05:18:31.406000+00:00,9496.0,0.0,0.0,0.0,1.0,0.0,0.0,1.0,1232.0,3692.0,-3383.0,766.0,2,0.06972406503420077,-0.0025952226013430625,
2024-04-07 05:18:31.566000+00:00,9496.0,0.0,0.0,0.0,1.0,0.0,0.0,1.0,1232.0,3692.0,-3383.0,766.0,2,0.06972406503420077,-0.0025952226013430625,
2024-04-07 05:18:31.846000+00:00,9496.0,0.0,0.0,0.0,1.0,0.0,0.0,1.0,1232.0,3692.0,-3383.0,766.0,2,0.06972406503420077,-0.0025952226013430625,
2024-04-07 05:18:32.006000+00:00,9496.0,0.0,0.0,0.0,1.0,0.0,0.0,1.0,1232.0,3692.0,-3383.0,766.0,2,0.06972406503420077,-0.0025952226013430625,
2024-04-07 05:18:32.326000+00:00,9496.0,0.0,0.0,0.0,1.0,0.0,0.0,1.0,1232.0,3692.0,-3383.0,766.0,2,0.06972406503420077,-0.0025952226013430625,
2024-04-07 05:18:32.686000+00:00,9496.0,0.0,0.0,0.0,1.0,0.0,0.0,1.0,1232.0,3692.0,-3383.0,766.0,2,0.06972406503420077,-0.0025952226013430625,
2024-04-07 05:18:32.846000+00:00,9496.0,0.0,0.0,0.0,1.0,0.0,0.0,1.0,1232.0,3692.0,-3383.0,766.0,2,0.06972406503420077,-0.0025952226013430625,
2024-04-07 05:18:33.046000+00:00,9496.0,0.0,0.0,0.0,1.0,0.0,0.0,1.0,1232.0,3692.0,-3383.0,766.0,2,0.06972406503420077,-0.0025952226013430625,
2024-04-07 05:18:33.246000+00:00,9496.0,0.0,0.0,0.0,1.0,0.0,0.0,1.0,1232.0,3692.0,-3383.0,766.0,2,0.06972406503420077,-0.0025952226013430625,
2024-04-07 05:18:33.446000+00:00,9496.0,0.0,0.0,0.0,1.0,0.0,0.0,1.0,1232.0,3692.0,-3383.0,766.0,2,0.06972406503420077,-0.0025952226013430625,
2024-04-07 05:18:33.766000+00:00,9496.0,0.0,0.0,0.0,1.0,0.0,0.0,1.0,1232.0,3692.0,-3383.0,766.0,2,0.06972406503420077,-0.0025952226013430625,
2024-04-07 05:18:33.926000+00:00,9496.0,0.0,0.0,0.0,1.0,0.0,0.0,1.0,1232.0,3692.0,-3383.0,766.0,2,0.06972406503420077,-0.0025952226013430625,
2024-04-07 05:18:34.166000+00:00,9496.0,0.0,0.0,0.0,1.0,0.0,0.0,1.0,1232.0,3692.0,-3383.0,766.0,2,0.06972406503420077,-0.0025952226013430625,
2024-04-07 05:18:34.486000+00:00,9496.0,0.0,0.0,0.0,1.0,0.0,0.0,1.0,1232.0,3692.0,-3383.0,766.0,2,0.06972406503420077,-0.0025952226013430625,
2024-04-07 05:18:34.766000+00:00,9496.0,0.0,0.0,0.0,1.0,0.0,0.0,1.0,1232.0,3692.0,-3383.0,766.0,2,0.06972406503420077,-0.0025952226013430625,
2024-04-07 05:18:35.006000+00:00,9496.0,0.0,0.0,0.0,1.0,0.0,0.0,1.0,1232.0,3692.0,-3383.0,766.0,2,0.06972406503420077,-0.0025952226013430625,
2024-04-07 05:18:35.327000+00:00,9496.0,0.0,0.0,0.0,1.0,0.0,0.0,1.0,1232.0,3692.0,-3383.0,766.0,2,0.06972406503420077,-0.0025952226013430625,
2024-04-07 05:18:35.527000+00:00,9496.0,0.0,0.0,0.0,1.0,0.0,0.0,1.0,1232.0,3692.0,-3383.0,766.0,2,0.06972406503420077,-0.0025952226013430625,
2024-04-07 05:18:35.846000+00:00,9496.0,0.0,0.0,0.0,1.0,0.0,0.0,1.0,1232.0,3692.0,-3383.0,766.0,2,0.06972406503420077,-0.0025952226013430625,
2024-04-07 05:18:36.166000+00:00,9496.0,0.0,0.0,0.0,1.0,0.0,0.0,1.0,1232.0,3692.0,-3383.0,766.0,2,0.06972406503420077,-0.0025952226013430625,
2024-04-07 05:18:36.326000+00:00,9496.0,0.0,0.0,0.0,1.0,0.0,0.0,1.0,1232.0,3692.0,-3383.0,766.0,2,0.06972406503420077,-0.0025952226013430625,
2024-04-07 05:18:36.686000+00:00,9496.0,0.0,0.0,0.0,1.0,0.0,0.0,1.0,1232.0,3692.0,-3383.0,766.0,2,0.06972406503420077,-0.0025952226013430625,
2024-04-07 05:18:36.846000+00:00,9496.0,0.0,0.0,0.0,1.0,0.0,0.0,1.0,1232.0,3692.0,-3383.0,766.0,2,0.06972406503420077,-0.0025952226013430625,
2024-04-07 05:18:37.206000+00:00,9496.0,0.0,0.0,0.0,1.0,0.0,0.0,1.0,1232.0,3692.0,-3383.0,766.0,2,0.06972406503420077,-0.0025952226013430625,
2024-04-07 05:18:37.366000+00:00,9496.0,0.0,0.0,0.0,1.0,0.0,0.0,1.0,1232.0,3692.0,-3383.0,766.0,2,0.06972406503420077,-0.0025952226013430625,
2024-04-07 05:18:37.726000+00:00,9496.0,0.0,0.0,0.0,1.0,0.0,0.0,1.0,1232.0,3692.0,-3383.0,766.0,2,0.06972406503420077,-0.0025952226013430625,
2024-04-07 05:18:38.046000+00:00,9496.0,0.0,0.0,0.0,1.0,0.0,0.0,1.0,1232.0,3692.0,-3383.0,766.0,2,0.06972406503420077,-0.0025952226013430625,
2024-04-07 05:18:38.286000+00:00,9496.0,0.0,0.0,0.0,1.0,0.0,0.0,1.0,1232.0,3692.0,-3383.0,766.0,2,0.06972406503420077,-0.0025952226013430625,
2024-04-07 05:18:38.526000+00:00,9496.0,0.0,0.0,0.0,1.0,0.0,0.0,1.0,1232.0,3692.0,-3383.0,766.0,2,0.06972406503420077,-0.0025952226013430625,
2024-04-07 05:18:38.846000+00:00,9496.0,0.0,0.0,0.0,1.0,0.0,0.0,1.0,1232.0,3692.0,-3383.0,766.0,2,0.06972406503420077,-0.0025952226013430625,
2024-04-07 05:18:39.006000+00:00,9496.0,0.0,0.0,0.0,1.0,0.0,0.0,1.0,1232.0,3692.0,-3383.0,766.0,2,0.06972406503420077,-0.0025952226013430625,
2024-04-07 05:18:39.206000+00:00,9496.0,0.0,0.0,0.0,1.0,0.0,0.0,1.0,1232.0,3692.0,-3383.0,766.0,2,0.06972406503420077,-0.0025952226013430625,
2024-04-07 05:18:39.446000+00:00,9496.0,0.0,0.0,0.0,1.0,0.0,0.0,1.0,1232.0,3692.0,-3383.0,766.0,2,0.06972406503420077,-0.0025952226013430625,
2024-04-07 05:18:39.646000+00:00,9496.0,0.0,0.0,0.0,1.0,0.0,0.0,1.0,1232.0,3692.0,-3383.0,766.0,2,0.06972406503420077,-0.0025952226013430625,
2024-04-07 05:18:40.046000+00:00,9496.0,0.0,0.0,0.0,1.0,0.0,0.0,1.0,1232.0,3692.0,-3383.0,766.0,2,0.06972406503420077,-0.0025952226013430625,
2024-04-07 05:18:40.246000+00:00,9496.0,0.0,0.0,0.0,1.0,0.0,0.0,1.0,1232.0,3692.0,-3383.0,766.0,2,0.06972406503420077,-0.0025952226013430625,
2024-04-07 05:18:40.446000+00:00,9496.0,0.0,0.0,0.0,1.0,0.0,0.0,1.0,1232.0,3692.0,-3383.0,766.0,2,0.06972406503420077,-0.0025952226013430625,
2024-04-07 05:18:40.726000+00:00,9496.0,0.0,0.0,0.0,1.0,0.0,0.0,1.0,1232.0,3692.0,-3383.0,766.0,2,0.06972406503420077,-0.0025952226013430625,
2024-04-07 05:18:41.086000+00:00,9496.0,0.0,0.0,0.0,1.0,0.0,0.0,1.0,1232.0,3692.0,-3383.0,766.0,2,0.06972406503420077,-0.0025952226013430625,
2024-04-07 05:18:41.446000+00:00,9496.0,0.0,0.0,0.0,1.0,0.0,0.0,1.0,1232.0,3692.0,-3383.0,766.0,2,0.06972406503420077,-0.0025952226013430625,
2024-04-07 05:18:41.726000+00:00,9496.0,0.0,0.0,0.0,1.0,0.0,0.0,1.0,1232.0,3692.0,-3383.0,766.0,2,0.06972406503420077,-0.0025952226013430625,
2024-04-07 05:18:41.887000+00:00,9496.0,0.0,0.0,0.0,1.0,0.0,0.0,1.0,1232.0,3692.0,-3383.0,766.0,2,0.06972406503420077,-0.0025952226013430625,
2024-04-07 05:18:42.167000+00:00,9496.0,0.0,0.0,0.0,1.0,0.0,0.0,1.0,1232.0,3692.0,-3383.0,766.0,2,0.06972406503420077,-0.0025952226013430625,
2024-04-07 05:18:42.486000+00:00,9496.0,0.0,0.0,0.0,1.0,0.0,0.0,1.0,1232.0,3692.0,-3383.0,766.0,2,0.06972406503420077,-0.0025952226013430625,
2024-04-07 05:18:42.726000+00:00,9496.0,0.0,0.0,0.0,1.0,0.0,0.0,1.0,1232.0,3692.0,-3383.0,766.0,2,0.06972406503420077,-0.0025952226013430625,
2024-04-07 05:18:42.926000+00:00,9496.0,0.0,0.0,0.0,1.0,0.0,0.0,1.0,1232.0,3692.0,-3383.0,766.0,2,0.06972406503420077,-0.0025952226013430625,
2024-04-07 05:18:43.206000+00:00,9496.0,0.0,0.0,0.0,1.0,0.0,0.0,1.0,1232.0,3692.0,-3383.0,766.0,2,0.06972406503420077,-0.0025952226013430625,
2024-04-07 05:18:43.566000+00:00,9496.0,0.0,0.0,0.0,1.0,0.0,0.0,1.0,1232.0,3692.0,-3383.0,766.0,2,0.06972406503420077,-0.0025952226013430625,
2024-04-07 05:18:44.006000+00:00,9496.0,0.0,0.0,0.0,1.0,0.0,0.0,1.0,1232.0,3692.0,-3383.0,766.0,2,0.06972406503420077,-0.0025952226013430625,
2024-04-07 05:18:44.406000+00:00,9496.0,0.0,0.0,0.0,1.0,0.0,0.0,1.0,1232.0,3692.0,-3383.0,766.0,2,0.06972406503420077,-0.0025952226013430625,
2024-04-07 05:18:44.606000+00:00,9496.0,0.0,0.0,0.0,1.0,0.0,0.0,1.0,1232.0,3692.0,-3383.0,766.0,2,0.06972406503420077,-0.0025952226013430625,
2024-04-07 05:18:44.846000+00:00,9496.0,0.0,0.0,0.0,1.0,0.0,0.0,1.0,1232.0,3692.0,-3383.0,766.0,2,0.06972406503420077,-0.0025952226013430625,
2024-04-07 05:18:45.046000+00:00,9496.0,0.0,0.0,0.0,1.0,0.0,0.0,1.0,1232.0,3692.0,-3383.0,766.0,2,0.06972406503420077,-0.0025952226013430625,
2024-04-07 05:18:45.486000+00:00,9496.0,0.0,0.0,0.0,1.0,0.0,0.0,1.0,1232.0,3692.0,-3383.0,766.0,2,0.06972406503420077,-0.0025952226013430625,
2024-04-07 05:18:45.806000+00:00,9496.0,0.0,0.0,0.0,1.0,0.0,0.0,1.0,1232.0,3692.0,-3383.0,766.0,2,0.06972406503420077,-0.0025952226013430625,
2024-04-07 05:18:46.006000+00:00,9496.0,0.0,0.0,0.0,1.0,0.0,0.0,1.0,1232.0,3692.0,-3383.0,766.0,2,0.06972406503420077,-0.0025952226013430625,
2024-04-07 05:18:46.166000+00:00,9496.0,0.0,0.0,0.0,1.0,0.0,0.0,1.0,1232.0,3692.0,-3383.0,766.0,2,0.06972406503420077,-0.0025952226013430625,
2024-04-07 05:18:46.406000+00:00,9496.0,0.0,0.0,0.0,1.0,0.0,0.0,1.0,1232.0,3692.0,-3383.0,766.0,2,0.06972406503420077,-0.0025952226013430625,
2024-04-07 05:18:46.766000+00:00,9496.0,0.0,0.0,0.0,1.0,0.0,0.0,1.0,1232.0,3692.0,-3383.0,766.0,2,0.06972406503420077,-0.0025952226013430625,
2024-04-07 05:18:47.126000+00:00,9496.0,0.0,0.0,0.0,1.0,0.0,0.0,1.0,1232.0,3692.0,-3383.0,766.0,2,0.06972406503420077,-0.0025952226013430625,
2024-04-07 05:18:47.446000+00:00,9496.0,0.0,0.0,0.0,1.0,0.0,0.0,1.0,1232.0,3692.0,-3383.0,766.0,2,0.06972406503420077,-0.0025952226013430625,
2024-04-07 05:18:47.726000+00:00,9496.0,0.0,0.0,0.0,1.0,0.0,0.0,1.0,1232.0,3692.0,-3383.0,766.0,2,0.06972406503420077,-0.0025952226013430625,
2024-04-07 05:18:47.966000+00:00,9496.0,0.0,0.0,0.0,1.0,0.0,0.0,1.0,1232.0,3692.0,-3383.0,766.0,2,0.06972406503420077,-0.0025952226013430625,
2024-04-07 05:18:48.126000+00:00,9496.0,0.0,0.0,0.0,1.0,0.0,0.0,1.0,1232.0,3692.0,-3383.0,766.0,2,0.06972406503420077,-0.0025952226013430625,
2024-04-07 05:18:48.407000+00:00,9496.0,0.0,0.0,0.0,1.0,0.0,0.0,1.0,1232.0,3692.0,-3383.0,766.0,2,0.06972406503420077,-0.0025952226013430625,
2024-04-07 05:18:48.687000+00:00,9496.0,0.0,0.0,0.0,1.0,0.0,0.0,1.0,1232.0,3692.0,-3383.0,766.0,2,0.06972406503420077,-0.0025952226013430625,
2024-04-07 05:18:48.967000+00:00,9496.0,0.0,0.0,0.0,1.0,0.0,0.0,1.0,1232.0,3692.0,-3383.0,766.0,2,0.06972406503420077,-0.0025952226013430625,
2024-04-07 05:18:49.126000+00:00,9496.0,0.0,0.0,0.0,1.0,0.0,0.0,1.0,1232.0,3692.0,-3383.0,766.0,2,0.06972406503420077,-0.0025952226013430625,
2024-04-07 05:18:49.446000+00:00,9496.0,0.0,0.0,0.0,1.0,0.0,0.0,1.0,1232.0,3692.0,-3383.0,766.0,2,0.06972406503420077,-0.0025952226013430625,
2024-04-07 05:18:49.606000+00:00,9496.0,0.0,0.0,0.0,1.0,0.0,0.0,1.0,1232.0,3692.0,-3383.0,766.0,2,0.06972406503420077,-0.0025952226013430625,
2024-04-07 05:18:49.766000+00:00,9496.0,0.0,0.0,0.0,1.0,0.0,0.0,1.0,1232.0,3692.0,-3383.0,766.0,2,0.06972406503420077,-0.0025952226013430625,
2024-04-07 05:18:49.966000+00:00,9496.0,0.0,0.0,0.0,1.0,0.0,0.0,1.0,1232.0,3692.0,-3383.0,766.0,2,0.06972406503420077,-0.0025952226013430625,
2024-04-07 05:18:50.166000+00:00,9496.0,0.0,0.0,0.0,1.0,0.0,0.0,1.0,1232.0,3692.0,-3383.0,766.0,2,0.06972406503420077,-0.0025952226013430625,
2024-04-07 05:18:50.446000+00:00,9496.0,0.0,0.0,0.0,1.0,0.0,0.0,1.0,1232.0,3692.0,-3383.0,766.0,2,0.06972406503420077,-0.0025952226013430625,
2024-04-07 05:18:50.606000+00:00,9496.0,0.0,0.0,0.0,1.0,0.0,0.0,1.0,1232.0,3692.0,-3383.0,766.0,2,0.06972406503420077,-0.0025952226013430625,
2024-04-07 05:18:50.766000+00:00,9496.0,0.0,0.0,0.0,1.0,0.0,0.0,1.0,1232.0,3692.0,-3383.0,766.0,2,0.06972406503420077,-0.0025952226013430625,
2024-04-07 05:18:51.126000+00:00,9496.0,0.0,0.0,0.0,1.0,0.0,0.0,1.0,1232.0,3692.0,-3383.0,766.0,2,0.06972406503420077,-0.0025952226013430625,
2024-04-07 05:18:51.486000+00:00,9496.0,0.0,0.0,0.0,1.0,0.0,0.0,1.0,1232.0,3692.0,-3383.0,766.0,2,0.06972406503420077,-0.0025952226013430625,
2024-04-07 05:18:51.646000+00:00,9496.0,0.0,0.0,0.0,1.0,0.0,0.0,1.0,1232.0,3692.0,-3383.0,766.0,2,0.06972406503420077,-0.0025952226013430625,
2024-04-07 05:18:52.006000+00:00,9496.0,0.0,0.0,0.0,1.0,0.0,0.0,1.0,1232.0,3692.0,-3383.0,766.0,2,0.06972406503420077,-0.0025952226013430625,
2024-04-07 05:18:52.166000+00:00,9496.0,0.0,0.0,0.0,1.0,0.0,0.0,1.0,1232.0,3692.0,-3383.0,766.0,2,0.06972406503420077,-0.0025952226013430625,
2024-04-07 05:18:52.406000+00:00,9496.0,0.0,0.0,0.0,1.0,0.0,0.0,1.0,1232.0,3692.0,-3383.0,766.0,2,0.06972406503420077,-0.0025952226013430625,
2024-04-07 05:18:52.646000+00:00,9496.0,0.0,0.0,0.0,1.0,0.0,0.0,1.0,1232.0,3692.0,-3383.0,766.0,2,0.06972406503420077,-0.0025952226013430625,
2024-04-07 05:18:53.046000+00:00,9496.0,0.0,0.0,0.0,1.0,0.0,0.0,1.0,1232.0,3692.0,-3383.0,766.0,2,0.06972406503420077,-0.0025952226013430625,
2024-04-07 05:18:53.406000+00:00,9496.0,0.0,0.0,0.0,1.0,0.0,0.0,1.0,1232.0,3692.0,-3383.0,766.0,2,0.06972406503420077,-0.0025952226013430625,
2024-04-07 05:18:53.646000+00:00,9496.0,0.0,0.0,0.0,1.0,0.0,0.0,1.0,1232.0,3692.0,-3383.0,766.0,2,0.06972406503420077,-0.0025952226013430625,
2024-04-07 05:18:53.806000+00:00,9496.0,0.0,0.0,0.0,1.0,0.0,0.0,1.0,1232.0,3692.0,-3383.0,766.0,2,0.06972406503420077,-0.0025952226013430625,
2024-04-07 05:18:54.246000+00:00,9496.0,0.0,0.0,0.0,1.0,0.0,0.0,1.0,1232.0,3692.0,-3383.0,766.0,2,0.06972406503420077,-0.0025952226013430625,
2024-04-07 05:18:54.446000+00:00,9496.0,0.0,0.0,0.0,1.0,0.0,0.0,1.0,1232.0,3692.0,-3383.0,766.0,2,0.06972406503420077,-0.0025952226013430625,
2024-04-07 05:18:54.766000+00:00,9496.0,0.0,0.0,0.0,1.0,0.0,0.0,1.0,1232.0,3692.0,-3383.0,766.0,2,0.06972406503420077,-0.0025952226013430625,
2024-04-07 05:18:55.047000+00:00,9496.0,0.0,0.0,0.0,1.0,0.0,0.0,1.0,1232.0,3692.0,-3383.0,766.0,2,0.06972406503420077,-0.0025952226013430625,
2024-04-07 05:18:55.287000+00:00,9496.0,0.0,0.0,0.0,1.0,0.0,0.0,1.0,1232.0,3692.0,-3383.0,766.0,2,0.06972406503420077,-0.0025952226013430625,
2024-04-07 05:18:55.687000+00:00,9496.0,0.0,0.0,0.0,1.0,0.0,0.0,1.0,1232.0,3692.0,-3383.0,766.0,2,0.06972406503420077,-0.0025952226013430625,
2024-04-07 05:18:55.966000+00:00,9496.0,0.0,0.0,0.0,1.0,0.0,0.0,1.0,1232.0,3692.0,-3383.0,766.0,2,0.06972406503420077,-0.0025952226013430625,
2024-04-07 05:18:56.206000+00:00,9496.0,0.0,0.0,0.0,1.0,0.0,0.0,1.0,1232.0,3692.0,-3383.0,766.0,2,0.06972406503420077,-0.0025952226013430625,
2024-04-07 05:18:56.566000+00:00,9496.0,0.0,0.0,0.0,1.0,0.0,0.0,1.0,1232.0,3692.0,-3383.0,766.0,2,0.06972406503420077,-0.0025952226013430625,
2024-04-07 05:18:56.726000+00:00,9496.0,0.0,0.0,0.0,1.0,0.0,0.0,1.0,1232.0,3692.0,-3383.0,766.0,2,0.06972406503420077,-0.0025952226013430625,
2024-04-07 05:18:56.886000+00:00,9496.0,0.0,0.0,0.0,1.0,0.0,0.0,1.0,1232.0,3692.0,-3383.0,766.0,2,0.06972406503420077,-0.0025952226013430625,
2024-04-07 05:18:57.126000+00:00,9496.0,0.0,0.0,0.0,1.0,0.0,0.0,1.0,1232.0,3692.0,-3383.0,766.0,2,0.06972406503420077,-0.0025952226013430625,
2024-04-07 05:18:57.366000+00:00,9496.0,0.0,0.0,0.0,1.0,0.0,0.0,1.0,1232.0,3692.0,-3383.0,766.0,2,0.06972406503420077,-0.0025952226013430625,
2024-04-07 05:18:57.686000+00:00,9496.0,0.0,0.0,0.0,1.0,0.0,0.0,1.0,1232.0,3692.0,-3383.0,766.0,2,0.06972406503420077,-0.0025952226013430625,
2024-04-07 05:18:57.846000+00:00,9496.0,0.0,0.0,0.0,1.0,0.0,0.0,1.0,1232.0,3692.0,-3383.0,766.0,2,0.06972406503420077,-0.0025952226013430625,
2024-04-07 05:18:58.126000+00:00,9496.0,0.0,0.0,0.0,1.0,0.0,0.0,1.0,1232.0,3692.0,-3383.0,766.0,2,0.06972406503420077,-0.0025952226013430625,
2024-04-07 05:18:58.446000+00:00,9496.0,0.0,0.0,0.0,1.0,0.0,0.0,1.0,1232.0,3692.0,-3383.0,766.0,2,0.06972406503420077,-0.0025952226013430625,
2024-04-07 05:18:58.686000+00:00,9496.0,0.0,0.0,0.0,1.0,0.0,0.0,1.0,1232.0,3692.0,-3383.0,766.0,2,0.06972406503420077,-0.0025952226013430625,
2024-04-07 05:18:58.846000+00:00,9496.0,0.0,0.0,0.0,1.0,0.0,0.0,1.0,1232.0,3692.0,-3383.0,766.0,2,0.06972406503420077,-0.0025952226013430625,
2024-04-07 05:18:59.206000+00:00,9496.0,0.0,0.0,0.0,1.0,0.0,0.0,1.0,1232.0,3692.0,-3383.0,766.0,2,0.06972406503420077,-0.0025952226013430625,
2024-04-07 05:18:59.366000+00:00,9496.0,0.0,0.0,0.0,1.0,0.0,0.0,1.0,1232.0,3692.0,-3383.0,766.0,2,0.06972406503420077,-0.0025952226013430625,
2024-04-07 05:18:59.806000+00:00,9496.0,0.0,0.0,0.0,1.0,0.0,0.0,1.0,1232.0,3692.0,-3383.0,766.0,2,0.06972406503420077,-0.0025952226013430625,
2024-04-07 05:19:00.166000+00:00,9496.0,0.0,0.0,0.0,3.0,0.0,0.0,1.0,1232.0,3692.0,-3383.0,766.0,2,0.06972406503420077,-0.0025952226013430625,
2024-04-07 05:19:00.366000+00:00,9496.0,0.0,0.0,0.0,3.0,0.0,0.0,1.0,1232.0,3692.0,-3383.0,766.0,2,0.06972406503420077,-0.0025952226013430625,
2024-04-07 05:19:00.766000+00:00,9496.0,0.0,0.0,0.0,3.0,0.0,0.0,1.0,1232.0,3692.0,-3383.0,766.0,2,0.06972406503420077,-0.0025952226013430625,
2024-04-07 05:19:01.046000+00:00,9496.0,0.0,0.0,0.0,3.0,0.0,0.0,1.0,1232.0,3692.0,-3383.0,766.0,2,0.06972406503420077,-0.0025952226013430625,
2024-04-07 05:19:01.446000+00:00,9496.0,0.0,0.0,0.0,1.0,0.0,0.0,1.0,1232.0,3692.0,-3383.0,766.0,2,0.06972406503420077,-0.0025952226013430625,
2024-04-07 05:19:02.646000+00:00,9496.0,0.0,0.0,0.0,1.0,0.0,0.0,1.0,1232.0,3692.0,-3383.0,766.0,2,0.06972406503420077,-0.0025952226013430625,
2024-04-07 05:19:03.046000+00:00,9496.0,0.0,0.0,0.0,1.0,0.0,0.0,1.0,1232.0,3692.0,-3383.0,766.0,2,0.06972406503420077,-0.0025952226013430625,
2024-04-07 05:19:03.366000+00:00,9496.0,1400.0,0.0,0.0,1.0,0.0,0.0,1.0,1232.0,3692.0,-3383.0,766.0,2,0.06972406503420077,-0.0025952226013430625,
2024-04-07 05:19:03.646000+00:00,9496.0,2509.0,0.0,0.0,1.0,0.0,0.0,1.0,1232.0,3692.0,-3383.0,766.0,2,0.06972406503420077,-0.0025952226013430625,
2024-04-07 05:19:03.846000+00:00,9496.0,2549.0,0.0,0.0,1.0,0.0,0.0,1.0,1232.0,3692.0,-3383.0,766.0,2,0.06972406503420077,-0.0025952226013430625,
2024-04-07 05:19:04.046000+00:00,9496.0,2581.0,0.0,0.0,1.0,0.0,0.0,1.0,1232.0,3692.0,-3383.0,766.0,2,0.06972406503420077,-0.0025952226013430625,
2024-04-07 05:19:04.326000+00:00,9496.0,2625.0,0.0,0.0,1.0,0.0,0.0,1.0,1232.0,3692.0,-3383.0,766.0,2,0.06972406503420077,-0.0025952226013430625,
2024-04-07 05:19:04.606000+00:00,9496.0,2541.0,0.0,0.0,1.0,0.0,0.0,1.0,1232.0,3692.0,-3383.0,766.0,2,0.06972406503420077,-0.0025952226013430625,
2024-04-07 05:19:04.806000+00:00,9496.0,2674.0,0.0,0.0,1.0,0.0,0.0,1.0,1232.0,3692.0,-3383.0,766.0,2,0.06972406503420077,-0.0025952226013430625,
2024-04-07 05:19:05.126000+00:00,9496.0,2676.0,0.0,0.0,1.0,0.0,0.0,1.0,1232.0,3692.0,-3383.0,766.0,2,0.06972406503420077,-0.0025952226013430625,
2024-04-07 05:19:05.486000+00:00,9496.0,2757.0,0.0,0.0,1.0,0.0,0.0,1.0,1232.0,3692.0,-3383.0,766.0,2,0.06972406503420077,-0.0025952226013430625,
2024-04-07 05:19:05.686000+00:00,9496.0,2696.0,0.0,0.0,1.0,0.0,0.0,1.0,1232.0,3692.0,-3383.0,766.0,2,0.06972406503420077,-0.0025952226013430625,
2024-04-07 05:19:05.926000+00:00,9496.0,2662.0,0.0,0.0,1.0,0.0,0.0,1.0,1232.0,3692.0,-3383.0,766.0,2,0.06972406503420077,-0.0025952226013430625,
2024-04-07 05:19:06.246000+00:00,9496.0,2694.0,0.0,0.0,1.0,0.0,0.0,1.0,1232.0,3692.0,-3383.0,766.0,2,0.06972406503420077,-0.0025952226013430625,
2024-04-07 05:19:06.486000+00:00,9496.0,2718.0,0.0,0.0,1.0,0.0,0.0,1.0,1232.0,3692.0,-3383.0,766.0,2,0.06972406503420077,-0.0025952226013430625,
2024-04-07 05:19:06.726000+00:00,9496.0,2708.0,0.0,0.0,1.0,0.0,0.0,1.0,1232.0,3692.0,-3383.0,766.0,2,0.06972406503420077,-0.0025952226013430625,
2024-04-07 05:19:07.086000+00:00,9496.0,2900.0,0.0,0.0,1.0,0.0,0.0,1.0,1232.0,3692.0,-3383.0,766.0,2,0.06972406503420077,-0.0025952226013430625,
2024-04-07 05:19:07.446000+00:00,9496.0,3964.0,0.0,0.0,1.0,0.0,0.0,1.0,1232.0,3692.0,-3383.0,766.0,2,0.06972406503420077,-0.0025952226013430625,
2024-04-07 05:19:07.606000+00:00,9496.0,3880.0,0.0,0.0,1.0,0.0,0.0,1.0,1232.0,3692.0,-3383.0,766.0,2,0.06972406503420077,-0.0025952226013430625,
2024-04-07 05:19:08.006000+00:00,9496.0,3779.0,0.0,0.0,1.0,0.0,0.0,1.0,1232.0,3692.0,-3383.0,766.0,2,0.06972406503420077,-0.0025952226013430625,
2024-04-07 05:19:08.247000+00:00,9496.0,3773.0,0.0,0.0,1.0,0.0,0.0,1.0,1232.0,3692.0,-3383.0,766.0,2,0.06972406503420077,-0.0025952226013430625,
2024-04-07 05:19:08.607000+00:00,9496.0,3637.0,0.0,0.0,1.0,0.0,0.0,1.0,1232.0,3692.0,-3383.0,766.0,2,0.06972406503420077,-0.0025952226013430625,
2024-04-07 05:19:09.007000+00:00,9496.0,3856.0,0.0,0.0,1.0,0.0,0.0,1.0,1232.0,3692.0,-3383.0,766.0,2,0.06972406503420077,-0.0025952226013430625,
2024-04-07 05:19:09.247000+00:00,9496.0,3873.0,0.0,0.0,1.0,0.0,0.0,1.0,1232.0,3692.0,-3383.0,766.0,2,0.06972406503420077,-0.0025952226013430625,
2024-04-07 05:19:09.406000+00:00,9496.0,3767.0,0.0,0.0,1.0,0.0,0.0,1.0,1232.0,3692.0,-3383.0,766.0,2,0.06972406503420077,-0.0025952226013430625,
2024-04-07 05:19:09.686000+00:00,9496.0,3753.0,0.0,0.0,1.0,0.0,0.0,1.0,1232.0,3692.0,-3383.0,766.0,2,0.06972406503420077,-0.0025952226013430625,
2024-04-07 05:19:10.046000+00:00,9496.0,3693.0,0.0,0.0,1.0,0.0,0.0,1.0,1232.0,3692.0,-3383.0,766.0,2,0.06972406503420077,-0.0025952226013430625,
2024-04-07 05:19:10.486000+00:00,9496.0,3605.0,0.0,0.0,1.0,0.0,0.0,1.0,1232.0,3692.0,-3383.0,766.0,2,0.06972406503420077,-0.0025952226013430625,
2024-04-07 05:19:10.806000+00:00,9496.0,3505.0,0.0,0.0,1.0,0.0,0.0,1.0,1232.0,3692.0,-3383.0,766.0,2,0.06972406503420077,-0.0025952226013430625,
2024-04-07 05:19:11.046000+00:00,9496.0,3462.0,0.0,0.0,1.0,0.0,0.0,1.0,1232.0,3692.0,-3383.0,766.0,2,0.06972406503420077,-0.0025952226013430625,
2024-04-07 05:19:11.406000+00:00,9496.0,3437.0,0.0,0.0,1.0,0.0,0.0,1.0,1232.0,3692.0,-3383.0,766.0,2,0.06972406503420077,-0.0025952226013430625,
2024-04-07 05:19:11.646000+00:00,9496.0,3348.0,0.0,0.0,1.0,0.0,0.0,1.0,1232.0,3692.0,-3383.0,766.0,2,0.06972406503420077,-0.0025952226013430625,
2024-04-07 05:19:11.926000+00:00,9496.0,3348.0,0.0,0.0,1.0,0.0,0.0,1.0,1232.0,3692.0,-3383.0,766.0,2,0.06972406503420077,-0.0025952226013430625,
2024-04-07 05:19:12.166000+00:00,9496.0,3338.0,0.0,0.0,1.0,0.0,0.0,1.0,1232.0,3692.0,-3383.0,766.0,2,0.06972406503420077,-0.0025952226013430625,
2024-04-07 05:19:12.446000+00:00,9496.0,3384.0,0.0,0.0,1.0,0.0,0.0,1.0,1232.0,3692.0,-3383.0,766.0,2,0.06972406503420077,-0.0025952226013430625,
2024-04-07 05:19:12.686000+00:00,9496.0,3468.0,0.0,0.0,1.0,0.0,0.0,1.0,1232.0,3692.0,-3383.0,766.0,2,0.06972406503420077,-0.0025952226013430625,
2024-04-07 05:19:12.846000+00:00,9496.0,3468.0,0.0,0.0,1.0,0.0,0.0,1.0,1232.0,3692.0,-3383.0,766.0,2,0.06972406503420077,-0.0025952226013430625,
2024-04-07 05:19:13.086000+00:00,9496.0,3369.0,0.0,0.0,1.0,0.0,0.0,1.0,1232.0,3692.0,-3383.0,766.0,2,0.06972406503420077,-0.0025952226013430625,
2024-04-07 05:19:13.286000+00:00,9496.0,3426.0,0.0,0.0,1.0,0.0,0.0,1.0,1232.0,3692.0,-3383.0,766.0,2,0.06972406503420077,-0.0025952226013430625,
2024-04-07 05:19:13.566000+00:00,9496.0,3350.0,0.0,0.0,1.0,0.0,0.0,1.0,1232.0,3692.0,-3383.0,766.0,2,0.06972406503420077,-0.0025952226013430625,
2024-04-07 05:19:13.766000+00:00,9496.0,3498.0,0.0,0.0,1.0,0.0,0.0,1.0,1232.0,3692.0,-3383.0,766.0,2,0.06972406503420077,-0.0025952226013430625,
2024-04-07 05:19:13.926000+00:00,9496.0,3454.0,0.0,0.0,1.0,0.0,0.0,1.0,1232.0,3692.0,-3383.0,766.0,2,0.06972406503420077,-0.0025952226013430625,
2024-04-07 05:19:14.166000+00:00,9496.0,3488.0,0.0,0.0,1.0,0.0,0.0,1.0,1232.0,3692.0,-3383.0,766.0,2,0.06972406503420077,-0.0025952226013430625,
2024-04-07 05:19:14.446000+00:00,9496.0,3598.0,0.0,0.0,1.0,0.0,0.0,1.0,1232.0,3692.0,-3383.0,766.0,2,0.06972406503420077,-0.0025952226013430625,
2024-04-07 05:19:14.967000+00:00,9496.0,3601.0,0.0,0.0,1.0,0.0,0.0,1.0,1232.0,3692.0,-3383.0,766.0,2,0.06972406503420077,-0.0025952226013430625,
2024-04-07 05:19:15.407000+00:00,9496.0,3481.0,0.0,0.0,1.0,0.0,0.0,1.0,1232.0,3692.0,-3383.0,766.0,2,0.06972406503420077,-0.0025952226013430625,
2024-04-07 05:19:15.647000+00:00,9496.0,3510.0,0.0,0.0,1.0,0.0,0.0,1.0,1232.0,3692.0,-3383.0,766.0,2,0.06972406503420077,-0.0025952226013430625,
2024-04-07 05:19:15.927000+00:00,9496.0,3542.0,0.0,0.0,1.0,0.0,0.0,1.0,1232.0,3692.0,-3383.0,766.0,2,0.06972406503420077,-0.0025952226013430625,
2024-04-07 05:19:16.086000+00:00,9496.0,3547.0,0.0,0.0,1.0,0.0,0.0,1.0,1232.0,3692.0,-3383.0,766.0,2,0.06972406503420077,-0.0025952226013430625,
2024-04-07 05:19:16.406000+00:00,9496.0,3583.0,0.0,0.0,1.0,0.0,0.0,1.0,1232.0,3692.0,-3383.0,766.0,2,0.06972406503420077,-0.0025952226013430625,
2024-04-07 05:19:16.606000+00:00,9496.0,3565.0,0.0,0.0,1.0,0.0,0.0,1.0,1232.0,3692.0,-3383.0,766.0,2,0.06972406503420077,-0.0025952226013430625,
2024-04-07 05:19:16.926000+00:00,9496.0,3405.0,0.0,0.0,1.0,0.0,0.0,1.0,1232.0,3692.0,-3383.0,766.0,2,0.06972406503420077,-0.0025952226013430625,
2024-04-07 05:19:17.286000+00:00,9496.0,1824.0,0.0,0.0,1.0,0.0,0.0,1.0,1232.0,3692.0,-3383.0,766.0,2,0.06972406503420077,-0.0025952226013430625,
2024-04-07 05:19:17.566000+00:00,9496.0,0.0,0.0,0.0,1.0,0.0,0.0,1.0,1232.0,3692.0,-3383.0,766.0,2,0.06972406503420077,-0.0025952226013430625,
2024-04-07 05:19:18.086000+00:00,9496.0,0.0,0.0,0.0,1.0,0.0,0.0,1.0,1232.0,3692.0,-3383.0,766.0,2,0.06972406503420077,-0.0025952226013430625,
2024-04-07 05:19:18.286000+00:00,9496.0,0.0,0.0,0.0,1.0,0.0,0.0,1.0,1232.0,3692.0,-3383.0,766.0,2,0.06972406503420077,-0.0025952226013430625,
2024-04-07 05:19:18.446000+00:00,9496.0,0.0,0.0,0.0,1.0,0.0,0.0,1.0,1232.0,3692.0,-3383.0,766.0,2,0.06972406503420077,-0.0025952226013430625,
2024-04-07 05:19:18.606000+00:00,9496.0,0.0,0.0,0.0,1.0,0.0,0.0,1.0,1232.0,3692.0,-3383.0,766.0,2,0.06972406503420077,-0.0025952226013430625,
2024-04-07 05:19:18.766000+00:00,9496.0,0.0,0.0,0.0,1.0,0.0,0.0,1.0,1232.0,3692.0,-3383.0,766.0,2,0.06972406503420077,-0.0025952226013430625,
2024-04-07 05:19:19.126000+00:00,9496.0,0.0,0.0,0.0,1.0,0.0,0.0,1.0,1232.0,3692.0,-3383.0,766.0,2,0.06972406503420077,-0.0025952226013430625,
2024-04-07 05:19:19.526000+00:00,9496.0,0.0,0.0,0.0,1.0,0.0,0.0,1.0,1232.0,3692.0,-3383.0,766.0,2,0.06972406503420077,-0.0025952226013430625,
2024-04-07 05:19:19.726000+00:00,9496.0,0.0,0.0,0.0,1.0,0.0,0.0,1.0,1232.0,3692.0,-3383.0,766.0,2,0.06972406503420077,-0.0025952226013430625,
2024-04-07 05:19:19.886000+00:00,9496.0,0.0,0.0,0.0,1.0,0.0,0.0,1.0,1232.0,3692.0,-3383.0,766.0,2,0.06972406503420077,-0.0025952226013430625,
2024-04-07 05:19:20.046000+00:00,9496.0,0.0,0.0,0.0,1.0,0.0,0.0,1.0,1232.0,3692.0,-3383.0,766.0,2,0.06972406503420077,-0.0025952226013430625,
2024-04-07 05:19:20.446000+00:00,9496.0,0.0,0.0,0.0,1.0,0.0,0.0,1.0,1232.0,3692.0,-3383.0,766.0,2,0.06972406503420077,-0.0025952226013430625,
2024-04-07 05:19:20.686000+00:00,9496.0,0.0,0.0,0.0,1.0,0.0,0.0,1.0,1232.0,3692.0,-3383.0,766.0,2,0.06972406503420077,-0.0025952226013430625,
2024-04-07 05:19:20.966000+00:00,9496.0,0.0,0.0,0.0,1.0,0.0,0.0,1.0,1232.0,3692.0,-3383.0,766.0,2,0.06972406503420077,-0.0025952226013430625,
2024-04-07 05:19:21.327000+00:00,9496.0,0.0,0.0,0.0,1.0,0.0,0.0,1.0,1232.0,3692.0,-3383.0,766.0,2,0.06972406503420077,-0.0025952226013430625,
2024-04-07 05:19:21.647000+00:00,9496.0,0.0,0.0,0.0,1.0,0.0,0.0,1.0,1232.0,3692.0,-3383.0,766.0,2,0.06972406503420077,-0.0025952226013430625,
2024-04-07 05:19:22.007000+00:00,9496.0,0.0,0.0,0.0,1.0,0.0,0.0,1.0,1232.0,3692.0,-3383.0,766.0,2,0.06972406503420077,-0.0025952226013430625,
2024-04-07 05:19:22.207000+00:00,9496.0,0.0,0.0,0.0,1.0,0.0,0.0,1.0,1232.0,3692.0,-3383.0,766.0,2,0.06972406503420077,-0.0025952226013430625,
2024-04-07 05:19:23.086000+00:00,9496.0,0.0,0.0,0.0,1.0,0.0,0.0,1.0,1232.0,3692.0,-3383.0,766.0,2,0.06972406503420077,-0.0025952226013430625,
2024-04-07 05:19:23.246000+00:00,9496.0,0.0,0.0,0.0,1.0,0.0,0.0,1.0,1232.0,3692.0,-3383.0,766.0,2,0.06972406503420077,-0.0025952226013430625,
2024-04-07 05:19:23.446000+00:00,9496.0,0.0,0.0,0.0,1.0,0.0,0.0,1.0,1232.0,3692.0,-3383.0,766.0,2,0.06972406503420077,-0.0025952226013430625,
2024-04-07 05:19:23.766000+00:00,9496.0,0.0,0.0,0.0,1.0,0.0,0.0,1.0,1232.0,3692.0,-3383.0,766.0,2,0.06972406503420077,-0.0025952226013430625,
2024-04-07 05:19:24.166000+00:00,9496.0,0.0,0.0,0.0,1.0,0.0,0.0,1.0,1232.0,3692.0,-3383.0,766.0,2,0.06972406503420077,-0.0025952226013430625,
2024-04-07 05:19:24.406000+00:00,9496.0,0.0,0.0,0.0,1.0,0.0,0.0,1.0,1232.0,3692.0,-3383.0,766.0,2,0.06972406503420077,-0.0025952226013430625,
2024-04-07 05:19:24.726000+00:00,9496.0,0.0,0.0,0.0,1.0,0.0,0.0,1.0,1232.0,3692.0,-3383.0,766.0,2,0.06972406503420077,-0.0025952226013430625,
2024-04-07 05:19:25.126000+00:00,9496.0,0.0,0.0,0.0,1.0,0.0,0.0,1.0,1232.0,3692.0,-3383.0,766.0,2,0.06972406503420077,-0.0025952226013430625,
2024-04-07 05:19:25.326000+00:00,9496.0,0.0,0.0,0.0,1.0,0.0,0.0,1.0,1232.0,3692.0,-3383.0,766.0,2,0.06972406503420077,-0.0025952226013430625,
2024-04-07 05:19:25.606000+00:00,9496.0,0.0,0.0,0.0,1.0,0.0,0.0,1.0,1232.0,3692.0,-3383.0,766.0,2,0.06972406503420077,-0.0025952226013430625,
2024-04-07 05:19:25.806000+00:00,9496.0,0.0,0.0,0.0,1.0,0.0,0.0,1.0,1232.0,3692.0,-3383.0,766.0,2,0.06972406503420077,-0.0025952226013430625,
2024-04-07 05:19:26.126000+00:00,9496.0,0.0,0.0,0.0,1.0,0.0,0.0,1.0,1232.0,3692.0,-3383.0,766.0,2,0.06972406503420077,-0.0025952226013430625,
2024-04-07 05:19:26.286000+00:00,9496.0,0.0,0.0,0.0,1.0,0.0,0.0,1.0,1232.0,3692.0,-3383.0,766.0,2,0.06972406503420077,-0.0025952226013430625,
2024-04-07 05:19:26.486000+00:00,9496.0,0.0,0.0,0.0,1.0,0.0,0.0,1.0,1232.0,3692.0,-3383.0,766.0,2,0.06972406503420077,-0.0025952226013430625,
2024-04-07 05:19:26.686000+00:00,9496.0,0.0,0.0,0.0,1.0,0.0,0.0,1.0,1232.0,3692.0,-3383.0,766.0,2,0.06972406503420077,-0.0025952226013430625,
2024-04-07 05:19:27.046000+00:00,9496.0,0.0,0.0,0.0,1.0,0.0,0.0,1.0,1232.0,3692.0,-3383.0,766.0,2,0.06972406503420077,-0.0025952226013430625,
2024-04-07 05:19:27.486000+00:00,9496.0,0.0,0.0,0.0,1.0,0.0,0.0,1.0,1232.0,3692.0,-3383.0,766.0,2,0.06972406503420077,-0.0025952226013430625,
2024-04-07 05:19:27.807000+00:00,9496.0,0.0,0.0,0.0,1.0,0.0,0.0,1.0,1232.0,3692.0,-3383.0,766.0,2,0.06972406503420077,-0.0025952226013430625,
2024-04-07 05:19:27.967000+00:00,9496.0,0.0,0.0,0.0,1.0,0.0,0.0,1.0,1232.0,3692.0,-3383.0,766.0,2,0.06972406503420077,-0.0025952226013430625,
2024-04-07 05:19:28.127000+00:00,9496.0,0.0,0.0,0.0,1.0,0.0,0.0,1.0,1232.0,3692.0,-3383.0,766.0,2,0.06972406503420077,-0.0025952226013430625,
2024-04-07 05:19:28.407000+00:00,9496.0,0.0,0.0,0.0,1.0,0.0,0.0,1.0,1232.0,3692.0,-3383.0,766.0,2,0.06972406503420077,-0.0025952226013430625,
2024-04-07 05:19:28.647000+00:00,9496.0,0.0,0.0,0.0,1.0,0.0,0.0,1.0,1232.0,3692.0,-3383.0,766.0,2,0.06972406503420077,-0.0025952226013430625,
2024-04-07 05:19:28.807000+00:00,9496.0,0.0,0.0,0.0,1.0,0.0,0.0,1.0,1232.0,3692.0,-3383.0,766.0,2,0.06972406503420077,-0.0025952226013430625,
2024-04-07 05:19:29.047000+00:00,9496.0,0.0,0.0,0.0,1.0,0.0,0.0,1.0,1232.0,3692.0,-3383.0,766.0,2,0.06972406503420077,-0.0025952226013430625,
2024-04-07 05:19:29.287000+00:00,9496.0,0.0,0.0,0.0,1.0,0.0,0.0,1.0,1232.0,3692.0,-3383.0,766.0,2,0.06972406503420077,-0.0025952226013430625,
2024-04-07 05:19:29.686000+00:00,9496.0,0.0,0.0,0.0,1.0,0.0,0.0,1.0,1232.0,3692.0,-3383.0,766.0,2,0.06972406503420077,-0.0025952226013430625,
2024-04-07 05:19:29.966000+00:00,9496.0,0.0,0.0,0.0,1.0,0.0,0.0,1.0,1232.0,3692.0,-3383.0,766.0,2,0.06972406503420077,-0.0025952226013430625,
2024-04-07 05:19:30.206000+00:00,9496.0,0.0,0.0,0.0,1.0,0.0,0.0,1.0,1232.0,3692.0,-3383.0,766.0,2,0.06972406503420077,-0.0025952226013430625,
2024-04-07 05:19:30.406000+00:00,9496.0,0.0,0.0,0.0,1.0,0.0,0.0,1.0,1232.0,3692.0,-3383.0,766.0,2,0.06972406503420077,-0.0025952226013430625,
2024-04-07 05:19:30.566000+00:00,9496.0,0.0,0.0,0.0,1.0,0.0,0.0,1.0,1232.0,3692.0,-3383.0,766.0,2,0.06972406503420077,-0.0025952226013430625,
2024-04-07 05:19:30.806000+00:00,9496.0,0.0,0.0,0.0,1.0,0.0,0.0,1.0,1232.0,3692.0,-3383.0,766.0,2,0.06972406503420077,-0.0025952226013430625,
2024-04-07 05:19:31.046000+00:00,9496.0,0.0,0.0,0.0,1.0,0.0,0.0,1.0,1232.0,3692.0,-3383.0,766.0,2,0.06972406503420077,-0.0025952226013430625,
2024-04-07 05:19:31.246000+00:00,9496.0,0.0,0.0,0.0,1.0,0.0,0.0,1.0,1232.0,3692.0,-3383.0,766.0,2,0.06972406503420077,-0.0025952226013430625,
2024-04-07 05:19:31.446000+00:00,9496.0,0.0,0.0,0.0,1.0,0.0,0.0,1.0,1232.0,3692.0,-3383.0,766.0,2,0.06972406503420077,-0.0025952226013430625,
2024-04-07 05:19:31.806000+00:00,9496.0,0.0,0.0,0.0,1.0,0.0,0.0,1.0,1232.0,3692.0,-3383.0,766.0,2,0.06972406503420077,-0.0025952226013430625,
2024-04-07 05:19:32.006000+00:00,9496.0,0.0,0.0,0.0,1.0,0.0,0.0,1.0,1232.0,3692.0,-3383.0,766.0,2,0.06972406503420077,-0.0025952226013430625,
2024-04-07 05:19:32.406000+00:00,9496.0,0.0,0.0,0.0,1.0,0.0,0.0,1.0,1232.0,3692.0,-3383.0,766.0,2,0.06972406503420077,-0.0025952226013430625,
2024-04-07 05:19:32.846000+00:00,9496.0,0.0,0.0,0.0,1.0,0.0,0.0,1.0,1232.0,3692.0,-3383.0,766.0,2,0.06972406503420077,-0.0025952226013430625,
2024-04-07 05:19:33.006000+00:00,9496.0,0.0,0.0,0.0,1.0,0.0,0.0,1.0,1232.0,3692.0,-3383.0,766.0,2,0.06972406503420077,-0.0025952226013430625,
2024-04-07 05:19:33.166000+00:00,9496.0,0.0,0.0,0.0,1.0,0.0,0.0,1.0,1232.0,3692.0,-3383.0,766.0,2,0.06972406503420077,-0.0025952226013430625,
2024-04-07 05:19:33.446000+00:00,9496.0,0.0,0.0,0.0,1.0,0.0,0.0,1.0,1232.0,3692.0,-3383.0,766.0,2,0.06972406503420077,-0.0025952226013430625,
2024-04-07 05:19:33.606000+00:00,9496.0,0.0,0.0,0.0,1.0,0.0,0.0,1.0,1232.0,3692.0,-3383.0,766.0,2,0.06972406503420077,-0.0025952226013430625,
2024-04-07 05:19:33.766000+00:00,9496.0,0.0,0.0,0.0,1.0,0.0,0.0,1.0,1232.0,3692.0,-3383.0,766.0,2,0.06972406503420077,-0.0025952226013430625,
2024-04-07 05:19:33.966000+00:00,9496.0,0.0,0.0,0.0,1.0,0.0,0.0,1.0,1232.0,3692.0,-3383.0,766.0,2,0.06972406503420077,-0.0025952226013430625,
2024-04-07 05:19:34.206000+00:00,9496.0,0.0,0.0,0.0,1.0,0.0,0.0,1.0,1232.0,3692.0,-3383.0,766.0,2,0.06972406503420077,-0.0025952226013430625,
2024-04-07 05:19:34.487000+00:00,9496.0,0.0,0.0,0.0,1.0,0.0,0.0,1.0,1232.0,3692.0,-3383.0,766.0,2,0.06972406503420077,-0.0025952226013430625,
2024-04-07 05:19:34.687000+00:00,9496.0,0.0,0.0,0.0,1.0,0.0,0.0,1.0,1232.0,3692.0,-3383.0,766.0,2,0.06972406503420077,-0.0025952226013430625,
2024-04-07 05:19:35.007000+00:00,9496.0,0.0,0.0,0.0,1.0,0.0,0.0,1.0,1232.0,3692.0,-3383.0,766.0,2,0.06972406503420077,-0.0025952226013430625,
2024-04-07 05:19:35.167000+00:00,9496.0,0.0,0.0,0.0,1.0,0.0,0.0,1.0,1232.0,3692.0,-3383.0,766.0,2,0.06972406503420077,-0.0025952226013430625,
2024-04-07 05:19:35.527000+00:00,9496.0,0.0,0.0,0.0,1.0,0.0,0.0,1.0,1232.0,3692.0,-3383.0,766.0,2,0.06972406503420077,-0.0025952226013430625,
2024-04-07 05:19:36.486000+00:00,9496.0,0.0,0.0,0.0,1.0,0.0,0.0,1.0,1232.0,3692.0,-3383.0,766.0,2,0.06972406503420077,-0.0025952226013430625,
2024-04-07 05:19:36.686000+00:00,9496.0,0.0,0.0,0.0,1.0,0.0,0.0,1.0,1232.0,3692.0,-3383.0,766.0,2,0.06972406503420077,-0.0025952226013430625,
2024-04-07 05:19:36.966000+00:00,9496.0,0.0,0.0,0.0,1.0,0.0,0.0,1.0,1232.0,3692.0,-3383.0,766.0,2,0.06972406503420077,-0.0025952226013430625,
2024-04-07 05:19:37.126000+00:00,9496.0,0.0,0.0,0.0,1.0,0.0,0.0,1.0,1232.0,3692.0,-3383.0,766.0,2,0.06972406503420077,-0.0025952226013430625,
2024-04-07 05:19:37.286000+00:00,9496.0,0.0,0.0,0.0,1.0,0.0,0.0,1.0,1232.0,3692.0,-3383.0,766.0,2,0.06972406503420077,-0.0025952226013430625,
2024-04-07 05:19:37.646000+00:00,9496.0,0.0,0.0,0.0,1.0,0.0,0.0,1.0,1232.0,3692.0,-3383.0,766.0,2,0.06972406503420077,-0.0025952226013430625,
2024-04-07 05:19:37.846000+00:00,9496.0,0.0,0.0,0.0,1.0,0.0,0.0,1.0,1232.0,3692.0,-3383.0,766.0,2,0.06972406503420077,-0.0025952226013430625,
2024-04-07 05:19:38.126000+00:00,9496.0,0.0,0.0,0.0,1.0,0.0,0.0,1.0,1232.0,3692.0,-3383.0,766.0,2,0.06972406503420077,-0.0025952226013430625,
2024-04-07 05:19:38.406000+00:00,9496.0,0.0,0.0,0.0,1.0,0.0,0.0,1.0,1232.0,3692.0,-3383.0,766.0,2,0.06972406503420077,-0.0025952226013430625,
2024-04-07 05:19:38.646000+00:00,9496.0,0.0,0.0,0.0,1.0,0.0,0.0,1.0,1232.0,3692.0,-3383.0,766.0,2,0.06972406503420077,-0.0025952226013430625,
2024-04-07 05:19:39.126000+00:00,9496.0,0.0,0.0,0.0,1.0,0.0,0.0,1.0,1232.0,3692.0,-3383.0,766.0,2,0.06972406503420077,-0.0025952226013430625,
2024-04-07 05:19:39.286000+00:00,9496.0,0.0,0.0,0.0,1.0,0.0,0.0,1.0,1232.0,3692.0,-3383.0,766.0,2,0.06972406503420077,-0.0025952226013430625,
2024-04-07 05:19:39.526000+00:00,9496.0,0.0,0.0,0.0,1.0,0.0,0.0,1.0,1232.0,3692.0,-3383.0,766.0,2,0.06972406503420077,-0.0025952226013430625,
2024-04-07 05:19:39.726000+00:00,9496.0,0.0,0.0,0.0,1.0,0.0,0.0,1.0,1232.0,3692.0,-3383.0,766.0,2,0.06972406503420077,-0.0025952226013430625,
2024-04-07 05:19:39.886000+00:00,9496.0,0.0,0.0,0.0,1.0,0.0,0.0,1.0,1232.0,3692.0,-3383.0,766.0,2,0.06972406503420077,-0.0025952226013430625,
2024-04-07 05:19:40.046000+00:00,9496.0,0.0,0.0,0.0,1.0,0.0,0.0,1.0,1232.0,3692.0,-3383.0,766.0,2,0.06972406503420077,-0.0025952226013430625,
2024-04-07 05:19:40.326000+00:00,9496.0,0.0,0.0,0.0,1.0,0.0,0.0,1.0,1232.0,3692.0,-3383.0,766.0,2,0.06972406503420077,-0.0025952226013430625,
2024-04-07 05:19:40.686000+00:00,9496.0,0.0,0.0,0.0,1.0,0.0,0.0,1.0,1232.0,3692.0,-3383.0,766.0,2,0.06972406503420077,-0.0025952226013430625,
2024-04-07 05:19:41.047000+00:00,9496.0,0.0,0.0,0.0,1.0,0.0,0.0,1.0,1232.0,3692.0,-3383.0,766.0,2,0.06972406503420077,-0.0025952226013430625,
2024-04-07 05:19:41.327000+00:00,9496.0,0.0,0.0,0.0,1.0,0.0,0.0,1.0,1232.0,3692.0,-3383.0,766.0,2,0.06972406503420077,-0.0025952226013430625,
2024-04-07 05:19:41.527000+00:00,9496.0,0.0,0.0,0.0,1.0,0.0,0.0,1.0,1232.0,3692.0,-3383.0,766.0,2,0.06972406503420077,-0.0025952226013430625,
2024-04-07 05:19:41.687000+00:00,9496.0,0.0,0.0,0.0,1.0,0.0,0.0,1.0,1232.0,3692.0,-3383.0,766.0,2,0.06972406503420077,-0.0025952226013430625,
2024-04-07 05:19:42.167000+00:00,9496.0,0.0,0.0,0.0,1.0,0.0,0.0,1.0,1232.0,3692.0,-3383.0,766.0,2,0.06972406503420077,-0.0025952226013430625,
2024-04-07 05:19:42.367000+00:00,9496.0,0.0,0.0,0.0,1.0,0.0,0.0,1.0,1232.0,3692.0,-3383.0,766.0,2,0.06972406503420077,-0.0025952226013430625,
2024-04-07 05:19:42.647000+00:00,9496.0,0.0,0.0,0.0,1.0,0.0,0.0,1.0,1232.0,3692.0,-3383.0,766.0,2,0.06972406503420077,-0.0025952226013430625,
2024-04-07 05:19:43.006000+00:00,9496.0,0.0,0.0,0.0,1.0,0.0,0.0,1.0,1232.0,3692.0,-3383.0,766.0,2,0.06972406503420077,-0.0025952226013430625,
2024-04-07 05:19:43.206000+00:00,9496.0,0.0,0.0,0.0,1.0,0.0,0.0,1.0,1232.0,3692.0,-3383.0,766.0,2,0.06972406503420077,-0.0025952226013430625,
2024-04-07 05:19:43.646000+00:00,9496.0,0.0,0.0,0.0,1.0,0.0,0.0,1.0,1232.0,3692.0,-3383.0,766.0,2,0.06972406503420077,-0.0025952226013430625,
2024-04-07 05:19:43.966000+00:00,9496.0,0.0,0.0,0.0,1.0,0.0,0.0,1.0,1232.0,3692.0,-3383.0,766.0,2,0.06972406503420077,-0.0025952226013430625,
2024-04-07 05:19:44.206000+00:00,9496.0,0.0,0.0,0.0,1.0,0.0,0.0,1.0,1232.0,3692.0,-3383.0,766.0,2,0.06972406503420077,-0.0025952226013430625,
2024-04-07 05:19:44.446000+00:00,9496.0,0.0,0.0,0.0,1.0,0.0,0.0,1.0,1232.0,3692.0,-3383.0,766.0,2,0.06972406503420077,-0.0025952226013430625,
2024-04-07 05:19:44.846000+00:00,9496.0,0.0,0.0,0.0,1.0,0.0,0.0,1.0,1232.0,3692.0,-3383.0,766.0,2,0.06972406503420077,-0.0025952226013430625,
2024-04-07 05:19:45.006000+00:00,9496.0,0.0,0.0,0.0,1.0,0.0,0.0,1.0,1232.0,3692.0,-3383.0,766.0,2,0.06972406503420077,-0.0025952226013430625,
2024-04-07 05:19:45.166000+00:00,9496.0,0.0,0.0,0.0,1.0,0.0,0.0,1.0,1232.0,3692.0,-3383.0,766.0,2,0.06972406503420077,-0.0025952226013430625,
2024-04-07 05:19:45.326000+00:00,9496.0,0.0,0.0,0.0,1.0,0.0,0.0,1.0,1232.0,3692.0,-3383.0,766.0,2,0.06972406503420077,-0.0025952226013430625,
2024-04-07 05:19:45.806000+00:00,9496.0,0.0,0.0,0.0,1.0,0.0,0.0,1.0,1232.0,3692.0,-3383.0,766.0,2,0.06972406503420077,-0.0025952226013430625,
2024-04-07 05:19:45.966000+00:00,9496.0,0.0,0.0,0.0,1.0,0.0,0.0,1.0,1232.0,3692.0,-3383.0,766.0,2,0.06972406503420077,-0.0025952226013430625,
2024-04-07 05:19:46.246000+00:00,9496.0,0.0,0.0,0.0,1.0,0.0,0.0,1.0,1232.0,3692.0,-3383.0,766.0,2,0.06972406503420077,-0.0025952226013430625,
2024-04-07 05:19:46.446000+00:00,9496.0,0.0,0.0,0.0,1.0,0.0,0.0,1.0,1232.0,3692.0,-3383.0,766.0,2,0.06972406503420077,-0.0025952226013430625,
2024-04-07 05:19:46.726000+00:00,9496.0,0.0,0.0,0.0,1.0,0.0,0.0,1.0,1232.0,3692.0,-3383.0,766.0,2,0.06972406503420077,-0.0025952226013430625,
2024-04-07 05:19:46.966000+00:00,9496.0,0.0,0.0,0.0,1.0,0.0,0.0,1.0,1232.0,3692.0,-3383.0,766.0,2,0.06972406503420077,-0.0025952226013430625,
2024-04-07 05:19:47.366000+00:00,9496.0,0.0,0.0,0.0,1.0,0.0,0.0,1.0,1232.0,3692.0,-3383.0,766.0,2,0.06972406503420077,-0.0025952226013430625,
2024-04-07 05:19:47.687000+00:00,9496.0,0.0,0.0,0.0,1.0,0.0,0.0,1.0,1232.0,3692.0,-3383.0,766.0,2,0.06972406503420077,-0.0025952226013430625,
2024-04-07 05:19:47.967000+00:00,9496.0,0.0,0.0,0.0,1.0,0.0,0.0,1.0,1232.0,3692.0,-3383.0,766.0,2,0.06972406503420077,-0.0025952226013430625,
2024-04-07 05:19:48.207000+00:00,9496.0,0.0,0.0,0.0,1.0,0.0,0.0,1.0,1232.0,3692.0,-3383.0,766.0,2,0.06972406503420077,-0.0025952226013430625,
2024-04-07 05:19:48.447000+00:00,9496.0,0.0,0.0,0.0,1.0,0.0,0.0,1.0,1232.0,3692.0,-3383.0,766.0,2,0.06972406503420077,-0.0025952226013430625,
2024-04-07 05:19:48.687000+00:00,9496.0,0.0,0.0,0.0,1.0,0.0,0.0,1.0,1232.0,3692.0,-3383.0,766.0,2,0.06972406503420077,-0.0025952226013430625,
2024-04-07 05:19:48.927000+00:00,9496.0,0.0,0.0,0.0,1.0,0.0,0.0,1.0,1232.0,3692.0,-3383.0,766.0,2,0.06972406503420077,-0.0025952226013430625,
2024-04-07 05:19:49.167000+00:00,9496.0,0.0,0.0,0.0,1.0,0.0,0.0,1.0,1232.0,3692.0,-3383.0,766.0,2,0.06972406503420077,-0.0025952226013430625,
2024-04-07 05:19:49.367000+00:00,9496.0,0.0,0.0,0.0,1.0,0.0,0.0,1.0,1232.0,3692.0,-3383.0,766.0,2,0.06972406503420077,-0.0025952226013430625,
2024-04-07 05:19:49.567000+00:00,9496.0,0.0,0.0,0.0,1.0,0.0,0.0,1.0,1232.0,3692.0,-3383.0,766.0,2,0.06972406503420077,-0.0025952226013430625,
2024-04-07 05:19:49.886000+00:00,9496.0,0.0,0.0,0.0,1.0,0.0,0.0,1.0,1232.0,3692.0,-3383.0,766.0,2,0.06972406503420077,-0.0025952226013430625,
2024-04-07 05:19:50.046000+00:00,9496.0,0.0,0.0,0.0,1.0,0.0,0.0,1.0,1232.0,3692.0,-3383.0,766.0,2,0.06972406503420077,-0.0025952226013430625,
2024-04-07 05:19:50.326000+00:00,9496.0,0.0,0.0,0.0,1.0,0.0,0.0,1.0,1232.0,3692.0,-3383.0,766.0,2,0.06972406503420077,-0.0025952226013430625,
2024-04-07 05:19:50.686000+00:00,9496.0,0.0,0.0,0.0,1.0,0.0,0.0,1.0,1232.0,3692.0,-3383.0,766.0,2,0.06972406503420077,-0.0025952226013430625,
2024-04-07 05:19:50.886000+00:00,9496.0,0.0,0.0,0.0,1.0,0.0,0.0,1.0,1232.0,3692.0,-3383.0,766.0,2,0.06972406503420077,-0.0025952226013430625,
2024-04-07 05:19:51.126000+00:00,9496.0,0.0,0.0,0.0,1.0,0.0,0.0,1.0,1232.0,3692.0,-3383.0,766.0,2,0.06972406503420077,-0.0025952226013430625,
2024-04-07 05:19:51.566000+00:00,9496.0,0.0,0.0,0.0,1.0,0.0,0.0,1.0,1232.0,3692.0,-3383.0,766.0,2,0.06972406503420077,-0.0025952226013430625,
2024-04-07 05:19:51.766000+00:00,9496.0,0.0,0.0,0.0,1.0,0.0,0.0,1.0,1232.0,3692.0,-3383.0,766.0,2,0.06972406503420077,-0.0025952226013430625,
2024-04-07 05:19:52.006000+00:00,9496.0,0.0,0.0,0.0,1.0,0.0,0.0,1.0,1232.0,3692.0,-3383.0,766.0,2,0.06972406503420077,-0.0025952226013430625,
2024-04-07 05:19:52.286000+00:00,9496.0,0.0,0.0,0.0,1.0,0.0,0.0,1.0,1232.0,3692.0,-3383.0,766.0,2,0.06972406503420077,-0.0025952226013430625,
2024-04-07 05:19:52.526000+00:00,9496.0,0.0,0.0,0.0,1.0,0.0,0.0,1.0,1232.0,3692.0,-3383.0,766.0,2,0.06972406503420077,-0.0025952226013430625,
2024-04-07 05:19:52.686000+00:00,9496.0,0.0,0.0,0.0,1.0,0.0,0.0,1.0,1232.0,3692.0,-3383.0,766.0,2,0.06972406503420077,-0.0025952226013430625,
2024-04-07 05:19:52.926000+00:00,9496.0,0.0,0.0,0.0,1.0,0.0,0.0,1.0,1232.0,3692.0,-3383.0,766.0,2,0.06972406503420077,-0.0025952226013430625,
2024-04-07 05:19:53.206000+00:00,9496.0,0.0,0.0,0.0,1.0,0.0,0.0,1.0,1232.0,3692.0,-3383.0,766.0,2,0.06972406503420077,-0.0025952226013430625,
2024-04-07 05:19:53.446000+00:00,9496.0,0.0,0.0,0.0,1.0,0.0,0.0,1.0,1232.0,3692.0,-3383.0,766.0,2,0.06972406503420077,-0.0025952226013430625,
2024-04-07 05:19:53.726000+00:00,9496.0,0.0,0.0,0.0,1.0,0.0,0.0,1.0,1232.0,3692.0,-3383.0,766.0,2,0.06972406503420077,-0.0025952226013430625,
2024-04-07 05:19:54.086000+00:00,9496.0,0.0,0.0,0.0,1.0,0.0,0.0,1.0,1232.0,3692.0,-3383.0,766.0,2,0.06972406503420077,-0.0025952226013430625,
2024-04-07 05:19:54.367000+00:00,9496.0,0.0,0.0,0.0,1.0,0.0,0.0,1.0,1232.0,3692.0,-3383.0,766.0,2,0.06972406503420077,-0.0025952226013430625,
2024-04-07 05:19:54.847000+00:00,9496.0,0.0,0.0,0.0,1.0,0.0,0.0,1.0,1232.0,3692.0,-3383.0,766.0,2,0.06972406503420077,-0.0025952226013430625,
2024-04-07 05:19:55.247000+00:00,9496.0,0.0,0.0,0.0,1.0,0.0,0.0,1.0,1232.0,3692.0,-3383.0,766.0,2,0.06972406503420077,-0.0025952226013430625,
2024-04-07 05:19:55.607000+00:00,9496.0,0.0,0.0,0.0,1.0,0.0,0.0,1.0,1232.0,3692.0,-3383.0,766.0,2,0.06972406503420077,-0.0025952226013430625,
2024-04-07 05:19:55.807000+00:00,9496.0,0.0,0.0,0.0,1.0,0.0,0.0,1.0,1232.0,3692.0,-3383.0,766.0,2,0.06972406503420077,-0.0025952226013430625,
2024-04-07 05:19:56.247000+00:00,9496.0,0.0,0.0,0.0,1.0,0.0,0.0,1.0,1232.0,3692.0,-3383.0,766.0,2,0.06972406503420077,-0.0025952226013430625,
2024-04-07 05:19:56.486000+00:00,9496.0,0.0,0.0,0.0,1.0,0.0,0.0,1.0,1232.0,3692.0,-3383.0,766.0,2,0.06972406503420077,-0.0025952226013430625,
2024-04-07 05:19:56.926000+00:00,9496.0,0.0,0.0,0.0,1.0,0.0,0.0,1.0,1232.0,3692.0,-3383.0,766.0,2,0.06972406503420077,-0.0025952226013430625,
2024-04-07 05:19:57.286000+00:00,9496.0,0.0,0.0,0.0,1.0,0.0,0.0,1.0,1232.0,3692.0,-3383.0,766.0,2,0.06972406503420077,-0.0025952226013430625,
2024-04-07 05:19:57.566000+00:00,9496.0,0.0,0.0,0.0,1.0,0.0,0.0,1.0,1232.0,3692.0,-3383.0,766.0,2,0.06972406503420077,-0.0025952226013430625,
2024-04-07 05:19:57.966000+00:00,9496.0,0.0,0.0,0.0,1.0,0.0,0.0,1.0,1232.0,3692.0,-3383.0,766.0,2,0.06972406503420077,-0.0025952226013430625,
2024-04-07 05:19:58.326000+00:00,9496.0,0.0,0.0,0.0,1.0,0.0,0.0,1.0,1232.0,3692.0,-3383.0,766.0,2,0.06972406503420077,-0.0025952226013430625,
2024-04-07 05:19:58.606000+00:00,9496.0,0.0,0.0,0.0,1.0,0.0,0.0,1.0,1232.0,3692.0,-3383.0,766.0,2,0.06972406503420077,-0.0025952226013430625,
2024-04-07 05:19:58.926000+00:00,9496.0,0.0,0.0,0.0,1.0,0.0,0.0,1.0,1232.0,3692.0,-3383.0,766.0,2,0.06972406503420077,-0.0025952226013430625,
2024-04-07 05:19:59.286000+00:00,9496.0,0.0,0.0,0.0,1.0,0.0,0.0,1.0,1232.0,3692.0,-3383.0,766.0,2,0.06972406503420077,-0.0025952226013430625,
2024-04-07 05:19:59.526000+00:00,9496.0,0.0,0.0,0.0,1.0,0.0,0.0,1.0,1232.0,3692.0,-3383.0,766.0,2,0.06972406503420077,-0.0025952226013430625,
2024-04-07 05:19:59.726000+00:00,9496.0,0.0,0.0,0.0,1.0,0.0,0.0,1.0,1232.0,3692.0,-3383.0,766.0,2,0.06972406503420077,-0.0025952226013430625,
2024-04-07 05:19:59.886000+00:00,9496.0,0.0,0.0,0.0,1.0,0.0,0.0,1.0,1232.0,3692.0,-3383.0,766.0,2,0.06972406503420077,-0.0025952226013430625,
2024-04-07 05:20:00.206000+00:00,9496.0,0.0,0.0,0.0,1.0,0.0,0.0,1.0,1232.0,3692.0,-3383.0,766.0,2,0.06972406503420077,-0.0025952226013430625,
2024-04-07 05:20:00.406000+00:00,9496.0,0.0,0.0,0.0,1.0,0.0,0.0,1.0,1232.0,3692.0,-3383.0,766.0,2,0.06972406503420077,-0.0025952226013430625,
2024-04-07 05:20:00.807000+00:00,9496.0,0.0,0.0,0.0,1.0,0.0,0.0,1.0,1232.0,3692.0,-3383.0,766.0,2,0.06972406503420077,-0.0025952226013430625,
2024-04-07 05:20:01.247000+00:00,9496.0,0.0,0.0,0.0,1.0,0.0,0.0,1.0,1232.0,3692.0,-3383.0,766.0,2,0.06972406503420077,-0.0025952226013430625,
2024-04-07 05:20:01.487000+00:00,9496.0,0.0,0.0,0.0,1.0,0.0,0.0,1.0,1232.0,3692.0,-3383.0,766.0,2,0.06972406503420077,-0.0025952226013430625,
2024-04-07 05:20:01.887000+00:00,9496.0,0.0,0.0,0.0,1.0,0.0,0.0,1.0,1232.0,3692.0,-3383.0,766.0,2,0.06972406503420077,-0.0025952226013430625,
2024-04-07 05:20:02.247000+00:00,9496.0,0.0,0.0,0.0,1.0,0.0,0.0,1.0,1232.0,3692.0,-3383.0,766.0,2,0.06972406503420077,-0.0025952226013430625,
2024-04-07 05:20:02.407000+00:00,9496.0,0.0,0.0,0.0,1.0,0.0,0.0,1.0,1232.0,3692.0,-3383.0,766.0,2,0.06972406503420077,-0.0025952226013430625,
2024-04-07 05:20:02.687000+00:00,9496.0,0.0,0.0,0.0,1.0,0.0,0.0,1.0,1232.0,3692.0,-3383.0,766.0,2,0.06972406503420077,-0.0025952226013430625,
2024-04-07 05:20:02.967000+00:00,9496.0,0.0,0.0,0.0,1.0,0.0,0.0,1.0,1232.0,3692.0,-3383.0,766.0,2,0.06972406503420077,-0.0025952226013430625,
2024-04-07 05:20:03.206000+00:00,9496.0,0.0,0.0,0.0,1.0,0.0,0.0,1.0,1232.0,3692.0,-3383.0,766.0,2,0.06972406503420077,-0.0025952226013430625,
2024-04-07 05:20:03.446000+00:00,9496.0,0.0,0.0,0.0,1.0,0.0,0.0,1.0,1232.0,3692.0,-3383.0,766.0,2,0.06972406503420077,-0.0025952226013430625,
2024-04-07 05:20:03.726000+00:00,9496.0,0.0,0.0,0.0,1.0,0.0,0.0,1.0,1232.0,3692.0,-3383.0,766.0,2,0.06972406503420077,-0.0025952226013430625,
2024-04-07 05:20:04.086000+00:00,9496.0,0.0,0.0,0.0,1.0,0.0,0.0,1.0,1232.0,3692.0,-3383.0,766.0,2,0.06972406503420077,-0.0025952226013430625,
2024-04-07 05:20:04.526000+00:00,9496.0,0.0,0.0,0.0,1.0,0.0,0.0,1.0,1232.0,3692.0,-3383.0,766.0,2,0.06972406503420077,-0.0025952226013430625,
2024-04-07 05:20:04.846000+00:00,9496.0,0.0,0.0,0.0,1.0,0.0,0.0,1.0,1232.0,3692.0,-3383.0,766.0,2,0.06972406503420077,-0.0025952226013430625,
2024-04-07 05:20:05.006000+00:00,9496.0,0.0,0.0,0.0,1.0,0.0,0.0,1.0,1232.0,3692.0,-3383.0,766.0,2,0.06972406503420077,-0.0025952226013430625,
2024-04-07 05:20:05.246000+00:00,9496.0,0.0,0.0,0.0,1.0,0.0,0.0,1.0,1232.0,3692.0,-3383.0,766.0,2,0.06972406503420077,-0.0025952226013430625,
2024-04-07 05:20:05.566000+00:00,9496.0,0.0,0.0,0.0,1.0,0.0,0.0,1.0,1232.0,3692.0,-3383.0,766.0,2,0.06972406503420077,-0.0025952226013430625,
2024-04-07 05:20:05.966000+00:00,9496.0,0.0,0.0,0.0,1.0,0.0,0.0,1.0,1232.0,3692.0,-3383.0,766.0,2,0.06972406503420077,-0.0025952226013430625,
2024-04-07 05:20:06.166000+00:00,9496.0,0.0,0.0,0.0,1.0,0.0,0.0,1.0,1232.0,3692.0,-3383.0,766.0,2,0.06972406503420077,-0.0025952226013430625,
2024-04-07 05:20:06.406000+00:00,9496.0,0.0,0.0,0.0,1.0,0.0,0.0,1.0,1232.0,3692.0,-3383.0,766.0,2,0.06972406503420077,-0.0025952226013430625,
2024-04-07 05:20:06.646000+00:00,9496.0,0.0,0.0,0.0,1.0,0.0,0.0,1.0,1232.0,3692.0,-3383.0,766.0,2,0.06972406503420077,-0.0025952226013430625,
2024-04-07 05:20:07.046000+00:00,9496.0,0.0,0.0,0.0,1.0,0.0,0.0,1.0,1232.0,3692.0,-3383.0,766.0,2,0.06972406503420077,-0.0025952226013430625,
2024-04-07 05:20:07.206000+00:00,9496.0,0.0,0.0,0.0,1.0,0.0,0.0,1.0,1232.0,3692.0,-3383.0,766.0,2,0.06972406503420077,-0.0025952226013430625,
2024-04-07 05:20:07.607000+00:00,9496.0,0.0,0.0,0.0,1.0,0.0,0.0,1.0,1232.0,3692.0,-3383.0,766.0,2,0.06972406503420077,-0.0025952226013430625,
2024-04-07 05:20:08.247000+00:00,9496.0,0.0,0.0,0.0,1.0,0.0,0.0,1.0,1232.0,3692.0,-3383.0,766.0,2,0.06972406503420077,-0.0025952226013430625,
2024-04-07 05:20:08.647000+00:00,9496.0,0.0,0.0,0.0,1.0,0.0,0.0,1.0,1232.0,3692.0,-3383.0,766.0,2,0.06972406503420077,-0.0025952226013430625,
2024-04-07 05:20:09.647000+00:00,9496.0,0.0,0.0,0.0,1.0,0.0,0.0,1.0,1232.0,3692.0,-3383.0,766.0,2,0.06972406503420077,-0.0025952226013430625,
2024-04-07 05:20:09.966000+00:00,9496.0,0.0,0.0,0.0,1.0,0.0,0.0,1.0,1232.0,3692.0,-3383.0,766.0,2,0.06972406503420077,-0.0025952226013430625,
2024-04-07 05:20:10.326000+00:00,9496.0,0.0,0.0,0.0,1.0,0.0,0.0,1.0,1232.0,3692.0,-3383.0,766.0,2,0.06972406503420077,-0.0025952226013430625,
2024-04-07 05:20:10.606000+00:00,9496.0,0.0,0.0,0.0,1.0,0.0,0.0,1.0,1232.0,3692.0,-3383.0,766.0,2,0.06972406503420077,-0.0025952226013430625,
2024-04-07 05:20:10.806000+00:00,9496.0,0.0,0.0,0.0,1.0,0.0,0.0,1.0,1232.0,3692.0,-3383.0,766.0,2,0.06972406503420077,-0.0025952226013430625,
2024-04-07 05:20:11.086000+00:00,9496.0,0.0,0.0,0.0,1.0,0.0,0.0,1.0,1232.0,3692.0,-3383.0,766.0,2,0.06972406503420077,-0.0025952226013430625,
2024-04-07 05:20:11.446000+00:00,9496.0,0.0,0.0,0.0,1.0,0.0,0.0,1.0,1232.0,3692.0,-3383.0,766.0,2,0.06972406503420077,-0.0025952226013430625,
2024-04-07 05:20:11.686000+00:00,9496.0,0.0,0.0,0.0,1.0,0.0,0.0,1.0,1232.0,3692.0,-3383.0,766.0,2,0.06972406503420077,-0.0025952226013430625,
2024-04-07 05:20:12.086000+00:00,9496.0,0.0,0.0,0.0,1.0,0.0,0.0,1.0,1232.0,3692.0,-3383.0,766.0,2,0.06972406503420077,-0.0025952226013430625,
2024-04-07 05:20:12.526000+00:00,9496.0,0.0,0.0,0.0,1.0,0.0,0.0,1.0,1232.0,3692.0,-3383.0,766.0,2,0.06972406503420077,-0.0025952226013430625,
2024-04-07 05:20:12.686000+00:00,9496.0,0.0,0.0,0.0,1.0,0.0,0.0,1.0,1232.0,3692.0,-3383.0,766.0,2,0.06972406503420077,-0.0025952226013430625,
2024-04-07 05:20:12.846000+00:00,9496.0,0.0,0.0,0.0,1.0,0.0,0.0,1.0,1232.0,3692.0,-3383.0,766.0,2,0.06972406503420077,-0.0025952226013430625,
2024-04-07 05:20:13.126000+00:00,9496.0,0.0,0.0,0.0,1.0,0.0,0.0,1.0,1232.0,3692.0,-3383.0,766.0,2,0.06972406503420077,-0.0025952226013430625,
2024-04-07 05:20:13.326000+00:00,9496.0,0.0,0.0,0.0,1.0,0.0,0.0,1.0,1232.0,3692.0,-3383.0,766.0,2,0.06972406503420077,-0.0025952226013430625,
2024-04-07 05:20:13.566000+00:00,9496.0,0.0,0.0,0.0,1.0,0.0,0.0,1.0,1232.0,3692.0,-3383.0,766.0,2,0.06972406503420077,-0.0025952226013430625,
2024-04-07 05:20:13.766000+00:00,9496.0,0.0,0.0,0.0,1.0,0.0,0.0,1.0,1232.0,3692.0,-3383.0,766.0,2,0.06972406503420077,-0.0025952226013430625,
2024-04-07 05:20:13.967000+00:00,9496.0,0.0,0.0,0.0,1.0,0.0,0.0,1.0,1232.0,3692.0,-3383.0,766.0,2,0.06972406503420077,-0.0025952226013430625,
2024-04-07 05:20:14.327000+00:00,9496.0,0.0,0.0,0.0,1.0,0.0,0.0,1.0,1232.0,3692.0,-3383.0,766.0,2,0.06972406503420077,-0.0025952226013430625,
2024-04-07 05:20:14.527000+00:00,9496.0,0.0,0.0,0.0,1.0,0.0,0.0,1.0,1232.0,3692.0,-3383.0,766.0,2,0.06972406503420077,-0.0025952226013430625,
2024-04-07 05:20:14.687000+00:00,9496.0,0.0,0.0,0.0,1.0,0.0,0.0,1.0,1232.0,3692.0,-3383.0,766.0,2,0.06972406503420077,-0.0025952226013430625,
2024-04-07 05:20:14.887000+00:00,9496.0,0.0,0.0,0.0,1.0,0.0,0.0,1.0,1232.0,3692.0,-3383.0,766.0,2,0.06972406503420077,-0.0025952226013430625,
2024-04-07 05:20:15.167000+00:00,9496.0,0.0,0.0,0.0,1.0,0.0,0.0,1.0,1232.0,3692.0,-3383.0,766.0,2,0.06972406503420077,-0.0025952226013430625,
2024-04-07 05:20:15.367000+00:00,9496.0,0.0,0.0,0.0,1.0,0.0,0.0,1.0,1232.0,3692.0,-3383.0,766.0,2,0.06972406503420077,-0.0025952226013430625,
2024-04-07 05:20:15.607000+00:00,9496.0,0.0,0.0,0.0,1.0,0.0,0.0,1.0,1232.0,3692.0,-3383.0,766.0,2,0.06972406503420077,-0.0025952226013430625,
2024-04-07 05:20:15.967000+00:00,9496.0,0.0,0.0,0.0,1.0,0.0,0.0,1.0,1232.0,3692.0,-3383.0,766.0,2,0.06972406503420077,-0.0025952226013430625,
2024-04-07 05:20:16.367000+00:00,9496.0,0.0,0.0,0.0,1.0,0.0,0.0,1.0,1232.0,3692.0,-3383.0,766.0,2,0.06972406503420077,-0.0025952226013430625,
2024-04-07 05:20:16.606000+00:00,9496.0,0.0,0.0,0.0,1.0,0.0,0.0,1.0,1232.0,3692.0,-3383.0,766.0,2,0.06972406503420077,-0.0025952226013430625,
2024-04-07 05:20:16.886000+00:00,9496.0,0.0,0.0,0.0,1.0,0.0,0.0,1.0,1232.0,3692.0,-3383.0,766.0,2,0.06972406503420077,-0.0025952226013430625,
2024-04-07 05:20:17.246000+00:00,9496.0,0.0,0.0,0.0,1.0,0.0,0.0,1.0,1232.0,3692.0,-3383.0,766.0,2,0.06972406503420077,-0.0025952226013430625,
2024-04-07 05:20:17.406000+00:00,9496.0,0.0,0.0,0.0,1.0,0.0,0.0,1.0,1232.0,3692.0,-3383.0,766.0,2,0.06972406503420077,-0.0025952226013430625,
2024-04-07 05:20:17.646000+00:00,9496.0,0.0,0.0,0.0,1.0,0.0,0.0,1.0,1232.0,3692.0,-3383.0,766.0,2,0.06972406503420077,-0.0025952226013430625,
2024-04-07 05:20:17.886000+00:00,9496.0,0.0,0.0,0.0,1.0,0.0,0.0,1.0,1232.0,3692.0,-3383.0,766.0,2,0.06972406503420077,-0.0025952226013430625,
2024-04-07 05:20:18.046000+00:00,9496.0,0.0,0.0,0.0,1.0,0.0,0.0,1.0,1232.0,3692.0,-3383.0,766.0,2,0.06972406503420077,-0.0025952226013430625,
2024-04-07 05:20:18.286000+00:00,9496.0,0.0,0.0,0.0,1.0,0.0,0.0,1.0,1232.0,3692.0,-3383.0,766.0,2,0.06972406503420077,-0.0025952226013430625,
2024-04-07 05:20:18.486000+00:00,9496.0,0.0,0.0,0.0,1.0,0.0,0.0,1.0,1232.0,3692.0,-3383.0,766.0,2,0.06972406503420077,-0.0025952226013430625,
2024-04-07 05:20:18.926000+00:00,9496.0,0.0,0.0,0.0,1.0,0.0,0.0,1.0,1232.0,3692.0,-3383.0,766.0,2,0.06972406503420077,-0.0025952226013430625,
2024-04-07 05:20:19.086000+00:00,9496.0,0.0,0.0,0.0,1.0,0.0,0.0,1.0,1232.0,3692.0,-3383.0,766.0,2,0.06972406503420077,-0.0025952226013430625,
2024-04-07 05:20:19.246000+00:00,9496.0,0.0,0.0,0.0,1.0,0.0,0.0,1.0,1232.0,3692.0,-3383.0,766.0,2,0.06972406503420077,-0.0025952226013430625,
2024-04-07 05:20:19.406000+00:00,9496.0,0.0,0.0,0.0,1.0,0.0,0.0,1.0,1232.0,3692.0,-3383.0,766.0,2,0.06972406503420077,-0.0025952226013430625,
2024-04-07 05:20:19.646000+00:00,9496.0,0.0,0.0,0.0,1.0,0.0,0.0,1.0,1232.0,3692.0,-3383.0,766.0,2,0.06972406503420077,-0.0025952226013430625,
2024-04-07 05:20:19.966000+00:00,9496.0,0.0,0.0,0.0,1.0,0.0,0.0,1.0,1232.0,3692.0,-3383.0,766.0,2,0.06972406503420077,-0.0025952226013430625,
2024-04-07 05:20:20.246000+00:00,9496.0,0.0,0.0,0.0,1.0,0.0,0.0,1.0,1232.0,3692.0,-3383.0,766.0,2,0.06972406503420077,-0.0025952226013430625,
2024-04-07 05:20:20.527000+00:00,9496.0,0.0,0.0,0.0,1.0,0.0,0.0,1.0,1232.0,3692.0,-3383.0,766.0,2,0.06972406503420077,-0.0025952226013430625,
2024-04-07 05:20:20.767000+00:00,9496.0,0.0,0.0,0.0,1.0,0.0,0.0,1.0,1232.0,3692.0,-3383.0,766.0,2,0.06972406503420077,-0.0025952226013430625,
2024-04-07 05:20:21.167000+00:00,9496.0,0.0,0.0,0.0,1.0,0.0,0.0,1.0,1232.0,3692.0,-3383.0,766.0,2,0.06972406503420077,-0.0025952226013430625,
2024-04-07 05:20:21.367000+00:00,9496.0,0.0,0.0,0.0,1.0,0.0,0.0,1.0,1232.0,3692.0,-3383.0,766.0,2,0.06972406503420077,-0.0025952226013430625,
2024-04-07 05:20:21.527000+00:00,9496.0,0.0,0.0,0.0,1.0,0.0,0.0,1.0,1232.0,3692.0,-3383.0,766.0,2,0.06972406503420077,-0.0025952226013430625,
2024-04-07 05:20:21.687000+00:00,9496.0,0.0,0.0,0.0,1.0,0.0,0.0,1.0,1232.0,3692.0,-3383.0,766.0,2,0.06972406503420077,-0.0025952226013430625,
2024-04-07 05:20:21.927000+00:00,9496.0,0.0,0.0,0.0,1.0,0.0,0.0,1.0,1232.0,3692.0,-3383.0,766.0,2,0.06972406503420077,-0.0025952226013430625,
2024-04-07 05:20:22.207000+00:00,9496.0,0.0,0.0,0.0,1.0,0.0,0.0,1.0,1232.0,3692.0,-3383.0,766.0,2,0.06972406503420077,-0.0025952226013430625,
2024-04-07 05:20:22.407000+00:00,9496.0,0.0,0.0,0.0,1.0,0.0,0.0,1.0,1232.0,3692.0,-3383.0,766.0,2,0.06972406503420077,-0.0025952226013430625,
2024-04-07 05:20:22.647000+00:00,9496.0,0.0,0.0,0.0,1.0,0.0,0.0,1.0,1232.0,3692.0,-3383.0,766.0,2,0.06972406503420077,-0.0025952226013430625,
2024-04-07 05:20:22.807000+00:00,9496.0,0.0,0.0,0.0,1.0,0.0,0.0,1.0,1232.0,3692.0,-3383.0,766.0,2,0.06972406503420077,-0.0025952226013430625,
2024-04-07 05:20:23.286000+00:00,9496.0,0.0,0.0,0.0,1.0,0.0,0.0,1.0,1232.0,3692.0,-3383.0,766.0,2,0.06972406503420077,-0.0025952226013430625,
2024-04-07 05:20:23.446000+00:00,9496.0,0.0,0.0,0.0,1.0,0.0,0.0,1.0,1232.0,3692.0,-3383.0,766.0,2,0.06972406503420077,-0.0025952226013430625,
2024-04-07 05:20:23.806000+00:00,9496.0,0.0,0.0,0.0,1.0,0.0,0.0,1.0,1232.0,3692.0,-3383.0,766.0,2,0.06972406503420077,-0.0025952226013430625,
2024-04-07 05:20:24.006000+00:00,9496.0,0.0,0.0,0.0,1.0,0.0,0.0,1.0,1232.0,3692.0,-3383.0,766.0,2,0.06972406503420077,-0.0025952226013430625,
2024-04-07 05:20:24.366000+00:00,9496.0,0.0,0.0,0.0,1.0,0.0,0.0,1.0,1232.0,3692.0,-3383.0,766.0,2,0.06972406503420077,-0.0025952226013430625,
2024-04-07 05:20:24.646000+00:00,9496.0,0.0,0.0,0.0,1.0,0.0,0.0,1.0,1232.0,3692.0,-3383.0,766.0,2,0.06972406503420077,-0.0025952226013430625,
2024-04-07 05:20:24.886000+00:00,9496.0,0.0,0.0,0.0,1.0,0.0,0.0,1.0,1232.0,3692.0,-3383.0,766.0,2,0.06972406503420077,-0.0025952226013430625,
2024-04-07 05:20:25.326000+00:00,9496.0,0.0,0.0,0.0,1.0,0.0,0.0,1.0,1232.0,3692.0,-3383.0,766.0,2,0.06972406503420077,-0.0025952226013430625,
2024-04-07 05:20:25.686000+00:00,9496.0,0.0,0.0,0.0,1.0,0.0,0.0,1.0,1232.0,3692.0,-3383.0,766.0,2,0.06972406503420077,-0.0025952226013430625,
2024-04-07 05:20:25.966000+00:00,9496.0,0.0,0.0,0.0,1.0,0.0,0.0,1.0,1232.0,3692.0,-3383.0,766.0,2,0.06972406503420077,-0.0025952226013430625,
2024-04-07 05:20:26.166000+00:00,9496.0,0.0,0.0,0.0,1.0,0.0,0.0,1.0,1232.0,3692.0,-3383.0,766.0,2,0.06972406503420077,-0.0025952226013430625,
2024-04-07 05:20:26.446000+00:00,9496.0,0.0,0.0,0.0,1.0,0.0,0.0,1.0,1232.0,3692.0,-3383.0,766.0,2,0.06972406503420077,-0.0025952226013430625,
2024-04-07 05:20:26.646000+00:00,9496.0,0.0,0.0,0.0,1.0,0.0,0.0,1.0,1232.0,3692.0,-3383.0,766.0,2,0.06972406503420077,-0.0025952226013430625,
2024-04-07 05:20:26.806000+00:00,9496.0,0.0,0.0,0.0,1.0,0.0,0.0,1.0,1232.0,3692.0,-3383.0,766.0,2,0.06972406503420077,-0.0025952226013430625,
2024-04-07 05:20:27.087000+00:00,9496.0,0.0,0.0,0.0,1.0,0.0,0.0,1.0,1232.0,3692.0,-3383.0,766.0,2,0.06972406503420077,-0.0025952226013430625,
2024-04-07 05:20:27.247000+00:00,9496.0,0.0,0.0,0.0,1.0,0.0,0.0,1.0,1232.0,3692.0,-3383.0,766.0,2,0.06972406503420077,-0.0025952226013430625,
2024-04-07 05:20:27.607000+00:00,9496.0,0.0,0.0,0.0,1.0,0.0,0.0,1.0,1232.0,3692.0,-3383.0,766.0,2,0.06972406503420077,-0.0025952226013430625,
2024-04-07 05:20:27.927000+00:00,9496.0,0.0,0.0,0.0,1.0,0.0,0.0,1.0,1232.0,3692.0,-3383.0,766.0,2,0.06972406503420077,-0.0025952226013430625,
2024-04-07 05:20:28.127000+00:00,9496.0,0.0,0.0,0.0,1.0,0.0,0.0,1.0,1232.0,3692.0,-3383.0,766.0,2,0.06972406503420077,-0.0025952226013430625,
2024-04-07 05:20:28.287000+00:00,9496.0,0.0,0.0,0.0,1.0,0.0,0.0,1.0,1232.0,3692.0,-3383.0,766.0,2,0.06972406503420077,-0.0025952226013430625,
2024-04-07 05:20:28.487000+00:00,9496.0,0.0,0.0,0.0,1.0,0.0,0.0,1.0,1232.0,3692.0,-3383.0,766.0,2,0.06972406503420077,-0.0025952226013430625,
2024-04-07 05:20:28.807000+00:00,9496.0,0.0,0.0,0.0,1.0,0.0,0.0,1.0,1232.0,3692.0,-3383.0,766.0,2,0.06972406503420077,-0.0025952226013430625,
2024-04-07 05:20:28.967000+00:00,9496.0,0.0,0.0,0.0,1.0,0.0,0.0,1.0,1232.0,3692.0,-3383.0,766.0,2,0.06972406503420077,-0.0025952226013430625,
2024-04-07 05:20:29.167000+00:00,9496.0,0.0,0.0,0.0,1.0,0.0,0.0,1.0,1232.0,3692.0,-3383.0,766.0,2,0.06972406503420077,-0.0025952226013430625,
2024-04-07 05:20:29.407000+00:00,9496.0,0.0,0.0,0.0,1.0,0.0,0.0,1.0,1232.0,3692.0,-3383.0,766.0,2,0.06972406503420077,-0.0025952226013430625,
2024-04-07 05:20:29.607000+00:00,9496.0,0.0,0.0,0.0,1.0,0.0,0.0,1.0,1232.0,3692.0,-3383.0,766.0,2,0.06972406503420077,-0.0025952226013430625,
2024-04-07 05:20:29.807000+00:00,9496.0,0.0,0.0,0.0,1.0,0.0,0.0,1.0,1232.0,3692.0,-3383.0,766.0,2,0.06972406503420077,-0.0025952226013430625,
2024-04-07 05:20:30.006000+00:00,9496.0,0.0,0.0,0.0,1.0,0.0,0.0,1.0,1232.0,3692.0,-3383.0,766.0,2,0.06972406503420077,-0.0025952226013430625,
2024-04-07 05:20:30.406000+00:00,9496.0,0.0,0.0,0.0,1.0,0.0,0.0,1.0,1232.0,3692.0,-3383.0,766.0,2,0.06972406503420077,-0.0025952226013430625,
2024-04-07 05:20:30.566000+00:00,9496.0,0.0,0.0,0.0,1.0,0.0,0.0,1.0,1232.0,3692.0,-3383.0,766.0,2,0.06972406503420077,-0.0025952226013430625,
2024-04-07 05:20:30.886000+00:00,9496.0,0.0,0.0,0.0,1.0,0.0,0.0,1.0,1232.0,3692.0,-3383.0,766.0,2,0.06972406503420077,-0.0025952226013430625,
2024-04-07 05:20:31.286000+00:00,9496.0,0.0,0.0,0.0,1.0,0.0,0.0,1.0,1232.0,3692.0,-3383.0,766.0,2,0.06972406503420077,-0.0025952226013430625,
2024-04-07 05:20:31.446000+00:00,9496.0,0.0,0.0,0.0,1.0,0.0,0.0,1.0,1232.0,3692.0,-3383.0,766.0,2,0.06972406503420077,-0.0025952226013430625,
2024-04-07 05:20:31.686000+00:00,9496.0,0.0,0.0,0.0,1.0,0.0,0.0,1.0,1232.0,3692.0,-3383.0,766.0,2,0.06972406503420077,-0.0025952226013430625,
2024-04-07 05:20:32.086000+00:00,9496.0,0.0,0.0,0.0,1.0,0.0,0.0,1.0,1232.0,3692.0,-3383.0,766.0,2,0.06972406503420077,-0.0025952226013430625,
2024-04-07 05:20:32.286000+00:00,9496.0,0.0,0.0,0.0,1.0,0.0,0.0,1.0,1232.0,3692.0,-3383.0,766.0,2,0.06972406503420077,-0.0025952226013430625,
2024-04-07 05:20:32.486000+00:00,9496.0,0.0,0.0,0.0,1.0,0.0,0.0,1.0,1232.0,3692.0,-3383.0,766.0,2,0.06972406503420077,-0.0025952226013430625,
2024-04-07 05:20:32.726000+00:00,9496.0,0.0,0.0,0.0,1.0,0.0,0.0,1.0,1232.0,3692.0,-3383.0,766.0,2,0.06972406503420077,-0.0025952226013430625,
2024-04-07 05:20:32.926000+00:00,9496.0,0.0,0.0,0.0,1.0,0.0,0.0,1.0,1232.0,3692.0,-3383.0,766.0,2,0.06972406503420077,-0.0025952226013430625,
2024-04-07 05:20:33.126000+00:00,9496.0,0.0,0.0,0.0,1.0,0.0,0.0,1.0,1232.0,3692.0,-3383.0,766.0,2,0.06972406503420077,-0.0025952226013430625,
2024-04-07 05:20:33.286000+00:00,9496.0,0.0,0.0,0.0,1.0,0.0,0.0,1.0,1232.0,3692.0,-3383.0,766.0,2,0.06972406503420077,-0.0025952226013430625,
2024-04-07 05:20:33.526000+00:00,9496.0,0.0,0.0,0.0,1.0,0.0,0.0,1.0,1232.0,3692.0,-3383.0,766.0,2,0.06972406503420077,-0.0025952226013430625,
2024-04-07 05:20:33.927000+00:00,9496.0,0.0,0.0,0.0,1.0,0.0,0.0,1.0,1232.0,3692.0,-3383.0,766.0,2,0.06972406503420077,-0.0025952226013430625,
2024-04-07 05:20:34.247000+00:00,9496.0,0.0,0.0,0.0,1.0,0.0,0.0,1.0,1232.0,3692.0,-3383.0,766.0,2,0.06972406503420077,-0.0025952226013430625,
2024-04-07 05:20:34.407000+00:00,9496.0,0.0,0.0,0.0,1.0,0.0,0.0,1.0,1232.0,3692.0,-3383.0,766.0,2,0.06972406503420077,-0.0025952226013430625,
2024-04-07 05:20:34.647000+00:00,9496.0,0.0,0.0,0.0,1.0,0.0,0.0,1.0,1232.0,3692.0,-3383.0,766.0,2,0.06972406503420077,-0.0025952226013430625,
2024-04-07 05:20:34.967000+00:00,9496.0,0.0,0.0,0.0,1.0,0.0,0.0,1.0,1232.0,3692.0,-3383.0,766.0,2,0.06972406503420077,-0.0025952226013430625,
2024-04-07 05:20:35.127000+00:00,9496.0,0.0,0.0,0.0,1.0,0.0,0.0,1.0,1232.0,3692.0,-3383.0,766.0,2,0.06972406503420077,-0.0025952226013430625,
2024-04-07 05:20:35.487000+00:00,9496.0,0.0,0.0,0.0,1.0,0.0,0.0,1.0,1232.0,3692.0,-3383.0,766.0,2,0.06972406503420077,-0.0025952226013430625,
2024-04-07 05:20:35.647000+00:00,9496.0,0.0,0.0,0.0,1.0,0.0,0.0,1.0,1232.0,3692.0,-3383.0,766.0,2,0.06972406503420077,-0.0025952226013430625,
2024-04-07 05:20:35.927000+00:00,9496.0,0.0,0.0,0.0,1.0,0.0,0.0,1.0,1232.0,3692.0,-3383.0,766.0,2,0.06972406503420077,-0.0025952226013430625,
2024-04-07 05:20:36.127000+00:00,9496.0,0.0,0.0,0.0,1.0,0.0,0.0,1.0,1232.0,3692.0,-3383.0,766.0,2,0.06972406503420077,-0.0025952226013430625,
2024-04-07 05:20:36.367000+00:00,9496.0,0.0,0.0,0.0,1.0,0.0,0.0,1.0,1232.0,3692.0,-3383.0,766.0,2,0.06972406503420077,-0.0025952226013430625,
2024-04-07 05:20:36.647000+00:00,9496.0,0.0,0.0,0.0,1.0,0.0,0.0,1.0,1232.0,3692.0,-3383.0,766.0,2,0.06972406503420077,-0.0025952226013430625,
2024-04-07 05:20:37.006000+00:00,9496.0,0.0,0.0,0.0,1.0,0.0,0.0,1.0,1232.0,3692.0,-3383.0,766.0,2,0.06972406503420077,-0.0025952226013430625,
2024-04-07 05:20:37.246000+00:00,9496.0,0.0,0.0,0.0,1.0,0.0,0.0,1.0,1232.0,3692.0,-3383.0,766.0,2,0.06972406503420077,-0.0025952226013430625,
2024-04-07 05:20:37.406000+00:00,9496.0,0.0,0.0,0.0,1.0,0.0,0.0,1.0,1232.0,3692.0,-3383.0,766.0,2,0.06972406503420077,-0.0025952226013430625,
2024-04-07 05:20:37.606000+00:00,9496.0,0.0,0.0,0.0,1.0,0.0,0.0,1.0,1232.0,3692.0,-3383.0,766.0,2,0.06972406503420077,-0.0025952226013430625,
2024-04-07 05:20:37.966000+00:00,9496.0,0.0,0.0,0.0,1.0,0.0,0.0,1.0,1232.0,3692.0,-3383.0,766.0,2,0.06972406503420077,-0.0025952226013430625,
2024-04-07 05:20:38.166000+00:00,9496.0,0.0,0.0,0.0,1.0,0.0,0.0,1.0,1232.0,3692.0,-3383.0,766.0,2,0.06972406503420077,-0.0025952226013430625,
2024-04-07 05:20:38.406000+00:00,9496.0,0.0,0.0,0.0,1.0,0.0,0.0,1.0,1232.0,3692.0,-3383.0,766.0,2,0.06972406503420077,-0.0025952226013430625,
2024-04-07 05:20:38.686000+00:00,9496.0,0.0,0.0,0.0,1.0,0.0,0.0,1.0,1232.0,3692.0,-3383.0,766.0,2,0.06972406503420077,-0.0025952226013430625,
2024-04-07 05:20:39.086000+00:00,9496.0,0.0,0.0,0.0,1.0,0.0,0.0,1.0,1232.0,3692.0,-3383.0,766.0,2,0.06972406503420077,-0.0025952226013430625,
2024-04-07 05:20:39.406000+00:00,9496.0,0.0,0.0,0.0,1.0,0.0,0.0,1.0,1232.0,3692.0,-3383.0,766.0,2,0.06972406503420077,-0.0025952226013430625,
2024-04-07 05:20:39.566000+00:00,9496.0,0.0,0.0,0.0,1.0,0.0,0.0,1.0,1232.0,3692.0,-3383.0,766.0,2,0.06972406503420077,-0.0025952226013430625,
2024-04-07 05:20:39.886000+00:00,9496.0,0.0,0.0,0.0,1.0,0.0,0.0,1.0,1232.0,3692.0,-3383.0,766.0,2,0.06972406503420077,-0.0025952226013430625,
2024-04-07 05:20:40.086000+00:00,9496.0,0.0,0.0,0.0,1.0,0.0,0.0,1.0,1232.0,3692.0,-3383.0,766.0,2,0.06972406503420077,-0.0025952226013430625,
2024-04-07 05:20:40.367000+00:00,9496.0,0.0,0.0,0.0,1.0,0.0,0.0,1.0,1232.0,3692.0,-3383.0,766.0,2,0.06972406503420077,-0.0025952226013430625,
2024-04-07 05:20:40.727000+00:00,9496.0,0.0,0.0,0.0,1.0,0.0,0.0,1.0,1232.0,3692.0,-3383.0,766.0,2,0.06972406503420077,-0.0025952226013430625,
2024-04-07 05:20:41.087000+00:00,9496.0,0.0,0.0,0.0,1.0,0.0,0.0,1.0,1232.0,3692.0,-3383.0,766.0,2,0.06972406503420077,-0.0025952226013430625,
2024-04-07 05:20:41.287000+00:00,9496.0,0.0,0.0,0.0,1.0,0.0,0.0,1.0,1232.0,3692.0,-3383.0,766.0,2,0.06972406503420077,-0.0025952226013430625,
2024-04-07 05:20:41.527000+00:00,9496.0,0.0,0.0,0.0,1.0,0.0,0.0,1.0,1232.0,3692.0,-3383.0,766.0,2,0.06972406503420077,-0.0025952226013430625,
2024-04-07 05:20:41.767000+00:00,9496.0,0.0,0.0,0.0,1.0,0.0,0.0,1.0,1232.0,3692.0,-3383.0,766.0,2,0.06972406503420077,-0.0025952226013430625,
2024-04-07 05:20:41.927000+00:00,9496.0,0.0,0.0,0.0,1.0,0.0,0.0,1.0,1232.0,3692.0,-3383.0,766.0,2,0.06972406503420077,-0.0025952226013430625,
2024-04-07 05:20:42.087000+00:00,9496.0,0.0,0.0,0.0,1.0,0.0,0.0,1.0,1232.0,3692.0,-3383.0,766.0,2,0.06972406503420077,-0.0025952226013430625,
2024-04-07 05:20:42.247000+00:00,9496.0,0.0,0.0,0.0,1.0,0.0,0.0,1.0,1232.0,3692.0,-3383.0,766.0,2,0.06972406503420077,-0.0025952226013430625,
2024-04-07 05:20:42.447000+00:00,9496.0,0.0,0.0,0.0,1.0,0.0,0.0,1.0,1232.0,3692.0,-3383.0,766.0,2,0.06972406503420077,-0.0025952226013430625,
2024-04-07 05:20:42.727000+00:00,9496.0,0.0,0.0,0.0,1.0,0.0,0.0,1.0,1232.0,3692.0,-3383.0,766.0,2,0.06972406503420077,-0.0025952226013430625,
2024-04-07 05:20:43.127000+00:00,9496.0,0.0,0.0,0.0,1.0,0.0,0.0,1.0,1232.0,3692.0,-3383.0,766.0,2,0.06972406503420077,-0.0025952226013430625,
2024-04-07 05:20:43.407000+00:00,9496.0,0.0,0.0,0.0,1.0,0.0,0.0,1.0,1232.0,3692.0,-3383.0,766.0,2,0.06972406503420077,-0.0025952226013430625,
2024-04-07 05:20:43.566000+00:00,9496.0,0.0,0.0,0.0,1.0,0.0,0.0,1.0,1232.0,3692.0,-3383.0,766.0,2,0.06972406503420077,-0.0025952226013430625,
2024-04-07 05:20:43.846000+00:00,9496.0,0.0,0.0,0.0,1.0,0.0,0.0,1.0,1232.0,3692.0,-3383.0,766.0,2,0.06972406503420077,-0.0025952226013430625,
2024-04-07 05:20:44.166000+00:00,9496.0,0.0,0.0,0.0,1.0,0.0,0.0,1.0,1232.0,3692.0,-3383.0,766.0,2,0.06972406503420077,-0.0025952226013430625,
2024-04-07 05:20:44.366000+00:00,9496.0,0.0,0.0,0.0,1.0,0.0,0.0,1.0,1232.0,3692.0,-3383.0,766.0,2,0.06972406503420077,-0.0025952226013430625,
2024-04-07 05:20:44.566000+00:00,9496.0,0.0,0.0,0.0,1.0,0.0,0.0,1.0,1232.0,3692.0,-3383.0,766.0,2,0.06972406503420077,-0.0025952226013430625,
2024-04-07 05:20:45.046000+00:00,9496.0,0.0,0.0,0.0,1.0,0.0,0.0,1.0,1232.0,3692.0,-3383.0,766.0,2,0.06972406503420077,-0.0025952226013430625,
2024-04-07 05:20:45.286000+00:00,9496.0,0.0,0.0,0.0,1.0,0.0,0.0,1.0,1232.0,3692.0,-3383.0,766.0,2,0.06972406503420077,-0.0025952226013430625,
2024-04-07 05:20:45.526000+00:00,9496.0,0.0,0.0,0.0,1.0,0.0,0.0,1.0,1232.0,3692.0,-3383.0,766.0,2,0.06972406503420077,-0.0025952226013430625,
2024-04-07 05:20:45.846000+00:00,9496.0,0.0,0.0,0.0,1.0,0.0,0.0,1.0,1232.0,3692.0,-3383.0,766.0,2,0.06972406503420077,-0.0025952226013430625,
2024-04-07 05:20:46.126000+00:00,9496.0,0.0,0.0,0.0,1.0,0.0,0.0,1.0,1232.0,3692.0,-3383.0,766.0,2,0.06972406503420077,-0.0025952226013430625,
2024-04-07 05:20:46.286000+00:00,9496.0,0.0,0.0,0.0,1.0,0.0,0.0,1.0,1232.0,3692.0,-3383.0,766.0,2,0.06972406503420077,-0.0025952226013430625,
2024-04-07 05:20:46.486000+00:00,9496.0,0.0,0.0,0.0,1.0,0.0,0.0,1.0,1232.0,3692.0,-3383.0,766.0,2,0.06972406503420077,-0.0025952226013430625,
2024-04-07 05:20:46.726000+00:00,9496.0,0.0,0.0,0.0,1.0,0.0,0.0,1.0,1232.0,3692.0,-3383.0,766.0,2,0.06972406503420077,-0.0025952226013430625,
2024-04-07 05:20:47.087000+00:00,9496.0,0.0,0.0,0.0,1.0,0.0,0.0,1.0,1232.0,3692.0,-3383.0,766.0,2,0.06972406503420077,-0.0025952226013430625,
2024-04-07 05:20:47.367000+00:00,9496.0,0.0,0.0,0.0,1.0,0.0,0.0,1.0,1232.0,3692.0,-3383.0,766.0,2,0.06972406503420077,-0.0025952226013430625,
2024-04-07 05:20:47.687000+00:00,9496.0,0.0,0.0,0.0,1.0,0.0,0.0,1.0,1232.0,3692.0,-3383.0,766.0,2,0.06972406503420077,-0.0025952226013430625,
2024-04-07 05:20:47.847000+00:00,9496.0,0.0,0.0,0.0,1.0,0.0,0.0,1.0,1232.0,3692.0,-3383.0,766.0,2,0.06972406503420077,-0.0025952226013430625,
2024-04-07 05:20:48.007000+00:00,9496.0,0.0,0.0,0.0,1.0,0.0,0.0,1.0,1232.0,3692.0,-3383.0,766.0,2,0.06972406503420077,-0.0025952226013430625,
2024-04-07 05:20:48.287000+00:00,9496.0,0.0,0.0,0.0,1.0,0.0,0.0,1.0,1232.0,3692.0,-3383.0,766.0,2,0.06972406503420077,-0.0025952226013430625,
2024-04-07 05:20:48.487000+00:00,9496.0,0.0,0.0,0.0,1.0,0.0,0.0,1.0,1232.0,3692.0,-3383.0,766.0,2,0.06972406503420077,-0.0025952226013430625,
2024-04-07 05:20:48.807000+00:00,9496.0,0.0,0.0,0.0,1.0,0.0,0.0,1.0,1232.0,3692.0,-3383.0,766.0,2,0.06972406503420077,-0.0025952226013430625,
2024-04-07 05:20:49.087000+00:00,9496.0,0.0,0.0,0.0,1.0,0.0,0.0,1.0,1232.0,3692.0,-3383.0,766.0,2,0.06972406503420077,-0.0025952226013430625,
2024-04-07 05:20:49.527000+00:00,9496.0,0.0,0.0,0.0,1.0,0.0,0.0,1.0,1232.0,3692.0,-3383.0,766.0,2,0.06972406503420077,-0.0025952226013430625,
2024-04-07 05:20:49.727000+00:00,9496.0,0.0,0.0,0.0,1.0,0.0,0.0,1.0,1232.0,3692.0,-3383.0,766.0,2,0.06972406503420077,-0.0025952226013430625,
2024-04-07 05:20:49.967000+00:00,9496.0,0.0,0.0,0.0,1.0,0.0,0.0,1.0,1232.0,3692.0,-3383.0,766.0,2,0.06972406503420077,-0.0025952226013430625,
2024-04-07 05:20:50.206000+00:00,9496.0,0.0,0.0,0.0,1.0,0.0,0.0,1.0,1232.0,3692.0,-3383.0,766.0,2,0.06972406503420077,-0.0025952226013430625,
2024-04-07 05:20:50.526000+00:00,9496.0,0.0,0.0,0.0,1.0,0.0,0.0,1.0,1232.0,3692.0,-3383.0,766.0,2,0.06972406503420077,-0.0025952226013430625,
2024-04-07 05:20:50.726000+00:00,9496.0,0.0,0.0,0.0,1.0,0.0,0.0,1.0,1232.0,3692.0,-3383.0,766.0,2,0.06972406503420077,-0.0025952226013430625,
2024-04-07 05:20:51.166000+00:00,9496.0,0.0,0.0,0.0,1.0,0.0,0.0,1.0,1232.0,3692.0,-3383.0,766.0,2,0.06972406503420077,-0.0025952226013430625,
2024-04-07 05:20:51.566000+00:00,9496.0,0.0,0.0,0.0,1.0,0.0,0.0,1.0,1232.0,3692.0,-3383.0,766.0,2,0.06972406503420077,-0.0025952226013430625,
2024-04-07 05:20:51.926000+00:00,9496.0,0.0,0.0,0.0,1.0,0.0,0.0,1.0,1232.0,3692.0,-3383.0,766.0,2,0.06972406503420077,-0.0025952226013430625,
2024-04-07 05:20:52.406000+00:00,9496.0,0.0,0.0,0.0,1.0,0.0,0.0,1.0,1232.0,3692.0,-3383.0,766.0,2,0.06972406503420077,-0.0025952226013430625,
2024-04-07 05:20:52.606000+00:00,9496.0,0.0,0.0,0.0,1.0,0.0,0.0,1.0,1232.0,3692.0,-3383.0,766.0,2,0.06972406503420077,-0.0025952226013430625,
2024-04-07 05:20:52.846000+00:00,9496.0,0.0,0.0,0.0,1.0,0.0,0.0,1.0,1232.0,3692.0,-3383.0,766.0,2,0.06972406503420077,-0.0025952226013430625,
2024-04-07 05:20:53.126000+00:00,9496.0,0.0,0.0,0.0,1.0,0.0,0.0,1.0,1232.0,3692.0,-3383.0,766.0,2,0.06972406503420077,-0.0025952226013430625,
2024-04-07 05:20:53.407000+00:00,9496.0,0.0,0.0,0.0,1.0,0.0,0.0,1.0,1232.0,3692.0,-3383.0,766.0,2,0.06972406503420077,-0.0025952226013430625,
2024-04-07 05:20:53.567000+00:00,9496.0,0.0,0.0,0.0,1.0,0.0,0.0,1.0,1232.0,3692.0,-3383.0,766.0,2,0.06972406503420077,-0.0025952226013430625,
2024-04-07 05:20:53.887000+00:00,9496.0,0.0,0.0,0.0,1.0,0.0,0.0,1.0,1232.0,3692.0,-3383.0,766.0,2,0.06972406503420077,-0.0025952226013430625,
2024-04-07 05:20:54.647000+00:00,9496.0,0.0,0.0,0.0,1.0,0.0,0.0,1.0,1232.0,3692.0,-3383.0,766.0,2,0.06972406503420077,-0.0025952226013430625,
2024-04-07 05:20:55.047000+00:00,9496.0,0.0,0.0,0.0,1.0,0.0,0.0,1.0,1232.0,3692.0,-3383.0,766.0,2,0.06972406503420077,-0.0025952226013430625,
2024-04-07 05:20:55.327000+00:00,9496.0,0.0,0.0,0.0,1.0,0.0,0.0,1.0,1232.0,3692.0,-3383.0,766.0,2,0.06972406503420077,-0.0025952226013430625,
2024-04-07 05:20:55.687000+00:00,9496.0,0.0,0.0,0.0,1.0,0.0,0.0,1.0,1232.0,3692.0,-3383.0,766.0,2,0.06972406503420077,-0.0025952226013430625,
2024-04-07 05:20:55.847000+00:00,9496.0,0.0,0.0,0.0,1.0,0.0,0.0,1.0,1232.0,3692.0,-3383.0,766.0,2,0.06972406503420077,-0.0025952226013430625,
2024-04-07 05:20:56.247000+00:00,9496.0,0.0,0.0,0.0,1.0,0.0,0.0,1.0,1232.0,3692.0,-3383.0,766.0,2,0.06972406503420077,-0.0025952226013430625,
2024-04-07 05:20:56.727000+00:00,9496.0,0.0,0.0,0.0,1.0,0.0,0.0,1.0,1232.0,3692.0,-3383.0,766.0,2,0.06972406503420077,-0.0025952226013430625,
2024-04-07 05:20:57.046000+00:00,9496.0,0.0,0.0,0.0,1.0,0.0,0.0,1.0,1232.0,3692.0,-3383.0,766.0,2,0.06972406503420077,-0.0025952226013430625,
2024-04-07 05:20:57.206000+00:00,9496.0,0.0,0.0,0.0,1.0,0.0,0.0,1.0,1232.0,3692.0,-3383.0,766.0,2,0.06972406503420077,-0.0025952226013430625,
2024-04-07 05:20:57.526000+00:00,9496.0,0.0,0.0,0.0,1.0,0.0,0.0,1.0,1232.0,3692.0,-3383.0,766.0,2,0.06972406503420077,-0.0025952226013430625,
2024-04-07 05:20:57.846000+00:00,9496.0,0.0,0.0,0.0,1.0,0.0,0.0,1.0,1232.0,3692.0,-3383.0,766.0,2,0.06972406503420077,-0.0025952226013430625,
2024-04-07 05:20:58.166000+00:00,9496.0,0.0,0.0,0.0,1.0,0.0,0.0,1.0,1232.0,3692.0,-3383.0,766.0,2,0.06972406503420077,-0.0025952226013430625,
2024-04-07 05:20:58.366000+00:00,9496.0,0.0,0.0,0.0,1.0,0.0,0.0,1.0,1232.0,3692.0,-3383.0,766.0,2,0.06972406503420077,-0.0025952226013430625,
2024-04-07 05:20:58.526000+00:00,9496.0,0.0,0.0,0.0,1.0,0.0,0.0,1.0,1232.0,3692.0,-3383.0,766.0,2,0.06972406503420077,-0.0025952226013430625,
2024-04-07 05:20:58.766000+00:00,9496.0,0.0,0.0,0.0,1.0,0.0,0.0,1.0,1232.0,3692.0,-3383.0,766.0,2,0.06972406503420077,-0.0025952226013430625,
2024-04-07 05:20:59.206000+00:00,9496.0,0.0,0.0,0.0,1.0,0.0,0.0,1.0,1232.0,3692.0,-3383.0,766.0,2,0.06972406503420077,-0.0025952226013430625,
2024-04-07 05:20:59.486000+00:00,9496.0,0.0,0.0,0.0,1.0,0.0,0.0,1.0,1232.0,3692.0,-3383.0,766.0,2,0.06972406503420077,-0.0025952226013430625,
2024-04-07 05:20:59.646000+00:00,9496.0,0.0,0.0,0.0,1.0,0.0,0.0,1.0,1232.0,3692.0,-3383.0,766.0,2,0.06972406503420077,-0.0025952226013430625,
2024-04-07 05:20:59.887000+00:00,9496.0,0.0,0.0,0.0,1.0,0.0,0.0,1.0,1232.0,3692.0,-3383.0,766.0,2,0.06972406503420077,-0.0025952226013430625,
2024-04-07 05:21:00.127000+00:00,9496.0,0.0,0.0,0.0,1.0,0.0,0.0,1.0,1232.0,3692.0,-3383.0,766.0,2,0.06972406503420077,-0.0025952226013430625,
2024-04-07 05:21:00.367000+00:00,9496.0,0.0,0.0,0.0,1.0,0.0,0.0,1.0,1232.0,3692.0,-3383.0,766.0,2,0.06972406503420077,-0.0025952226013430625,
2024-04-07 05:21:00.727000+00:00,9496.0,0.0,0.0,0.0,1.0,0.0,0.0,1.0,1232.0,3692.0,-3383.0,766.0,2,0.06972406503420077,-0.0025952226013430625,
2024-04-07 05:21:01.047000+00:00,9496.0,0.0,0.0,0.0,1.0,0.0,0.0,1.0,1232.0,3692.0,-3383.0,766.0,2,0.06972406503420077,-0.0025952226013430625,
2024-04-07 05:21:01.367000+00:00,9496.0,0.0,0.0,0.0,1.0,0.0,0.0,1.0,1232.0,3692.0,-3383.0,766.0,2,0.06972406503420077,-0.0025952226013430625,
2024-04-07 05:21:01.567000+00:00,9496.0,0.0,0.0,0.0,1.0,0.0,0.0,1.0,1232.0,3692.0,-3383.0,766.0,2,0.06972406503420077,-0.0025952226013430625,
2024-04-07 05:21:01.727000+00:00,9496.0,0.0,0.0,0.0,1.0,0.0,0.0,1.0,1232.0,3692.0,-3383.0,766.0,2,0.06972406503420077,-0.0025952226013430625,
2024-04-07 05:21:01.967000+00:00,9496.0,0.0,0.0,0.0,1.0,0.0,0.0,1.0,1232.0,3692.0,-3383.0,766.0,2,0.06972406503420077,-0.0025952226013430625,
2024-04-07 05:21:02.287000+00:00,9496.0,0.0,0.0,0.0,1.0,0.0,0.0,1.0,1232.0,3692.0,-3383.0,766.0,2,0.06972406503420077,-0.0025952226013430625,
2024-04-07 05:21:02.687000+00:00,9496.0,0.0,0.0,0.0,1.0,0.0,0.0,1.0,1232.0,3692.0,-3383.0,766.0,2,0.06972406503420077,-0.0025952226013430625,
2024-04-07 05:21:02.847000+00:00,9496.0,0.0,0.0,0.0,1.0,0.0,0.0,1.0,1232.0,3692.0,-3383.0,766.0,2,0.06972406503420077,-0.0025952226013430625,
2024-04-07 05:21:03.087000+00:00,9496.0,0.0,0.0,0.0,1.0,0.0,0.0,1.0,1232.0,3692.0,-3383.0,766.0,2,0.06972406503420077,-0.0025952226013430625,
2024-04-07 05:21:03.247000+00:00,9496.0,0.0,0.0,0.0,1.0,0.0,0.0,1.0,1232.0,3692.0,-3383.0,766.0,2,0.06972406503420077,-0.0025952226013430625,
2024-04-07 05:21:03.607000+00:00,9496.0,0.0,0.0,0.0,1.0,0.0,0.0,1.0,1232.0,3692.0,-3383.0,766.0,2,0.06972406503420077,-0.0025952226013430625,
2024-04-07 05:21:03.926000+00:00,9496.0,0.0,0.0,0.0,1.0,0.0,0.0,1.0,1232.0,3692.0,-3383.0,766.0,2,0.06972406503420077,-0.0025952226013430625,
2024-04-07 05:21:04.166000+00:00,9496.0,0.0,0.0,0.0,1.0,0.0,0.0,1.0,1232.0,3692.0,-3383.0,766.0,2,0.06972406503420077,-0.0025952226013430625,
2024-04-07 05:21:04.326000+00:00,9496.0,0.0,0.0,0.0,1.0,0.0,0.0,1.0,1232.0,3692.0,-3383.0,766.0,2,0.06972406503420077,-0.0025952226013430625,
2024-04-07 05:21:04.566000+00:00,9496.0,0.0,0.0,0.0,1.0,0.0,0.0,1.0,1232.0,3692.0,-3383.0,766.0,2,0.06972406503420077,-0.0025952226013430625,
2024-04-07 05:21:04.806000+00:00,9496.0,0.0,0.0,0.0,1.0,0.0,0.0,1.0,1232.0,3692.0,-3383.0,766.0,2,0.06972406503420077,-0.0025952226013430625,
2024-04-07 05:21:05.006000+00:00,9496.0,0.0,0.0,0.0,1.0,0.0,0.0,1.0,1232.0,3692.0,-3383.0,766.0,2,0.06972406503420077,-0.0025952226013430625,
2024-04-07 05:21:05.446000+00:00,9496.0,0.0,0.0,0.0,1.0,0.0,0.0,1.0,1232.0,3692.0,-3383.0,766.0,2,0.06972406503420077,-0.0025952226013430625,
2024-04-07 05:21:05.806000+00:00,9496.0,0.0,0.0,0.0,1.0,0.0,0.0,1.0,1232.0,3692.0,-3383.0,766.0,2,0.06972406503420077,-0.0025952226013430625,
2024-04-07 05:21:05.966000+00:00,9496.0,0.0,0.0,0.0,1.0,0.0,0.0,1.0,1232.0,3692.0,-3383.0,766.0,2,0.06972406503420077,-0.0025952226013430625,
2024-04-07 05:21:06.446000+00:00,9496.0,0.0,0.0,0.0,1.0,0.0,0.0,1.0,1232.0,3692.0,-3383.0,766.0,2,0.06972406503420077,-0.0025952226013430625,
2024-04-07 05:21:06.727000+00:00,9496.0,0.0,0.0,0.0,1.0,0.0,0.0,1.0,1232.0,3692.0,-3383.0,766.0,2,0.06972406503420077,-0.0025952226013430625,
2024-04-07 05:21:07.087000+00:00,9496.0,0.0,0.0,0.0,1.0,0.0,0.0,1.0,1232.0,3692.0,-3383.0,766.0,2,0.06972406503420077,-0.0025952226013430625,
2024-04-07 05:21:07.287000+00:00,9496.0,0.0,0.0,0.0,1.0,0.0,0.0,1.0,1232.0,3692.0,-3383.0,766.0,2,0.06972406503420077,-0.0025952226013430625,
2024-04-07 05:21:07.607000+00:00,9496.0,0.0,0.0,0.0,1.0,0.0,0.0,1.0,1232.0,3692.0,-3383.0,766.0,2,0.06972406503420077,-0.0025952226013430625,
2024-04-07 05:21:07.847000+00:00,9496.0,0.0,0.0,0.0,1.0,0.0,0.0,1.0,1232.0,3692.0,-3383.0,766.0,2,0.06972406503420077,-0.0025952226013430625,
2024-04-07 05:21:08.007000+00:00,9496.0,0.0,0.0,0.0,1.0,0.0,0.0,1.0,1232.0,3692.0,-3383.0,766.0,2,0.06972406503420077,-0.0025952226013430625,
2024-04-07 05:21:08.287000+00:00,9496.0,0.0,0.0,0.0,1.0,0.0,0.0,1.0,1232.0,3692.0,-3383.0,766.0,2,0.06972406503420077,-0.0025952226013430625,
2024-04-07 05:21:08.567000+00:00,9496.0,0.0,0.0,0.0,1.0,0.0,0.0,1.0,1232.0,3692.0,-3383.0,766.0,2,0.06972406503420077,-0.0025952226013430625,
2024-04-07 05:21:08.887000+00:00,9496.0,0.0,0.0,0.0,1.0,0.0,0.0,1.0,1232.0,3692.0,-3383.0,766.0,2,0.06972406503420077,-0.0025952226013430625,
2024-04-07 05:21:09.047000+00:00,9496.0,0.0,0.0,0.0,1.0,0.0,0.0,1.0,1232.0,3692.0,-3383.0,766.0,2,0.06972406503420077,-0.0025952226013430625,
2024-04-07 05:21:09.207000+00:00,9496.0,0.0,0.0,0.0,1.0,0.0,0.0,1.0,1232.0,3692.0,-3383.0,766.0,2,0.06972406503420077,-0.0025952226013430625,
2024-04-07 05:21:09.447000+00:00,9496.0,0.0,0.0,0.0,1.0,0.0,0.0,1.0,1232.0,3692.0,-3383.0,766.0,2,0.06972406503420077,-0.0025952226013430625,
2024-04-07 05:21:09.767000+00:00,9496.0,0.0,0.0,0.0,1.0,0.0,0.0,1.0,1232.0,3692.0,-3383.0,766.0,2,0.06972406503420077,-0.0025952226013430625,
2024-04-07 05:21:09.927000+00:00,9496.0,0.0,0.0,0.0,1.0,0.0,0.0,1.0,1232.0,3692.0,-3383.0,766.0,2,0.06972406503420077,-0.0025952226013430625,
2024-04-07 05:21:10.327000+00:00,9496.0,0.0,0.0,0.0,1.0,0.0,0.0,1.0,1232.0,3692.0,-3383.0,766.0,2,0.06972406503420077,-0.0025952226013430625,
2024-04-07 05:21:10.566000+00:00,9496.0,0.0,0.0,0.0,1.0,0.0,0.0,1.0,1232.0,3692.0,-3383.0,766.0,2,0.06972406503420077,-0.0025952226013430625,
2024-04-07 05:21:10.726000+00:00,9496.0,0.0,0.0,0.0,1.0,0.0,0.0,1.0,1232.0,3692.0,-3383.0,766.0,2,0.06972406503420077,-0.0025952226013430625,
2024-04-07 05:21:11.166000+00:00,9496.0,0.0,0.0,0.0,1.0,0.0,0.0,1.0,1232.0,3692.0,-3383.0,766.0,2,0.06972406503420077,-0.0025952226013430625,
2024-04-07 05:21:11.406000+00:00,9496.0,0.0,0.0,0.0,1.0,0.0,0.0,1.0,1232.0,3692.0,-3383.0,766.0,2,0.06972406503420077,-0.0025952226013430625,
2024-04-07 05:21:11.686000+00:00,9496.0,0.0,0.0,0.0,1.0,0.0,0.0,1.0,1232.0,3692.0,-3383.0,766.0,2,0.06972406503420077,-0.0025952226013430625,
2024-04-07 05:21:11.966000+00:00,9496.0,0.0,0.0,0.0,1.0,0.0,0.0,1.0,1232.0,3692.0,-3383.0,766.0,2,0.06972406503420077,-0.0025952226013430625,
2024-04-07 05:21:12.246000+00:00,9496.0,0.0,0.0,0.0,1.0,0.0,0.0,1.0,1232.0,3692.0,-3383.0,766.0,2,0.06972406503420077,-0.0025952226013430625,
2024-04-07 05:21:12.406000+00:00,9496.0,0.0,0.0,0.0,1.0,0.0,0.0,1.0,1232.0,3692.0,-3383.0,766.0,2,0.06972406503420077,-0.0025952226013430625,
2024-04-07 05:21:12.686000+00:00,9496.0,0.0,0.0,0.0,1.0,0.0,0.0,1.0,1232.0,3692.0,-3383.0,766.0,2,0.06972406503420077,-0.0025952226013430625,
2024-04-07 05:21:13.047000+00:00,9496.0,0.0,0.0,0.0,1.0,0.0,0.0,1.0,1232.0,3692.0,-3383.0,766.0,2,0.06972406503420077,-0.0025952226013430625,
2024-04-07 05:21:13.207000+00:00,9496.0,0.0,0.0,0.0,1.0,0.0,0.0,1.0,1232.0,3692.0,-3383.0,766.0,2,0.06972406503420077,-0.0025952226013430625,
2024-04-07 05:21:13.367000+00:00,9496.0,0.0,0.0,0.0,1.0,0.0,0.0,1.0,1232.0,3692.0,-3383.0,766.0,2,0.06972406503420077,-0.0025952226013430625,
2024-04-07 05:21:13.567000+00:00,9496.0,0.0,0.0,0.0,1.0,0.0,0.0,1.0,1232.0,3692.0,-3383.0,766.0,2,0.06972406503420077,-0.0025952226013430625,
2024-04-07 05:21:13.847000+00:00,9496.0,0.0,0.0,0.0,1.0,0.0,0.0,1.0,1232.0,3692.0,-3383.0,766.0,2,0.06972406503420077,-0.0025952226013430625,
2024-04-07 05:21:14.007000+00:00,9496.0,0.0,0.0,0.0,1.0,0.0,0.0,1.0,1232.0,3692.0,-3383.0,766.0,2,0.06972406503420077,-0.0025952226013430625,
2024-04-07 05:21:14.367000+00:00,9496.0,0.0,0.0,0.0,1.0,0.0,0.0,1.0,1232.0,3692.0,-3383.0,766.0,2,0.06972406503420077,-0.0025952226013430625,
2024-04-07 05:21:14.567000+00:00,9496.0,0.0,0.0,0.0,1.0,0.0,0.0,1.0,1232.0,3692.0,-3383.0,766.0,2,0.06972406503420077,-0.0025952226013430625,
2024-04-07 05:21:14.767000+00:00,9496.0,0.0,0.0,0.0,1.0,0.0,0.0,1.0,1232.0,3692.0,-3383.0,766.0,2,0.06972406503420077,-0.0025952226013430625,
2024-04-07 05:21:14.927000+00:00,9496.0,0.0,0.0,0.0,1.0,0.0,0.0,1.0,1232.0,3692.0,-3383.0,766.0,2,0.06972406503420077,-0.0025952226013430625,
2024-04-07 05:21:15.167000+00:00,9496.0,0.0,0.0,0.0,1.0,0.0,0.0,1.0,1232.0,3692.0,-3383.0,766.0,2,0.06972406503420077,-0.0025952226013430625,
2024-04-07 05:21:15.407000+00:00,9496.0,0.0,0.0,0.0,1.0,0.0,0.0,1.0,1232.0,3692.0,-3383.0,766.0,2,0.06972406503420077,-0.0025952226013430625,
2024-04-07 05:21:15.727000+00:00,9496.0,0.0,0.0,0.0,1.0,0.0,0.0,1.0,1232.0,3692.0,-3383.0,766.0,2,0.06972406503420077,-0.0025952226013430625,
2024-04-07 05:21:16.047000+00:00,9496.0,0.0,0.0,0.0,1.0,0.0,0.0,1.0,1232.0,3692.0,-3383.0,766.0,2,0.06972406503420077,-0.0025952226013430625,
2024-04-07 05:21:16.367000+00:00,9496.0,0.0,0.0,0.0,1.0,0.0,0.0,1.0,1232.0,3692.0,-3383.0,766.0,2,0.06972406503420077,-0.0025952226013430625,
2024-04-07 05:21:16.607000+00:00,9496.0,0.0,0.0,0.0,1.0,0.0,0.0,1.0,1232.0,3692.0,-3383.0,766.0,2,0.06972406503420077,-0.0025952226013430625,
2024-04-07 05:21:16.927000+00:00,9496.0,0.0,0.0,0.0,1.0,0.0,0.0,1.0,1232.0,3692.0,-3383.0,766.0,2,0.06972406503420077,-0.0025952226013430625,
2024-04-07 05:21:17.126000+00:00,9496.0,0.0,0.0,0.0,1.0,0.0,0.0,1.0,1232.0,3692.0,-3383.0,766.0,2,0.06972406503420077,-0.0025952226013430625,
2024-04-07 05:21:17.606000+00:00,9496.0,0.0,0.0,0.0,1.0,0.0,0.0,1.0,1232.0,3692.0,-3383.0,766.0,2,0.06972406503420077,-0.0025952226013430625,
2024-04-07 05:21:17.846000+00:00,9496.0,0.0,0.0,0.0,1.0,0.0,0.0,1.0,1232.0,3692.0,-3383.0,766.0,2,0.06972406503420077,-0.0025952226013430625,
2024-04-07 05:21:18.166000+00:00,9496.0,0.0,0.0,0.0,1.0,0.0,0.0,1.0,1232.0,3692.0,-3383.0,766.0,2,0.06972406503420077,-0.0025952226013430625,
2024-04-07 05:21:18.446000+00:00,9496.0,0.0,0.0,0.0,1.0,0.0,0.0,1.0,1232.0,3692.0,-3383.0,766.0,2,0.06972406503420077,-0.0025952226013430625,
2024-04-07 05:21:18.646000+00:00,9496.0,0.0,0.0,0.0,1.0,0.0,0.0,1.0,1232.0,3692.0,-3383.0,766.0,2,0.06972406503420077,-0.0025952226013430625,
2024-04-07 05:21:19.086000+00:00,9496.0,0.0,0.0,0.0,1.0,0.0,0.0,1.0,1232.0,3692.0,-3383.0,766.0,2,0.06972406503420077,-0.0025952226013430625,
2024-04-07 05:21:19.366000+00:00,9496.0,0.0,0.0,0.0,1.0,0.0,0.0,1.0,1232.0,3692.0,-3383.0,766.0,2,0.06972406503420077,-0.0025952226013430625,
2024-04-07 05:21:19.606000+00:00,9496.0,0.0,0.0,0.0,1.0,0.0,0.0,1.0,1232.0,3692.0,-3383.0,766.0,2,0.06972406503420077,-0.0025952226013430625,
2024-04-07 05:21:19.847000+00:00,9496.0,0.0,0.0,0.0,1.0,0.0,0.0,1.0,1232.0,3692.0,-3383.0,766.0,2,0.06972406503420077,-0.0025952226013430625,
2024-04-07 05:21:20.247000+00:00,9496.0,0.0,0.0,0.0,1.0,0.0,0.0,1.0,1232.0,3692.0,-3383.0,766.0,2,0.06972406503420077,-0.0025952226013430625,
2024-04-07 05:21:20.447000+00:00,9496.0,0.0,0.0,0.0,1.0,0.0,0.0,1.0,1232.0,3692.0,-3383.0,766.0,2,0.06972406503420077,-0.0025952226013430625,
2024-04-07 05:21:20.647000+00:00,9496.0,0.0,0.0,0.0,1.0,0.0,0.0,1.0,1232.0,3692.0,-3383.0,766.0,2,0.06972406503420077,-0.0025952226013430625,
2024-04-07 05:21:20.887000+00:00,9496.0,0.0,0.0,0.0,1.0,0.0,0.0,1.0,1232.0,3692.0,-3383.0,766.0,2,0.06972406503420077,-0.0025952226013430625,
2024-04-07 05:21:21.247000+00:00,9496.0,0.0,0.0,0.0,1.0,0.0,0.0,1.0,1232.0,3692.0,-3383.0,766.0,2,0.06972406503420077,-0.0025952226013430625,
2024-04-07 05:21:21.487000+00:00,9496.0,0.0,0.0,0.0,1.0,0.0,0.0,1.0,1232.0,3692.0,-3383.0,766.0,2,0.06972406503420077,-0.0025952226013430625,
2024-04-07 05:21:21.887000+00:00,9496.0,0.0,0.0,0.0,1.0,0.0,0.0,1.0,1232.0,3692.0,-3383.0,766.0,2,0.06972406503420077,-0.0025952226013430625,
2024-04-07 05:21:22.127000+00:00,9496.0,0.0,0.0,0.0,1.0,0.0,0.0,1.0,1232.0,3692.0,-3383.0,766.0,2,0.06972406503420077,-0.0025952226013430625,
2024-04-07 05:21:22.367000+00:00,9496.0,0.0,0.0,0.0,1.0,0.0,0.0,1.0,1232.0,3692.0,-3383.0,766.0,2,0.06972406503420077,-0.0025952226013430625,
2024-04-07 05:21:22.727000+00:00,9496.0,0.0,0.0,0.0,1.0,0.0,0.0,1.0,1232.0,3692.0,-3383.0,766.0,2,0.06972406503420077,-0.0025952226013430625,
2024-04-07 05:21:22.887000+00:00,9496.0,0.0,0.0,0.0,1.0,0.0,0.0,1.0,1232.0,3692.0,-3383.0,766.0,2,0.06972406503420077,-0.0025952226013430625,
2024-04-07 05:21:23.207000+00:00,9496.0,0.0,0.0,0.0,1.0,0.0,0.0,1.0,1232.0,3692.0,-3383.0,766.0,2,0.06972406503420077,-0.0025952226013430625,
2024-04-07 05:21:23.367000+00:00,9496.0,0.0,0.0,0.0,1.0,0.0,0.0,1.0,1232.0,3692.0,-3383.0,766.0,2,0.06972406503420077,-0.0025952226013430625,
2024-04-07 05:21:23.567000+00:00,9496.0,0.0,0.0,0.0,1.0,0.0,0.0,1.0,1232.0,3692.0,-3383.0,766.0,2,0.06972406503420077,-0.0025952226013430625,
2024-04-07 05:21:23.846000+00:00,9496.0,0.0,0.0,0.0,1.0,0.0,0.0,1.0,1232.0,3692.0,-3383.0,766.0,2,0.06972406503420077,-0.0025952226013430625,
2024-04-07 05:21:24.046000+00:00,9496.0,0.0,0.0,0.0,1.0,0.0,0.0,1.0,1232.0,3692.0,-3383.0,766.0,2,0.06972406503420077,-0.0025952226013430625,
2024-04-07 05:21:24.286000+00:00,9496.0,0.0,0.0,0.0,1.0,0.0,0.0,1.0,1232.0,3692.0,-3383.0,766.0,2,0.06972406503420077,-0.0025952226013430625,
2024-04-07 05:21:24.606000+00:00,9496.0,0.0,0.0,0.0,1.0,0.0,0.0,1.0,1232.0,3692.0,-3383.0,766.0,2,0.06972406503420077,-0.0025952226013430625,
2024-04-07 05:21:24.846000+00:00,9496.0,0.0,0.0,0.0,1.0,0.0,0.0,1.0,1232.0,3692.0,-3383.0,766.0,2,0.06972406503420077,-0.0025952226013430625,
2024-04-07 05:21:25.246000+00:00,9496.0,0.0,0.0,0.0,1.0,0.0,0.0,1.0,1232.0,3692.0,-3383.0,766.0,2,0.06972406503420077,-0.0025952226013430625,
2024-04-07 05:21:25.526000+00:00,9496.0,0.0,0.0,0.0,1.0,0.0,0.0,1.0,1232.0,3692.0,-3383.0,766.0,2,0.06972406503420077,-0.0025952226013430625,
2024-04-07 05:21:25.686000+00:00,9496.0,0.0,0.0,0.0,1.0,0.0,0.0,1.0,1232.0,3692.0,-3383.0,766.0,2,0.06972406503420077,-0.0025952226013430625,
2024-04-07 05:21:25.846000+00:00,9496.0,0.0,0.0,0.0,1.0,0.0,0.0,1.0,1232.0,3692.0,-3383.0,766.0,2,0.06972406503420077,-0.0025952226013430625,
2024-04-07 05:21:26.046000+00:00,9496.0,0.0,0.0,0.0,1.0,0.0,0.0,1.0,1232.0,3692.0,-3383.0,766.0,2,0.06972406503420077,-0.0025952226013430625,
2024-04-07 05:21:26.287000+00:00,9496.0,0.0,0.0,0.0,1.0,0.0,0.0,1.0,1232.0,3692.0,-3383.0,766.0,2,0.06972406503420077,-0.0025952226013430625,
2024-04-07 05:21:26.527000+00:00,9496.0,0.0,0.0,0.0,1.0,0.0,0.0,1.0,1232.0,3692.0,-3383.0,766.0,2,0.06972406503420077,-0.0025952226013430625,
2024-04-07 05:21:26.807000+00:00,9496.0,0.0,0.0,0.0,1.0,0.0,0.0,1.0,1232.0,3692.0,-3383.0,766.0,2,0.06972406503420077,-0.0025952226013430625,
2024-04-07 05:21:27.167000+00:00,9496.0,0.0,0.0,0.0,1.0,0.0,0.0,1.0,1232.0,3692.0,-3383.0,766.0,2,0.06972406503420077,-0.0025952226013430625,
2024-04-07 05:21:27.407000+00:00,9496.0,0.0,0.0,0.0,1.0,0.0,0.0,1.0,1232.0,3692.0,-3383.0,766.0,2,0.06972406503420077,-0.0025952226013430625,
2024-04-07 05:21:27.567000+00:00,9496.0,0.0,0.0,0.0,1.0,0.0,0.0,1.0,1232.0,3692.0,-3383.0,766.0,2,0.06972406503420077,-0.0025952226013430625,
2024-04-07 05:21:27.727000+00:00,9496.0,0.0,0.0,0.0,1.0,0.0,0.0,1.0,1232.0,3692.0,-3383.0,766.0,2,0.06972406503420077,-0.0025952226013430625,
2024-04-07 05:21:27.887000+00:00,9496.0,0.0,0.0,0.0,1.0,0.0,0.0,1.0,1232.0,3692.0,-3383.0,766.0,2,0.06972406503420077,-0.0025952226013430625,
2024-04-07 05:21:28.087000+00:00,9496.0,0.0,0.0,0.0,1.0,0.0,0.0,1.0,1232.0,3692.0,-3383.0,766.0,2,0.06972406503420077,-0.0025952226013430625,
2024-04-07 05:21:28.447000+00:00,9496.0,0.0,0.0,0.0,1.0,0.0,0.0,1.0,1232.0,3692.0,-3383.0,766.0,2,0.06972406503420077,-0.0025952226013430625,
2024-04-07 05:21:28.607000+00:00,9496.0,0.0,0.0,0.0,1.0,0.0,0.0,1.0,1232.0,3692.0,-3383.0,766.0,2,0.06972406503420077,-0.0025952226013430625,
2024-04-07 05:21:28.927000+00:00,9496.0,0.0,0.0,0.0,1.0,0.0,0.0,1.0,1232.0,3692.0,-3383.0,766.0,2,0.06972406503420077,-0.0025952226013430625,
2024-04-07 05:21:29.127000+00:00,9496.0,0.0,0.0,0.0,1.0,0.0,0.0,1.0,1232.0,3692.0,-3383.0,766.0,2,0.06972406503420077,-0.0025952226013430625,
2024-04-07 05:21:29.367000+00:00,9496.0,0.0,0.0,0.0,1.0,0.0,0.0,1.0,1232.0,3692.0,-3383.0,766.0,2,0.06972406503420077,-0.0025952226013430625,
2024-04-07 05:21:29.687000+00:00,9496.0,0.0,0.0,0.0,1.0,0.0,0.0,1.0,1232.0,3692.0,-3383.0,766.0,2,0.06972406503420077,-0.0025952226013430625,
2024-04-07 05:21:29.847000+00:00,9496.0,0.0,0.0,0.0,1.0,0.0,0.0,1.0,1232.0,3692.0,-3383.0,766.0,2,0.06972406503420077,-0.0025952226013430625,
2024-04-07 05:21:30.047000+00:00,9496.0,0.0,0.0,0.0,1.0,0.0,0.0,1.0,1232.0,3692.0,-3383.0,766.0,2,0.06972406503420077,-0.0025952226013430625,
2024-04-07 05:21:30.207000+00:00,9496.0,0.0,0.0,0.0,1.0,0.0,0.0,1.0,1232.0,3692.0,-3383.0,766.0,2,0.06972406503420077,-0.0025952226013430625,
2024-04-07 05:21:30.447000+00:00,9496.0,0.0,0.0,0.0,1.0,0.0,0.0,1.0,1232.0,3692.0,-3383.0,766.0,2,0.06972406503420077,-0.0025952226013430625,
2024-04-07 05:21:30.606000+00:00,9496.0,0.0,0.0,0.0,1.0,0.0,0.0,1.0,1232.0,3692.0,-3383.0,766.0,2,0.06972406503420077,-0.0025952226013430625,
2024-04-07 05:21:30.766000+00:00,9496.0,0.0,0.0,0.0,1.0,0.0,0.0,1.0,1232.0,3692.0,-3383.0,766.0,2,0.06972406503420077,-0.0025952226013430625,
2024-04-07 05:21:31.126000+00:00,9496.0,0.0,0.0,0.0,1.0,0.0,0.0,1.0,1232.0,3692.0,-3383.0,766.0,2,0.06972406503420077,-0.0025952226013430625,
2024-04-07 05:21:31.406000+00:00,9496.0,0.0,0.0,0.0,1.0,0.0,0.0,1.0,1232.0,3692.0,-3383.0,766.0,2,0.06972406503420077,-0.0025952226013430625,
2024-04-07 05:21:31.726000+00:00,9496.0,0.0,0.0,0.0,1.0,0.0,0.0,1.0,1232.0,3692.0,-3383.0,766.0,2,0.06972406503420077,-0.0025952226013430625,
2024-04-07 05:21:31.886000+00:00,9496.0,0.0,0.0,0.0,1.0,0.0,0.0,1.0,1232.0,3692.0,-3383.0,766.0,2,0.06972406503420077,-0.0025952226013430625,
2024-04-07 05:21:32.126000+00:00,9496.0,0.0,0.0,0.0,1.0,0.0,0.0,1.0,1232.0,3692.0,-3383.0,766.0,2,0.06972406503420077,-0.0025952226013430625,
2024-04-07 05:21:32.446000+00:00,9496.0,0.0,0.0,0.0,1.0,0.0,0.0,1.0,1232.0,3692.0,-3383.0,766.0,2,0.06972406503420077,-0.0025952226013430625,
2024-04-07 05:21:32.807000+00:00,9496.0,0.0,0.0,0.0,1.0,0.0,0.0,1.0,1232.0,3692.0,-3383.0,766.0,2,0.06972406503420077,-0.0025952226013430625,
2024-04-07 05:21:33.127000+00:00,9496.0,0.0,0.0,0.0,1.0,0.0,0.0,1.0,1232.0,3692.0,-3383.0,766.0,2,0.06972406503420077,-0.0025952226013430625,
2024-04-07 05:21:33.447000+00:00,9496.0,0.0,0.0,0.0,1.0,0.0,0.0,1.0,1232.0,3692.0,-3383.0,766.0,2,0.06972406503420077,-0.0025952226013430625,
2024-04-07 05:21:33.607000+00:00,9496.0,0.0,0.0,0.0,1.0,0.0,0.0,1.0,1232.0,3692.0,-3383.0,766.0,2,0.06972406503420077,-0.0025952226013430625,
2024-04-07 05:21:33.807000+00:00,9496.0,0.0,0.0,0.0,1.0,0.0,0.0,1.0,1232.0,3692.0,-3383.0,766.0,2,0.06972406503420077,-0.0025952226013430625,
2024-04-07 05:21:33.967000+00:00,9496.0,0.0,0.0,0.0,1.0,0.0,0.0,1.0,1232.0,3692.0,-3383.0,766.0,2,0.06972406503420077,-0.0025952226013430625,
2024-04-07 05:21:34.287000+00:00,9496.0,0.0,0.0,0.0,1.0,0.0,0.0,1.0,1232.0,3692.0,-3383.0,766.0,2,0.06972406503420077,-0.0025952226013430625,
2024-04-07 05:21:34.647000+00:00,9496.0,0.0,0.0,0.0,1.0,0.0,0.0,1.0,1232.0,3692.0,-3383.0,766.0,2,0.06972406503420077,-0.0025952226013430625,
2024-04-07 05:21:35.087000+00:00,9496.0,0.0,0.0,0.0,1.0,0.0,0.0,1.0,1232.0,3692.0,-3383.0,766.0,2,0.06972406503420077,-0.0025952226013430625,
2024-04-07 05:21:35.407000+00:00,9496.0,0.0,0.0,0.0,1.0,0.0,0.0,1.0,1232.0,3692.0,-3383.0,766.0,2,0.06972406503420077,-0.0025952226013430625,
2024-04-07 05:21:35.647000+00:00,9496.0,0.0,0.0,0.0,1.0,0.0,0.0,1.0,1232.0,3692.0,-3383.0,766.0,2,0.06972406503420077,-0.0025952226013430625,
2024-04-07 05:21:36.007000+00:00,9496.0,0.0,0.0,0.0,1.0,0.0,0.0,1.0,1232.0,3692.0,-3383.0,766.0,2,0.06972406503420077,-0.0025952226013430625,
2024-04-07 05:21:36.207000+00:00,9496.0,0.0,0.0,0.0,1.0,0.0,0.0,1.0,1232.0,3692.0,-3383.0,766.0,2,0.06972406503420077,-0.0025952226013430625,
2024-04-07 05:21:36.367000+00:00,9496.0,0.0,0.0,0.0,1.0,0.0,0.0,1.0,1232.0,3692.0,-3383.0,766.0,2,0.06972406503420077,-0.0025952226013430625,
2024-04-07 05:21:36.607000+00:00,9496.0,0.0,0.0,0.0,1.0,0.0,0.0,1.0,1232.0,3692.0,-3383.0,766.0,2,0.06972406503420077,-0.0025952226013430625,
2024-04-07 05:21:36.847000+00:00,9496.0,0.0,0.0,0.0,1.0,0.0,0.0,1.0,1232.0,3692.0,-3383.0,766.0,2,0.06972406503420077,-0.0025952226013430625,
2024-04-07 05:21:37.047000+00:00,9496.0,0.0,0.0,0.0,1.0,0.0,0.0,1.0,1232.0,3692.0,-3383.0,766.0,2,0.06972406503420077,-0.0025952226013430625,
2024-04-07 05:21:37.207000+00:00,9496.0,0.0,0.0,0.0,1.0,0.0,0.0,1.0,1232.0,3692.0,-3383.0,766.0,2,0.06972406503420077,-0.0025952226013430625,
2024-04-07 05:21:37.566000+00:00,9496.0,0.0,0.0,0.0,1.0,0.0,0.0,1.0,1232.0,3692.0,-3383.0,766.0,2,0.06972406503420077,-0.0025952226013430625,
2024-04-07 05:21:37.966000+00:00,9496.0,0.0,0.0,0.0,1.0,0.0,0.0,1.0,1232.0,3692.0,-3383.0,766.0,2,0.06972406503420077,-0.0025952226013430625,
2024-04-07 05:21:38.206000+00:00,9496.0,0.0,0.0,0.0,1.0,0.0,0.0,1.0,1232.0,3692.0,-3383.0,766.0,2,0.06972406503420077,-0.0025952226013430625,
2024-04-07 05:21:38.366000+00:00,9496.0,0.0,0.0,0.0,1.0,0.0,0.0,1.0,1232.0,3692.0,-3383.0,766.0,2,0.06972406503420077,-0.0025952226013430625,
2024-04-07 05:21:38.566000+00:00,9496.0,0.0,0.0,0.0,1.0,0.0,0.0,1.0,1232.0,3692.0,-3383.0,766.0,2,0.06972406503420077,-0.0025952226013430625,
2024-04-07 05:21:38.726000+00:00,9496.0,0.0,0.0,0.0,1.0,0.0,0.0,1.0,1232.0,3692.0,-3383.0,766.0,2,0.06972406503420077,-0.0025952226013430625,
2024-04-07 05:21:38.886000+00:00,9496.0,0.0,0.0,0.0,1.0,0.0,0.0,1.0,1232.0,3692.0,-3383.0,766.0,2,0.06972406503420077,-0.0025952226013430625,
2024-04-07 05:21:39.206000+00:00,9496.0,0.0,0.0,0.0,1.0,0.0,0.0,1.0,1232.0,3692.0,-3383.0,766.0,2,0.06972406503420077,-0.0025952226013430625,
2024-04-07 05:21:39.847000+00:00,9496.0,0.0,0.0,0.0,1.0,0.0,0.0,1.0,1232.0,3692.0,-3383.0,766.0,2,0.06972406503420077,-0.0025952226013430625,
2024-04-07 05:21:40.127000+00:00,9496.0,0.0,0.0,0.0,1.0,0.0,0.0,1.0,1232.0,3692.0,-3383.0,766.0,2,0.06972406503420077,-0.0025952226013430625,
2024-04-07 05:21:40.327000+00:00,9496.0,0.0,0.0,0.0,1.0,0.0,0.0,1.0,1232.0,3692.0,-3383.0,766.0,2,0.06972406503420077,-0.0025952226013430625,
2024-04-07 05:21:40.647000+00:00,9496.0,0.0,0.0,0.0,1.0,0.0,0.0,1.0,1232.0,3692.0,-3383.0,766.0,2,0.06972406503420077,-0.0025952226013430625,
2024-04-07 05:21:40.807000+00:00,9496.0,0.0,0.0,0.0,1.0,0.0,0.0,1.0,1232.0,3692.0,-3383.0,766.0,2,0.06972406503420077,-0.0025952226013430625,
2024-04-07 05:21:41.007000+00:00,9496.0,0.0,0.0,0.0,1.0,0.0,0.0,1.0,1232.0,3692.0,-3383.0,766.0,2,0.06972406503420077,-0.0025952226013430625,
2024-04-07 05:21:41.207000+00:00,9496.0,0.0,0.0,0.0,1.0,0.0,0.0,1.0,1232.0,3692.0,-3383.0,766.0,2,0.06972406503420077,-0.0025952226013430625,
2024-04-07 05:21:41.367000+00:00,9496.0,0.0,0.0,0.0,1.0,0.0,0.0,1.0,1232.0,3692.0,-3383.0,766.0,2,0.06972406503420077,-0.0025952226013430625,
2024-04-07 05:21:41.647000+00:00,9496.0,0.0,0.0,0.0,1.0,0.0,0.0,1.0,1232.0,3692.0,-3383.0,766.0,2,0.06972406503420077,-0.0025952226013430625,
2024-04-07 05:21:41.887000+00:00,9496.0,0.0,0.0,0.0,1.0,0.0,0.0,1.0,1232.0,3692.0,-3383.0,766.0,2,0.06972406503420077,-0.0025952226013430625,
2024-04-07 05:21:42.047000+00:00,9496.0,0.0,0.0,0.0,1.0,0.0,0.0,1.0,1232.0,3692.0,-3383.0,766.0,2,0.06972406503420077,-0.0025952226013430625,
2024-04-07 05:21:42.527000+00:00,9496.0,0.0,0.0,0.0,1.0,0.0,0.0,1.0,1232.0,3692.0,-3383.0,766.0,2,0.06972406503420077,-0.0025952226013430625,
2024-04-07 05:21:42.767000+00:00,9496.0,0.0,0.0,0.0,1.0,0.0,0.0,1.0,1232.0,3692.0,-3383.0,766.0,2,0.06972406503420077,-0.0025952226013430625,
2024-04-07 05:21:43.007000+00:00,9496.0,0.0,0.0,0.0,1.0,0.0,0.0,1.0,1232.0,3692.0,-3383.0,766.0,2,0.06972406503420077,-0.0025952226013430625,
2024-04-07 05:21:43.247000+00:00,9496.0,0.0,0.0,0.0,1.0,0.0,0.0,1.0,1232.0,3692.0,-3383.0,766.0,2,0.06972406503420077,-0.0025952226013430625,
2024-04-07 05:21:43.407000+00:00,9496.0,0.0,0.0,0.0,1.0,0.0,0.0,1.0,1232.0,3692.0,-3383.0,766.0,2,0.06972406503420077,-0.0025952226013430625,
2024-04-07 05:21:43.567000+00:00,9496.0,0.0,0.0,0.0,1.0,0.0,0.0,1.0,1232.0,3692.0,-3383.0,766.0,2,0.06972406503420077,-0.0025952226013430625,
2024-04-07 05:21:43.927000+00:00,9496.0,0.0,0.0,0.0,1.0,0.0,0.0,1.0,1232.0,3692.0,-3383.0,766.0,2,0.06972406503420077,-0.0025952226013430625,
2024-04-07 05:21:44.246000+00:00,9496.0,0.0,0.0,0.0,1.0,0.0,0.0,1.0,1232.0,3692.0,-3383.0,766.0,2,0.06972406503420077,-0.0025952226013430625,
2024-04-07 05:21:44.486000+00:00,9496.0,0.0,0.0,0.0,1.0,0.0,0.0,1.0,1232.0,3692.0,-3383.0,766.0,2,0.06972406503420077,-0.0025952226013430625,
2024-04-07 05:21:44.646000+00:00,9496.0,0.0,0.0,0.0,1.0,0.0,0.0,1.0,1232.0,3692.0,-3383.0,766.0,2,0.06972406503420077,-0.0025952226013430625,
2024-04-07 05:21:45.006000+00:00,9496.0,0.0,0.0,0.0,1.0,0.0,0.0,1.0,1232.0,3692.0,-3383.0,766.0,2,0.06972406503420077,-0.0025952226013430625,
2024-04-07 05:21:45.166000+00:00,9496.0,0.0,0.0,0.0,1.0,0.0,0.0,1.0,1232.0,3692.0,-3383.0,766.0,2,0.06972406503420077,-0.0025952226013430625,
2024-04-07 05:21:45.406000+00:00,9496.0,0.0,0.0,0.0,1.0,0.0,0.0,1.0,1232.0,3692.0,-3383.0,766.0,2,0.06972406503420077,-0.0025952226013430625,
2024-04-07 05:21:45.726000+00:00,9496.0,0.0,0.0,0.0,1.0,0.0,0.0,1.0,1232.0,3692.0,-3383.0,766.0,2,0.06972406503420077,-0.0025952226013430625,
2024-04-07 05:21:45.926000+00:00,9496.0,0.0,0.0,0.0,1.0,0.0,0.0,1.0,1232.0,3692.0,-3383.0,766.0,2,0.06972406503420077,-0.0025952226013430625,
2024-04-07 05:21:46.167000+00:00,9496.0,0.0,0.0,0.0,1.0,0.0,0.0,1.0,1232.0,3692.0,-3383.0,766.0,2,0.06972406503420077,-0.0025952226013430625,
2024-04-07 05:21:46.407000+00:00,9496.0,0.0,0.0,0.0,1.0,0.0,0.0,1.0,1232.0,3692.0,-3383.0,766.0,2,0.06972406503420077,-0.0025952226013430625,
2024-04-07 05:21:46.647000+00:00,9496.0,0.0,0.0,0.0,1.0,0.0,0.0,1.0,1232.0,3692.0,-3383.0,766.0,2,0.06972406503420077,-0.0025952226013430625,
2024-04-07 05:21:46.967000+00:00,9496.0,0.0,0.0,0.0,1.0,0.0,0.0,1.0,1232.0,3692.0,-3383.0,766.0,2,0.06972406503420077,-0.0025952226013430625,
2024-04-07 05:21:47.207000+00:00,9496.0,0.0,0.0,0.0,1.0,0.0,0.0,1.0,1232.0,3692.0,-3383.0,766.0,2,0.06972406503420077,-0.0025952226013430625,
2024-04-07 05:21:47.367000+00:00,9496.0,0.0,0.0,0.0,1.0,0.0,0.0,1.0,1232.0,3692.0,-3383.0,766.0,2,0.06972406503420077,-0.0025952226013430625,
2024-04-07 05:21:47.607000+00:00,9496.0,0.0,0.0,0.0,1.0,0.0,0.0,1.0,1232.0,3692.0,-3383.0,766.0,2,0.06972406503420077,-0.0025952226013430625,
2024-04-07 05:21:47.807000+00:00,9496.0,0.0,0.0,0.0,1.0,0.0,0.0,1.0,1232.0,3692.0,-3383.0,766.0,2,0.06972406503420077,-0.0025952226013430625,
2024-04-07 05:21:48.047000+00:00,9496.0,0.0,0.0,0.0,1.0,0.0,0.0,1.0,1232.0,3692.0,-3383.0,766.0,2,0.06972406503420077,-0.0025952226013430625,
2024-04-07 05:21:48.527000+00:00,9496.0,0.0,0.0,0.0,1.0,0.0,0.0,1.0,1232.0,3692.0,-3383.0,766.0,2,0.06972406503420077,-0.0025952226013430625,
2024-04-07 05:21:48.927000+00:00,9496.0,0.0,0.0,0.0,1.0,0.0,0.0,1.0,1232.0,3692.0,-3383.0,766.0,2,0.06972406503420077,-0.0025952226013430625,
2024-04-07 05:21:49.127000+00:00,9496.0,0.0,0.0,0.0,1.0,0.0,0.0,1.0,1232.0,3692.0,-3383.0,766.0,2,0.06972406503420077,-0.0025952226013430625,
2024-04-07 05:21:49.447000+00:00,9496.0,0.0,0.0,0.0,1.0,0.0,0.0,1.0,1232.0,3692.0,-3383.0,766.0,2,0.06972406503420077,-0.0025952226013430625,
2024-04-07 05:21:49.647000+00:00,9496.0,0.0,0.0,0.0,1.0,0.0,0.0,1.0,1232.0,3692.0,-3383.0,766.0,2,0.06972406503420077,-0.0025952226013430625,
2024-04-07 05:21:49.967000+00:00,9496.0,0.0,0.0,0.0,1.0,0.0,0.0,1.0,1232.0,3692.0,-3383.0,766.0,2,0.06972406503420077,-0.0025952226013430625,
2024-04-07 05:21:50.367000+00:00,9496.0,0.0,0.0,0.0,1.0,0.0,0.0,1.0,1232.0,3692.0,-3383.0,766.0,2,0.06972406503420077,-0.0025952226013430625,
2024-04-07 05:21:51.126000+00:00,9496.0,0.0,0.0,0.0,1.0,0.0,0.0,1.0,1232.0,3692.0,-3383.0,766.0,2,0.06972406503420077,-0.0025952226013430625,
2024-04-07 05:21:51.326000+00:00,9496.0,0.0,0.0,0.0,1.0,0.0,0.0,1.0,1232.0,3692.0,-3383.0,766.0,2,0.06972406503420077,-0.0025952226013430625,
2024-04-07 05:21:51.566000+00:00,9496.0,0.0,0.0,0.0,1.0,0.0,0.0,1.0,1232.0,3692.0,-3383.0,766.0,2,0.06972406503420077,-0.0025952226013430625,
2024-04-07 05:21:51.766000+00:00,9496.0,0.0,0.0,0.0,1.0,0.0,0.0,1.0,1232.0,3692.0,-3383.0,766.0,2,0.06972406503420077,-0.0025952226013430625,
2024-04-07 05:21:52.046000+00:00,9496.0,0.0,0.0,0.0,1.0,0.0,0.0,1.0,1232.0,3692.0,-3383.0,766.0,2,0.06972406503420077,-0.0025952226013430625,
2024-04-07 05:21:52.326000+00:00,9496.0,0.0,0.0,0.0,1.0,0.0,0.0,1.0,1232.0,3692.0,-3383.0,766.0,2,0.06972406503420077,-0.0025952226013430625,
2024-04-07 05:21:52.807000+00:00,9496.0,0.0,0.0,0.0,1.0,0.0,0.0,1.0,1232.0,3692.0,-3383.0,766.0,2,0.06972406503420077,-0.0025952226013430625,
2024-04-07 05:21:52.967000+00:00,9496.0,0.0,0.0,0.0,1.0,0.0,0.0,1.0,1232.0,3692.0,-3383.0,766.0,2,0.06972406503420077,-0.0025952226013430625,
2024-04-07 05:21:53.127000+00:00,9496.0,0.0,0.0,0.0,1.0,0.0,0.0,1.0,1232.0,3692.0,-3383.0,766.0,2,0.06972406503420077,-0.0025952226013430625,
2024-04-07 05:21:53.447000+00:00,9496.0,0.0,0.0,0.0,1.0,0.0,0.0,1.0,1232.0,3692.0,-3383.0,766.0,2,0.06972406503420077,-0.0025952226013430625,
2024-04-07 05:21:53.647000+00:00,9496.0,0.0,0.0,0.0,1.0,0.0,0.0,1.0,1232.0,3692.0,-3383.0,766.0,2,0.06972406503420077,-0.0025952226013430625,
2024-04-07 05:21:53.927000+00:00,9496.0,0.0,0.0,0.0,1.0,0.0,0.0,1.0,1232.0,3692.0,-3383.0,766.0,2,0.06972406503420077,-0.0025952226013430625,
2024-04-07 05:21:54.247000+00:00,9496.0,0.0,0.0,0.0,1.0,0.0,0.0,1.0,1232.0,3692.0,-3383.0,766.0,2,0.06972406503420077,-0.0025952226013430625,
2024-04-07 05:21:54.407000+00:00,9496.0,0.0,0.0,0.0,1.0,0.0,0.0,1.0,1232.0,3692.0,-3383.0,766.0,2,0.06972406503420077,-0.0025952226013430625,
2024-04-07 05:21:54.647000+00:00,9496.0,0.0,0.0,0.0,1.0,0.0,0.0,1.0,1232.0,3692.0,-3383.0,766.0,2,0.06972406503420077,-0.0025952226013430625,
2024-04-07 05:21:54.967000+00:00,9496.0,0.0,0.0,0.0,1.0,0.0,0.0,1.0,1232.0,3692.0,-3383.0,766.0,2,0.06972406503420077,-0.0025952226013430625,
2024-04-07 05:21:55.287000+00:00,9496.0,0.0,0.0,0.0,1.0,0.0,0.0,1.0,1232.0,3692.0,-3383.0,766.0,2,0.06972406503420077,-0.0025952226013430625,
2024-04-07 05:21:55.447000+00:00,9496.0,0.0,0.0,0.0,1.0,0.0,0.0,1.0,1232.0,3692.0,-3383.0,766.0,2,0.06972406503420077,-0.0025952226013430625,
2024-04-07 05:21:55.687000+00:00,9496.0,0.0,0.0,0.0,1.0,0.0,0.0,1.0,1232.0,3692.0,-3383.0,766.0,2,0.06972406503420077,-0.0025952226013430625,
2024-04-07 05:21:55.887000+00:00,9496.0,0.0,0.0,0.0,1.0,0.0,0.0,1.0,1232.0,3692.0,-3383.0,766.0,2,0.06972406503420077,-0.0025952226013430625,
2024-04-07 05:21:56.167000+00:00,9496.0,0.0,0.0,0.0,1.0,0.0,0.0,1.0,1232.0,3692.0,-3383.0,766.0,2,0.06972406503420077,-0.0025952226013430625,
2024-04-07 05:21:56.527000+00:00,9496.0,0.0,0.0,0.0,1.0,0.0,0.0,1.0,1232.0,3692.0,-3383.0,766.0,2,0.06972406503420077,-0.0025952226013430625,
2024-04-07 05:21:56.727000+00:00,9496.0,0.0,0.0,0.0,1.0,0.0,0.0,1.0,1232.0,3692.0,-3383.0,766.0,2,0.06972406503420077,-0.0025952226013430625,
2024-04-07 05:21:56.927000+00:00,9496.0,0.0,0.0,0.0,1.0,0.0,0.0,1.0,1232.0,3692.0,-3383.0,766.0,2,0.06972406503420077,-0.0025952226013430625,
2024-04-07 05:21:57.327000+00:00,9496.0,0.0,0.0,0.0,1.0,0.0,0.0,1.0,1232.0,3692.0,-3383.0,766.0,2,0.06972406503420077,-0.0025952226013430625,
2024-04-07 05:21:57.486000+00:00,9496.0,0.0,0.0,0.0,1.0,0.0,0.0,1.0,1232.0,3692.0,-3383.0,766.0,2,0.06972406503420077,-0.0025952226013430625,
2024-04-07 05:21:57.686000+00:00,9496.0,0.0,0.0,0.0,1.0,0.0,0.0,1.0,1232.0,3692.0,-3383.0,766.0,2,0.06972406503420077,-0.0025952226013430625,
2024-04-07 05:21:57.886000+00:00,9496.0,0.0,0.0,0.0,1.0,0.0,0.0,1.0,1232.0,3692.0,-3383.0,766.0,2,0.06972406503420077,-0.0025952226013430625,
2024-04-07 05:21:58.086000+00:00,9496.0,0.0,0.0,0.0,1.0,0.0,0.0,1.0,1232.0,3692.0,-3383.0,766.0,2,0.06972406503420077,-0.0025952226013430625,
2024-04-07 05:21:58.566000+00:00,9496.0,0.0,0.0,0.0,1.0,0.0,0.0,1.0,1232.0,3692.0,-3383.0,766.0,2,0.06972406503420077,-0.0025952226013430625,
2024-04-07 05:21:59.006000+00:00,9496.0,0.0,0.0,0.0,1.0,0.0,0.0,1.0,1232.0,3692.0,-3383.0,766.0,2,0.06972406503420077,-0.0025952226013430625,
2024-04-07 05:21:59.527000+00:00,9496.0,0.0,0.0,0.0,1.0,0.0,0.0,1.0,1232.0,3692.0,-3383.0,766.0,2,0.06972406503420077,-0.0025952226013430625,
2024-04-07 05:21:59.767000+00:00,9496.0,0.0,0.0,0.0,1.0,0.0,0.0,1.0,1232.0,3692.0,-3383.0,766.0,2,0.06972406503420077,-0.0025952226013430625,
2024-04-07 05:21:59.927000+00:00,9496.0,0.0,0.0,0.0,1.0,0.0,0.0,1.0,1232.0,3692.0,-3383.0,766.0,2,0.06972406503420077,-0.0025952226013430625,
2024-04-07 05:22:00.167000+00:00,9496.0,0.0,0.0,0.0,1.0,0.0,0.0,1.0,1232.0,3692.0,-3383.0,766.0,2,0.06972406503420077,-0.0025952226013430625,
2024-04-07 05:22:00.487000+00:00,9496.0,0.0,0.0,0.0,1.0,0.0,0.0,1.0,1232.0,3692.0,-3383.0,766.0,2,0.06972406503420077,-0.0025952226013430625,
2024-04-07 05:22:00.647000+00:00,9496.0,0.0,0.0,0.0,1.0,0.0,0.0,1.0,1232.0,3692.0,-3383.0,766.0,2,0.06972406503420077,-0.0025952226013430625,
2024-04-07 05:22:01.007000+00:00,9496.0,0.0,0.0,0.0,1.0,0.0,0.0,1.0,1232.0,3692.0,-3383.0,766.0,2,0.06972406503420077,-0.0025952226013430625,
2024-04-07 05:22:01.407000+00:00,9496.0,0.0,0.0,0.0,1.0,0.0,0.0,1.0,1232.0,3692.0,-3383.0,766.0,2,0.06972406503420077,-0.0025952226013430625,
2024-04-07 05:22:01.607000+00:00,9496.0,0.0,0.0,0.0,1.0,0.0,0.0,1.0,1232.0,3692.0,-3383.0,766.0,2,0.06972406503420077,-0.0025952226013430625,
2024-04-07 05:22:02.007000+00:00,9496.0,0.0,0.0,0.0,1.0,0.0,0.0,1.0,1232.0,3692.0,-3383.0,766.0,2,0.06972406503420077,-0.0025952226013430625,
2024-04-07 05:22:02.447000+00:00,9496.0,0.0,0.0,0.0,1.0,0.0,0.0,1.0,1232.0,3692.0,-3383.0,766.0,2,0.06972406503420077,-0.0025952226013430625,
2024-04-07 05:22:02.647000+00:00,9496.0,0.0,0.0,0.0,1.0,0.0,0.0,1.0,1232.0,3692.0,-3383.0,766.0,2,0.06972406503420077,-0.0025952226013430625,
2024-04-07 05:22:02.927000+00:00,9496.0,0.0,0.0,0.0,1.0,0.0,0.0,1.0,1232.0,3692.0,-3383.0,766.0,2,0.06972406503420077,-0.0025952226013430625,
2024-04-07 05:22:03.287000+00:00,9496.0,0.0,0.0,0.0,1.0,0.0,0.0,1.0,1232.0,3692.0,-3383.0,766.0,2,0.06972406503420077,-0.0025952226013430625,
2024-04-07 05:22:03.607000+00:00,9496.0,0.0,0.0,0.0,1.0,0.0,0.0,1.0,1232.0,3692.0,-3383.0,766.0,2,0.06972406503420077,-0.0025952226013430625,
2024-04-07 05:22:03.847000+00:00,9496.0,0.0,0.0,0.0,1.0,0.0,0.0,1.0,1232.0,3692.0,-3383.0,766.0,2,0.06972406503420077,-0.0025952226013430625,
2024-04-07 05:22:04.127000+00:00,9496.0,0.0,0.0,0.0,1.0,0.0,0.0,1.0,1232.0,3692.0,-3383.0,766.0,2,0.06972406503420077,-0.0025952226013430625,
2024-04-07 05:22:04.286000+00:00,9496.0,0.0,0.0,0.0,1.0,0.0,0.0,1.0,1232.0,3692.0,-3383.0,766.0,2,0.06972406503420077,-0.0025952226013430625,
2024-04-07 05:22:04.486000+00:00,9496.0,0.0,0.0,0.0,1.0,0.0,0.0,1.0,1232.0,3692.0,-3383.0,766.0,2,0.06972406503420077,-0.0025952226013430625,
2024-04-07 05:22:04.646000+00:00,9496.0,0.0,0.0,0.0,1.0,0.0,0.0,1.0,1232.0,3692.0,-3383.0,766.0,2,0.06972406503420077,-0.0025952226013430625,
2024-04-07 05:22:04.846000+00:00,9496.0,0.0,0.0,0.0,1.0,0.0,0.0,1.0,1232.0,3692.0,-3383.0,766.0,2,0.06972406503420077,-0.0025952226013430625,
2024-04-07 05:22:05.126000+00:00,9496.0,0.0,0.0,0.0,1.0,0.0,0.0,1.0,1232.0,3692.0,-3383.0,766.0,2,0.06972406503420077,-0.0025952226013430625,
2024-04-07 05:22:05.286000+00:00,9496.0,0.0,0.0,0.0,1.0,0.0,0.0,1.0,1232.0,3692.0,-3383.0,766.0,2,0.06972406503420077,-0.0025952226013430625,
2024-04-07 05:22:05.446000+00:00,9496.0,0.0,0.0,0.0,1.0,0.0,0.0,1.0,1232.0,3692.0,-3383.0,766.0,2,0.06972406503420077,-0.0025952226013430625,
2024-04-07 05:22:05.807000+00:00,9496.0,0.0,0.0,0.0,1.0,0.0,0.0,1.0,1232.0,3692.0,-3383.0,766.0,2,0.06972406503420077,-0.0025952226013430625,
2024-04-07 05:22:05.967000+00:00,9496.0,0.0,0.0,0.0,1.0,0.0,0.0,1.0,1232.0,3692.0,-3383.0,766.0,2,0.06972406503420077,-0.0025952226013430625,
2024-04-07 05:22:06.167000+00:00,9496.0,0.0,0.0,0.0,1.0,0.0,0.0,1.0,1232.0,3692.0,-3383.0,766.0,2,0.06972406503420077,-0.0025952226013430625,
2024-04-07 05:22:06.407000+00:00,9496.0,0.0,0.0,0.0,1.0,0.0,0.0,1.0,1232.0,3692.0,-3383.0,766.0,2,0.06972406503420077,-0.0025952226013430625,
2024-04-07 05:22:06.567000+00:00,9496.0,0.0,0.0,0.0,1.0,0.0,0.0,1.0,1232.0,3692.0,-3383.0,766.0,2,0.06972406503420077,-0.0025952226013430625,
2024-04-07 05:22:07.007000+00:00,9496.0,0.0,0.0,0.0,1.0,0.0,0.0,1.0,1232.0,3692.0,-3383.0,766.0,2,0.06972406503420077,-0.0025952226013430625,
2024-04-07 05:22:07.287000+00:00,9496.0,0.0,0.0,0.0,1.0,0.0,0.0,1.0,1232.0,3692.0,-3383.0,766.0,2,0.06972406503420077,-0.0025952226013430625,
2024-04-07 05:22:07.487000+00:00,9496.0,0.0,0.0,0.0,1.0,0.0,0.0,1.0,1232.0,3692.0,-3383.0,766.0,2,0.06972406503420077,-0.0025952226013430625,
2024-04-07 05:22:07.807000+00:00,9496.0,0.0,0.0,0.0,1.0,0.0,0.0,1.0,1232.0,3692.0,-3383.0,766.0,2,0.06972406503420077,-0.0025952226013430625,
2024-04-07 05:22:08.127000+00:00,9496.0,0.0,0.0,0.0,1.0,0.0,0.0,1.0,1232.0,3692.0,-3383.0,766.0,2,0.06972406503420077,-0.0025952226013430625,
2024-04-07 05:22:08.407000+00:00,9496.0,0.0,0.0,0.0,1.0,0.0,0.0,1.0,1232.0,3692.0,-3383.0,766.0,2,0.06972406503420077,-0.0025952226013430625,
2024-04-07 05:22:08.727000+00:00,9496.0,0.0,0.0,0.0,1.0,0.0,0.0,1.0,1232.0,3692.0,-3383.0,766.0,2,0.06972406503420077,-0.0025952226013430625,
2024-04-07 05:22:09.087000+00:00,9496.0,0.0,0.0,0.0,1.0,0.0,0.0,1.0,1232.0,3692.0,-3383.0,766.0,2,0.06972406503420077,-0.0025952226013430625,
2024-04-07 05:22:09.247000+00:00,9496.0,0.0,0.0,0.0,1.0,0.0,0.0,1.0,1232.0,3692.0,-3383.0,766.0,2,0.06972406503420077,-0.0025952226013430625,
2024-04-07 05:22:09.447000+00:00,9496.0,0.0,0.0,0.0,1.0,0.0,0.0,1.0,1232.0,3692.0,-3383.0,766.0,2,0.06972406503420077,-0.0025952226013430625,
2024-04-07 05:22:09.727000+00:00,9496.0,0.0,0.0,0.0,1.0,0.0,0.0,1.0,1232.0,3692.0,-3383.0,766.0,2,0.06972406503420077,-0.0025952226013430625,
2024-04-07 05:22:09.967000+00:00,9496.0,0.0,0.0,0.0,1.0,0.0,0.0,1.0,1232.0,3692.0,-3383.0,766.0,2,0.06972406503420077,-0.0025952226013430625,
2024-04-07 05:22:10.127000+00:00,9496.0,0.0,0.0,0.0,1.0,0.0,0.0,1.0,1232.0,3692.0,-3383.0,766.0,2,0.06972406503420077,-0.0025952226013430625,
2024-04-07 05:22:10.327000+00:00,9496.0,0.0,0.0,0.0,1.0,0.0,0.0,1.0,1232.0,3692.0,-3383.0,766.0,2,0.06972406503420077,-0.0025952226013430625,
2024-04-07 05:22:10.807000+00:00,9496.0,0.0,0.0,0.0,1.0,0.0,0.0,1.0,1232.0,3692.0,-3383.0,766.0,2,0.06972406503420077,-0.0025952226013430625,
2024-04-07 05:22:10.966000+00:00,9496.0,0.0,0.0,0.0,1.0,0.0,0.0,1.0,1232.0,3692.0,-3383.0,766.0,2,0.06972406503420077,-0.0025952226013430625,
2024-04-07 05:22:11.246000+00:00,9496.0,0.0,0.0,0.0,1.0,0.0,0.0,1.0,1232.0,3692.0,-3383.0,766.0,2,0.06972406503420077,-0.0025952226013430625,
2024-04-07 05:22:11.566000+00:00,9496.0,0.0,0.0,0.0,1.0,0.0,0.0,1.0,1232.0,3692.0,-3383.0,766.0,2,0.06972406503420077,-0.0025952226013430625,
2024-04-07 05:22:11.806000+00:00,9496.0,0.0,0.0,0.0,1.0,0.0,0.0,1.0,1232.0,3692.0,-3383.0,766.0,2,0.06972406503420077,-0.0025952226013430625,
2024-04-07 05:22:12.046000+00:00,9496.0,0.0,0.0,0.0,1.0,0.0,0.0,1.0,1232.0,3692.0,-3383.0,766.0,2,0.06972406503420077,-0.0025952226013430625,
2024-04-07 05:22:12.527000+00:00,9496.0,0.0,0.0,0.0,1.0,0.0,0.0,1.0,1232.0,3692.0,-3383.0,766.0,2,0.06972406503420077,-0.0025952226013430625,
2024-04-07 05:22:12.807000+00:00,9496.0,0.0,0.0,0.0,1.0,0.0,0.0,1.0,1232.0,3692.0,-3383.0,766.0,2,0.06972406503420077,-0.0025952226013430625,
2024-04-07 05:22:13.087000+00:00,9496.0,0.0,0.0,0.0,1.0,0.0,0.0,1.0,1232.0,3692.0,-3383.0,766.0,2,0.06972406503420077,-0.0025952226013430625,
2024-04-07 05:22:13.287000+00:00,9496.0,0.0,0.0,0.0,1.0,0.0,0.0,1.0,1232.0,3692.0,-3383.0,766.0,2,0.06972406503420077,-0.0025952226013430625,
2024-04-07 05:22:13.527000+00:00,9496.0,0.0,0.0,0.0,1.0,0.0,0.0,1.0,1232.0,3692.0,-3383.0,766.0,2,0.06972406503420077,-0.0025952226013430625,
2024-04-07 05:22:14.127000+00:00,9496.0,0.0,0.0,0.0,1.0,0.0,0.0,1.0,1232.0,3692.0,-3383.0,766.0,2,0.06972406503420077,-0.0025952226013430625,
2024-04-07 05:22:14.287000+00:00,9496.0,0.0,0.0,0.0,1.0,0.0,0.0,1.0,1232.0,3692.0,-3383.0,766.0,2,0.06972406503420077,-0.0025952226013430625,
2024-04-07 05:22:14.487000+00:00,9496.0,0.0,0.0,0.0,1.0,0.0,0.0,1.0,1232.0,3692.0,-3383.0,766.0,2,0.06972406503420077,-0.0025952226013430625,
2024-04-07 05:22:14.687000+00:00,9496.0,0.0,0.0,0.0,1.0,0.0,0.0,1.0,1232.0,3692.0,-3383.0,766.0,2,0.06972406503420077,-0.0025952226013430625,
2024-04-07 05:22:14.887000+00:00,9496.0,0.0,0.0,0.0,1.0,0.0,0.0,1.0,1232.0,3692.0,-3383.0,766.0,2,0.06972406503420077,-0.0025952226013430625,
2024-04-07 05:22:15.207000+00:00,9496.0,0.0,0.0,0.0,1.0,0.0,0.0,1.0,1232.0,3692.0,-3383.0,766.0,2,0.06972406503420077,-0.0025952226013430625,
2024-04-07 05:22:15.487000+00:00,9496.0,0.0,0.0,0.0,1.0,0.0,0.0,1.0,1232.0,3692.0,-3383.0,766.0,2,0.06972406503420077,-0.0025952226013430625,
2024-04-07 05:22:15.847000+00:00,9496.0,0.0,0.0,0.0,1.0,0.0,0.0,1.0,1232.0,3692.0,-3383.0,766.0,2,0.06972406503420077,-0.0025952226013430625,
2024-04-07 05:22:16.087000+00:00,9496.0,0.0,0.0,0.0,1.0,0.0,0.0,1.0,1232.0,3692.0,-3383.0,766.0,2,0.06972406503420077,-0.0025952226013430625,
2024-04-07 05:22:16.367000+00:00,9496.0,0.0,0.0,0.0,1.0,0.0,0.0,1.0,1232.0,3692.0,-3383.0,766.0,2,0.06972406503420077,-0.0025952226013430625,
2024-04-07 05:22:16.887000+00:00,9496.0,0.0,0.0,0.0,1.0,0.0,0.0,1.0,1232.0,3692.0,-3383.0,766.0,2,0.06972406503420077,-0.0025952226013430625,
2024-04-07 05:22:17.247000+00:00,9496.0,0.0,0.0,0.0,1.0,0.0,0.0,1.0,1232.0,3692.0,-3383.0,766.0,2,0.06972406503420077,-0.0025952226013430625,
2024-04-07 05:22:17.447000+00:00,9496.0,0.0,0.0,0.0,1.0,0.0,0.0,1.0,1232.0,3692.0,-3383.0,766.0,2,0.06972406503420077,-0.0025952226013430625,
2024-04-07 05:22:17.766000+00:00,9496.0,0.0,0.0,0.0,1.0,0.0,0.0,1.0,1232.0,3692.0,-3383.0,766.0,2,0.06972406503420077,-0.0025952226013430625,
2024-04-07 05:22:18.126000+00:00,9496.0,0.0,0.0,0.0,1.0,0.0,0.0,1.0,1232.0,3692.0,-3383.0,766.0,2,0.06972406503420077,-0.0025952226013430625,
2024-04-07 05:22:18.526000+00:00,9496.0,0.0,0.0,0.0,1.0,0.0,0.0,1.0,1232.0,3692.0,-3383.0,766.0,2,0.06972406503420077,-0.0025952226013430625,
2024-04-07 05:22:18.726000+00:00,9496.0,0.0,0.0,0.0,1.0,0.0,0.0,1.0,1232.0,3692.0,-3383.0,766.0,2,0.06972406503420077,-0.0025952226013430625,
2024-04-07 05:22:18.927000+00:00,9496.0,0.0,0.0,0.0,1.0,0.0,0.0,1.0,1232.0,3692.0,-3383.0,766.0,2,0.06972406503420077,-0.0025952226013430625,
2024-04-07 05:22:19.327000+00:00,9496.0,0.0,0.0,0.0,1.0,0.0,0.0,1.0,1232.0,3692.0,-3383.0,766.0,2,0.06972406503420077,-0.0025952226013430625,
2024-04-07 05:22:19.567000+00:00,9496.0,0.0,0.0,0.0,1.0,0.0,0.0,1.0,1232.0,3692.0,-3383.0,766.0,2,0.06972406503420077,-0.0025952226013430625,
2024-04-07 05:22:19.727000+00:00,9496.0,0.0,0.0,0.0,1.0,0.0,0.0,1.0,1232.0,3692.0,-3383.0,766.0,2,0.06972406503420077,-0.0025952226013430625,
2024-04-07 05:22:19.887000+00:00,9496.0,0.0,0.0,0.0,1.0,0.0,0.0,1.0,1232.0,3692.0,-3383.0,766.0,2,0.06972406503420077,-0.0025952226013430625,
2024-04-07 05:22:20.047000+00:00,9496.0,0.0,0.0,0.0,1.0,0.0,0.0,1.0,1232.0,3692.0,-3383.0,766.0,2,0.06972406503420077,-0.0025952226013430625,
2024-04-07 05:22:20.287000+00:00,9496.0,0.0,0.0,0.0,1.0,0.0,0.0,1.0,1232.0,3692.0,-3383.0,766.0,2,0.06972406503420077,-0.0025952226013430625,
2024-04-07 05:22:20.487000+00:00,9496.0,0.0,0.0,0.0,1.0,0.0,0.0,1.0,1232.0,3692.0,-3383.0,766.0,2,0.06972406503420077,-0.0025952226013430625,
2024-04-07 05:22:20.687000+00:00,9496.0,0.0,0.0,0.0,1.0,0.0,0.0,1.0,1232.0,3692.0,-3383.0,766.0,2,0.06972406503420077,-0.0025952226013430625,
2024-04-07 05:22:20.927000+00:00,9496.0,0.0,0.0,0.0,1.0,0.0,0.0,1.0,1232.0,3692.0,-3383.0,766.0,2,0.06972406503420077,-0.0025952226013430625,
2024-04-07 05:22:21.167000+00:00,9496.0,0.0,0.0,0.0,1.0,0.0,0.0,1.0,1232.0,3692.0,-3383.0,766.0,2,0.06972406503420077,-0.0025952226013430625,
2024-04-07 05:22:21.407000+00:00,9496.0,0.0,0.0,0.0,1.0,0.0,0.0,1.0,1232.0,3692.0,-3383.0,766.0,2,0.06972406503420077,-0.0025952226013430625,
2024-04-07 05:22:21.607000+00:00,9496.0,0.0,0.0,0.0,1.0,0.0,0.0,1.0,1232.0,3692.0,-3383.0,766.0,2,0.06972406503420077,-0.0025952226013430625,
2024-04-07 05:22:21.887000+00:00,9496.0,0.0,0.0,0.0,1.0,0.0,0.0,1.0,1232.0,3692.0,-3383.0,766.0,2,0.06972406503420077,-0.0025952226013430625,
2024-04-07 05:22:22.047000+00:00,9496.0,0.0,0.0,0.0,1.0,0.0,0.0,1.0,1232.0,3692.0,-3383.0,766.0,2,0.06972406503420077,-0.0025952226013430625,
2024-04-07 05:22:22.327000+00:00,9496.0,0.0,0.0,0.0,1.0,0.0,0.0,1.0,1232.0,3692.0,-3383.0,766.0,2,0.06972406503420077,-0.0025952226013430625,
2024-04-07 05:22:22.687000+00:00,9496.0,0.0,0.0,0.0,1.0,0.0,0.0,1.0,1232.0,3692.0,-3383.0,766.0,2,0.06972406503420077,-0.0025952226013430625,
2024-04-07 05:22:22.927000+00:00,9496.0,0.0,0.0,0.0,1.0,0.0,0.0,1.0,1232.0,3692.0,-3383.0,766.0,2,0.06972406503420077,-0.0025952226013430625,
2024-04-07 05:22:23.087000+00:00,9496.0,0.0,0.0,0.0,1.0,0.0,0.0,1.0,1232.0,3692.0,-3383.0,766.0,2,0.06972406503420077,-0.0025952226013430625,
2024-04-07 05:22:23.527000+00:00,9496.0,0.0,0.0,0.0,1.0,0.0,0.0,1.0,1232.0,3692.0,-3383.0,766.0,2,0.06972406503420077,-0.0025952226013430625,
2024-04-07 05:22:23.687000+00:00,9496.0,0.0,0.0,0.0,1.0,0.0,0.0,1.0,1232.0,3692.0,-3383.0,766.0,2,0.06972406503420077,-0.0025952226013430625,
2024-04-07 05:22:24.007000+00:00,9496.0,0.0,0.0,0.0,1.0,0.0,0.0,1.0,1232.0,3692.0,-3383.0,766.0,2,0.06972406503420077,-0.0025952226013430625,
2024-04-07 05:22:24.207000+00:00,9496.0,0.0,0.0,0.0,1.0,0.0,0.0,1.0,1232.0,3692.0,-3383.0,766.0,2,0.06972406503420077,-0.0025952226013430625,
2024-04-07 05:22:24.526000+00:00,9496.0,0.0,0.0,0.0,1.0,0.0,0.0,1.0,1232.0,3692.0,-3383.0,766.0,2,0.06972406503420077,-0.0025952226013430625,
2024-04-07 05:22:24.726000+00:00,9496.0,0.0,0.0,0.0,1.0,0.0,0.0,1.0,1232.0,3692.0,-3383.0,766.0,2,0.06972406503420077,-0.0025952226013430625,
2024-04-07 05:22:24.966000+00:00,9496.0,0.0,0.0,0.0,1.0,0.0,0.0,1.0,1232.0,3692.0,-3383.0,766.0,2,0.06972406503420077,-0.0025952226013430625,
2024-04-07 05:22:25.126000+00:00,9496.0,0.0,0.0,0.0,1.0,0.0,0.0,1.0,1232.0,3692.0,-3383.0,766.0,2,0.06972406503420077,-0.0025952226013430625,
2024-04-07 05:22:25.407000+00:00,9496.0,0.0,0.0,0.0,1.0,0.0,0.0,1.0,1232.0,3692.0,-3383.0,766.0,2,0.06972406503420077,-0.0025952226013430625,
2024-04-07 05:22:25.647000+00:00,9496.0,0.0,0.0,0.0,1.0,0.0,0.0,1.0,1232.0,3692.0,-3383.0,766.0,2,0.06972406503420077,-0.0025952226013430625,
2024-04-07 05:22:25.807000+00:00,9496.0,0.0,0.0,0.0,1.0,0.0,0.0,1.0,1232.0,3692.0,-3383.0,766.0,2,0.06972406503420077,-0.0025952226013430625,
2024-04-07 05:22:26.007000+00:00,9496.0,0.0,0.0,0.0,1.0,0.0,0.0,1.0,1232.0,3692.0,-3383.0,766.0,2,0.06972406503420077,-0.0025952226013430625,
2024-04-07 05:22:26.327000+00:00,9496.0,0.0,0.0,0.0,1.0,0.0,0.0,1.0,1232.0,3692.0,-3383.0,766.0,2,0.06972406503420077,-0.0025952226013430625,
2024-04-07 05:22:26.607000+00:00,9496.0,0.0,0.0,0.0,1.0,0.0,0.0,1.0,1232.0,3692.0,-3383.0,766.0,2,0.06972406503420077,-0.0025952226013430625,
2024-04-07 05:22:26.807000+00:00,9496.0,0.0,0.0,0.0,1.0,0.0,0.0,1.0,1232.0,3692.0,-3383.0,766.0,2,0.06972406503420077,-0.0025952226013430625,
2024-04-07 05:22:27.047000+00:00,9496.0,0.0,0.0,0.0,1.0,0.0,0.0,1.0,1232.0,3692.0,-3383.0,766.0,2,0.06972406503420077,-0.0025952226013430625,
2024-04-07 05:22:27.207000+00:00,9496.0,0.0,0.0,0.0,1.0,0.0,0.0,1.0,1232.0,3692.0,-3383.0,766.0,2,0.06972406503420077,-0.0025952226013430625,
2024-04-07 05:22:27.607000+00:00,9496.0,0.0,0.0,0.0,1.0,0.0,0.0,1.0,1232.0,3692.0,-3383.0,766.0,2,0.06972406503420077,-0.0025952226013430625,
2024-04-07 05:22:27.887000+00:00,9496.0,0.0,0.0,0.0,1.0,0.0,0.0,1.0,1232.0,3692.0,-3383.0,766.0,2,0.06972406503420077,-0.0025952226013430625,
2024-04-07 05:22:28.167000+00:00,9496.0,0.0,0.0,0.0,1.0,0.0,0.0,1.0,1232.0,3692.0,-3383.0,766.0,2,0.06972406503420077,-0.0025952226013430625,
2024-04-07 05:22:28.567000+00:00,9496.0,0.0,0.0,0.0,1.0,0.0,0.0,1.0,1232.0,3692.0,-3383.0,766.0,2,0.06972406503420077,-0.0025952226013430625,
2024-04-07 05:22:28.807000+00:00,9496.0,0.0,0.0,0.0,1.0,0.0,0.0,1.0,1232.0,3692.0,-3383.0,766.0,2,0.06972406503420077,-0.0025952226013430625,
2024-04-07 05:22:29.247000+00:00,9496.0,0.0,0.0,0.0,1.0,0.0,0.0,1.0,1232.0,3692.0,-3383.0,766.0,2,0.06972406503420077,-0.0025952226013430625,
2024-04-07 05:22:29.607000+00:00,9496.0,0.0,0.0,0.0,1.0,0.0,0.0,1.0,1232.0,3692.0,-3383.0,766.0,2,0.06972406503420077,-0.0025952226013430625,
2024-04-07 05:22:29.767000+00:00,9496.0,0.0,0.0,0.0,1.0,0.0,0.0,1.0,1232.0,3692.0,-3383.0,766.0,2,0.06972406503420077,-0.0025952226013430625,
2024-04-07 05:22:29.967000+00:00,9496.0,0.0,0.0,0.0,1.0,0.0,0.0,1.0,1232.0,3692.0,-3383.0,766.0,2,0.06972406503420077,-0.0025952226013430625,
2024-04-07 05:22:30.127000+00:00,9496.0,0.0,0.0,0.0,1.0,0.0,0.0,1.0,1232.0,3692.0,-3383.0,766.0,2,0.06972406503420077,-0.0025952226013430625,
2024-04-07 05:22:30.367000+00:00,9496.0,0.0,0.0,0.0,1.0,0.0,0.0,1.0,1232.0,3692.0,-3383.0,766.0,2,0.06972406503420077,-0.0025952226013430625,
2024-04-07 05:22:30.607000+00:00,9496.0,0.0,0.0,0.0,1.0,0.0,0.0,1.0,1232.0,3692.0,-3383.0,766.0,2,0.06972406503420077,-0.0025952226013430625,
2024-04-07 05:22:30.887000+00:00,9496.0,0.0,0.0,0.0,1.0,0.0,0.0,1.0,1232.0,3692.0,-3383.0,766.0,2,0.06972406503420077,-0.0025952226013430625,
2024-04-07 05:22:31.086000+00:00,9496.0,0.0,0.0,0.0,1.0,0.0,0.0,1.0,1232.0,3692.0,-3383.0,766.0,2,0.06972406503420077,-0.0025952226013430625,
2024-04-07 05:22:31.246000+00:00,9496.0,0.0,0.0,0.0,1.0,0.0,0.0,1.0,1232.0,3692.0,-3383.0,766.0,2,0.06972406503420077,-0.0025952226013430625,
2024-04-07 05:22:31.486000+00:00,9496.0,0.0,0.0,0.0,1.0,0.0,0.0,1.0,1232.0,3692.0,-3383.0,766.0,2,0.06972406503420077,-0.0025952226013430625,
2024-04-07 05:22:31.846000+00:00,9496.0,0.0,0.0,0.0,1.0,0.0,0.0,1.0,1232.0,3692.0,-3383.0,766.0,2,0.06972406503420077,-0.0025952226013430625,
2024-04-07 05:22:32.087000+00:00,9496.0,0.0,0.0,0.0,1.0,0.0,0.0,1.0,1232.0,3692.0,-3383.0,766.0,2,0.06972406503420077,-0.0025952226013430625,
2024-04-07 05:22:32.487000+00:00,9496.0,0.0,0.0,0.0,1.0,0.0,0.0,1.0,1232.0,3692.0,-3383.0,766.0,2,0.06972406503420077,-0.0025952226013430625,
2024-04-07 05:22:32.687000+00:00,9496.0,0.0,0.0,0.0,1.0,0.0,0.0,1.0,1232.0,3692.0,-3383.0,766.0,2,0.06972406503420077,-0.0025952226013430625,
2024-04-07 05:22:32.967000+00:00,9496.0,0.0,0.0,0.0,1.0,0.0,0.0,1.0,1232.0,3692.0,-3383.0,766.0,2,0.06972406503420077,-0.0025952226013430625,
2024-04-07 05:22:33.367000+00:00,9496.0,0.0,0.0,0.0,1.0,0.0,0.0,1.0,1232.0,3692.0,-3383.0,766.0,2,0.06972406503420077,-0.0025952226013430625,
2024-04-07 05:22:33.607000+00:00,9496.0,0.0,0.0,0.0,1.0,0.0,0.0,1.0,1232.0,3692.0,-3383.0,766.0,2,0.06972406503420077,-0.0025952226013430625,
2024-04-07 05:22:33.927000+00:00,9496.0,0.0,0.0,0.0,1.0,0.0,0.0,1.0,1232.0,3692.0,-3383.0,766.0,2,0.06972406503420077,-0.0025952226013430625,
2024-04-07 05:22:34.207000+00:00,9496.0,0.0,0.0,0.0,1.0,0.0,0.0,1.0,1232.0,3692.0,-3383.0,766.0,2,0.06972406503420077,-0.0025952226013430625,
2024-04-07 05:22:34.487000+00:00,9496.0,0.0,0.0,0.0,1.0,0.0,0.0,1.0,1232.0,3692.0,-3383.0,766.0,2,0.06972406503420077,-0.0025952226013430625,
2024-04-07 05:22:34.767000+00:00,9496.0,0.0,0.0,0.0,1.0,0.0,0.0,1.0,1232.0,3692.0,-3383.0,766.0,2,0.06972406503420077,-0.0025952226013430625,
2024-04-07 05:22:35.167000+00:00,9496.0,0.0,0.0,0.0,1.0,0.0,0.0,1.0,1232.0,3692.0,-3383.0,766.0,2,0.06972406503420077,-0.0025952226013430625,
2024-04-07 05:22:35.647000+00:00,9496.0,0.0,0.0,0.0,1.0,0.0,0.0,1.0,1232.0,3692.0,-3383.0,766.0,2,0.06972406503420077,-0.0025952226013430625,
2024-04-07 05:22:36.087000+00:00,9496.0,0.0,0.0,0.0,1.0,0.0,0.0,1.0,1232.0,3692.0,-3383.0,766.0,2,0.06972406503420077,-0.0025952226013430625,
2024-04-07 05:22:36.287000+00:00,9496.0,0.0,0.0,0.0,1.0,0.0,0.0,1.0,1232.0,3692.0,-3383.0,766.0,2,0.06972406503420077,-0.0025952226013430625,
2024-04-07 05:22:36.487000+00:00,9496.0,0.0,0.0,0.0,1.0,0.0,0.0,1.0,1232.0,3692.0,-3383.0,766.0,2,0.06972406503420077,-0.0025952226013430625,
2024-04-07 05:22:36.927000+00:00,9496.0,0.0,0.0,0.0,1.0,0.0,0.0,1.0,1232.0,3692.0,-3383.0,766.0,2,0.06972406503420077,-0.0025952226013430625,
2024-04-07 05:22:37.087000+00:00,9496.0,0.0,0.0,0.0,1.0,0.0,0.0,1.0,1232.0,3692.0,-3383.0,766.0,2,0.06972406503420077,-0.0025952226013430625,
2024-04-07 05:22:37.367000+00:00,9496.0,0.0,0.0,0.0,1.0,0.0,0.0,1.0,1232.0,3692.0,-3383.0,766.0,2,0.06972406503420077,-0.0025952226013430625,
2024-04-07 05:22:37.647000+00:00,9496.0,0.0,0.0,0.0,1.0,0.0,0.0,1.0,1232.0,3692.0,-3383.0,766.0,2,0.06972406503420077,-0.0025952226013430625,
2024-04-07 05:22:37.846000+00:00,9496.0,0.0,0.0,0.0,1.0,0.0,0.0,1.0,1232.0,3692.0,-3383.0,766.0,2,0.06972406503420077,-0.0025952226013430625,
2024-04-07 05:22:38.086000+00:00,9496.0,0.0,0.0,0.0,1.0,0.0,0.0,1.0,1232.0,3692.0,-3383.0,766.0,2,0.06972406503420077,-0.0025952226013430625,
2024-04-07 05:22:38.246000+00:00,9496.0,0.0,0.0,0.0,1.0,0.0,0.0,1.0,1232.0,3692.0,-3383.0,766.0,2,0.06972406503420077,-0.0025952226013430625,
2024-04-07 05:22:38.567000+00:00,9496.0,0.0,0.0,0.0,1.0,0.0,0.0,1.0,1232.0,3692.0,-3383.0,766.0,2,0.06972406503420077,-0.0025952226013430625,
2024-04-07 05:22:38.767000+00:00,9496.0,0.0,0.0,0.0,1.0,0.0,0.0,1.0,1232.0,3692.0,-3383.0,766.0,2,0.06972406503420077,-0.0025952226013430625,
2024-04-07 05:22:39.127000+00:00,9496.0,0.0,0.0,0.0,1.0,0.0,0.0,1.0,1232.0,3692.0,-3383.0,766.0,2,0.06972406503420077,-0.0025952226013430625,
2024-04-07 05:22:39.527000+00:00,9496.0,0.0,0.0,0.0,1.0,0.0,0.0,1.0,1232.0,3692.0,-3383.0,766.0,2,0.06972406503420077,-0.0025952226013430625,
2024-04-07 05:22:39.807000+00:00,9496.0,0.0,0.0,0.0,1.0,0.0,0.0,1.0,1232.0,3692.0,-3383.0,766.0,2,0.06972406503420077,-0.0025952226013430625,
2024-04-07 05:22:40.167000+00:00,9496.0,0.0,0.0,0.0,1.0,0.0,0.0,1.0,1232.0,3692.0,-3383.0,766.0,2,0.06972406503420077,-0.0025952226013430625,
2024-04-07 05:22:40.567000+00:00,9496.0,0.0,0.0,0.0,1.0,0.0,0.0,1.0,1232.0,3692.0,-3383.0,766.0,2,0.06972406503420077,-0.0025952226013430625,
2024-04-07 05:22:40.767000+00:00,9496.0,0.0,0.0,0.0,1.0,0.0,0.0,1.0,1232.0,3692.0,-3383.0,766.0,2,0.06972406503420077,-0.0025952226013430625,
2024-04-07 05:22:41.167000+00:00,9496.0,0.0,0.0,0.0,1.0,0.0,0.0,1.0,1232.0,3692.0,-3383.0,766.0,2,0.06972406503420077,-0.0025952226013430625,
2024-04-07 05:22:41.447000+00:00,9496.0,0.0,0.0,0.0,1.0,0.0,0.0,1.0,1232.0,3692.0,-3383.0,766.0,2,0.06972406503420077,-0.0025952226013430625,
2024-04-07 05:22:41.607000+00:00,9496.0,0.0,0.0,0.0,1.0,0.0,0.0,1.0,1232.0,3692.0,-3383.0,766.0,2,0.06972406503420077,-0.0025952226013430625,
2024-04-07 05:22:41.887000+00:00,9496.0,0.0,0.0,0.0,1.0,0.0,0.0,1.0,1232.0,3692.0,-3383.0,766.0,2,0.06972406503420077,-0.0025952226013430625,
2024-04-07 05:22:42.047000+00:00,9496.0,0.0,0.0,0.0,1.0,0.0,0.0,1.0,1232.0,3692.0,-3383.0,766.0,2,0.06972406503420077,-0.0025952226013430625,
2024-04-07 05:22:42.287000+00:00,9496.0,0.0,0.0,0.0,1.0,0.0,0.0,1.0,1232.0,3692.0,-3383.0,766.0,2,0.06972406503420077,-0.0025952226013430625,
2024-04-07 05:22:42.447000+00:00,9496.0,0.0,0.0,0.0,1.0,0.0,0.0,1.0,1232.0,3692.0,-3383.0,766.0,2,0.06972406503420077,-0.0025952226013430625,
2024-04-07 05:22:42.607000+00:00,9496.0,0.0,0.0,0.0,1.0,0.0,0.0,1.0,1232.0,3692.0,-3383.0,766.0,2,0.06972406503420077,-0.0025952226013430625,
2024-04-07 05:22:42.887000+00:00,9496.0,0.0,0.0,0.0,1.0,0.0,0.0,1.0,1232.0,3692.0,-3383.0,766.0,2,0.06972406503420077,-0.0025952226013430625,
2024-04-07 05:22:43.167000+00:00,9496.0,0.0,0.0,0.0,1.0,0.0,0.0,1.0,1232.0,3692.0,-3383.0,766.0,2,0.06972406503420077,-0.0025952226013430625,
2024-04-07 05:22:43.327000+00:00,9496.0,0.0,0.0,0.0,1.0,0.0,0.0,1.0,1232.0,3692.0,-3383.0,766.0,2,0.06972406503420077,-0.0025952226013430625,
2024-04-07 05:22:43.527000+00:00,9496.0,0.0,0.0,0.0,1.0,0.0,0.0,1.0,1232.0,3692.0,-3383.0,766.0,2,0.06972406503420077,-0.0025952226013430625,
2024-04-07 05:22:43.967000+00:00,9496.0,0.0,0.0,0.0,1.0,0.0,0.0,1.0,1232.0,3692.0,-3383.0,766.0,2,0.06972406503420077,-0.0025952226013430625,
2024-04-07 05:22:44.127000+00:00,9496.0,0.0,0.0,0.0,1.0,0.0,0.0,1.0,1232.0,3692.0,-3383.0,766.0,2,0.06972406503420077,-0.0025952226013430625,
2024-04-07 05:22:44.287000+00:00,9496.0,0.0,0.0,0.0,1.0,0.0,0.0,1.0,1232.0,3692.0,-3383.0,766.0,2,0.06972406503420077,-0.0025952226013430625,
2024-04-07 05:22:44.486000+00:00,9496.0,0.0,0.0,0.0,1.0,0.0,0.0,1.0,1232.0,3692.0,-3383.0,766.0,2,0.06972406503420077,-0.0025952226013430625,
2024-04-07 05:22:44.926000+00:00,9496.0,0.0,0.0,0.0,1.0,0.0,0.0,1.0,1232.0,3692.0,-3383.0,766.0,2,0.06972406503420077,-0.0025952226013430625,
2024-04-07 05:22:45.086000+00:00,9496.0,0.0,0.0,0.0,1.0,0.0,0.0,1.0,1232.0,3692.0,-3383.0,766.0,2,0.06972406503420077,-0.0025952226013430625,
2024-04-07 05:22:45.367000+00:00,9496.0,0.0,0.0,0.0,1.0,0.0,0.0,1.0,1232.0,3692.0,-3383.0,766.0,2,0.06972406503420077,-0.0025952226013430625,
2024-04-07 05:22:45.607000+00:00,9496.0,0.0,0.0,0.0,1.0,0.0,0.0,1.0,1232.0,3692.0,-3383.0,766.0,2,0.06972406503420077,-0.0025952226013430625,
2024-04-07 05:22:45.927000+00:00,9496.0,0.0,0.0,0.0,1.0,0.0,0.0,1.0,1232.0,3692.0,-3383.0,766.0,2,0.06972406503420077,-0.0025952226013430625,
2024-04-07 05:22:46.087000+00:00,9496.0,0.0,0.0,0.0,1.0,0.0,0.0,1.0,1232.0,3692.0,-3383.0,766.0,2,0.06972406503420077,-0.0025952226013430625,
2024-04-07 05:22:46.287000+00:00,9496.0,0.0,0.0,0.0,1.0,0.0,0.0,1.0,1232.0,3692.0,-3383.0,766.0,2,0.06972406503420077,-0.0025952226013430625,
2024-04-07 05:22:46.647000+00:00,9496.0,0.0,0.0,0.0,1.0,0.0,0.0,1.0,1232.0,3692.0,-3383.0,766.0,2,0.06972406503420077,-0.0025952226013430625,
2024-04-07 05:22:46.887000+00:00,9496.0,0.0,0.0,0.0,1.0,0.0,0.0,1.0,1232.0,3692.0,-3383.0,766.0,2,0.06972406503420077,-0.0025952226013430625,
2024-04-07 05:22:47.127000+00:00,9496.0,0.0,0.0,0.0,1.0,0.0,0.0,1.0,1232.0,3692.0,-3383.0,766.0,2,0.06972406503420077,-0.0025952226013430625,
2024-04-07 05:22:47.487000+00:00,9496.0,0.0,0.0,0.0,1.0,0.0,0.0,1.0,1232.0,3692.0,-3383.0,766.0,2,0.06972406503420077,-0.0025952226013430625,
2024-04-07 05:22:47.647000+00:00,9496.0,0.0,0.0,0.0,1.0,0.0,0.0,1.0,1232.0,3692.0,-3383.0,766.0,2,0.06972406503420077,-0.0025952226013430625,
2024-04-07 05:22:47.967000+00:00,9496.0,0.0,0.0,0.0,1.0,0.0,0.0,1.0,1232.0,3692.0,-3383.0,766.0,2,0.06972406503420077,-0.0025952226013430625,
2024-04-07 05:22:48.247000+00:00,9496.0,0.0,0.0,0.0,1.0,0.0,0.0,1.0,1232.0,3692.0,-3383.0,766.0,2,0.06972406503420077,-0.0025952226013430625,
2024-04-07 05:22:48.487000+00:00,9496.0,0.0,0.0,0.0,1.0,0.0,0.0,1.0,1232.0,3692.0,-3383.0,766.0,2,0.06972406503420077,-0.0025952226013430625,
2024-04-07 05:22:48.727000+00:00,9496.0,0.0,0.0,0.0,1.0,0.0,0.0,1.0,1232.0,3692.0,-3383.0,766.0,2,0.06972406503420077,-0.0025952226013430625,
2024-04-07 05:22:49.087000+00:00,9496.0,0.0,0.0,0.0,1.0,0.0,0.0,1.0,1232.0,3692.0,-3383.0,766.0,2,0.06972406503420077,-0.0025952226013430625,
2024-04-07 05:22:49.367000+00:00,9496.0,0.0,0.0,0.0,1.0,0.0,0.0,1.0,1232.0,3692.0,-3383.0,766.0,2,0.06972406503420077,-0.0025952226013430625,
2024-04-07 05:22:49.647000+00:00,9496.0,0.0,0.0,0.0,1.0,0.0,0.0,1.0,1232.0,3692.0,-3383.0,766.0,2,0.06972406503420077,-0.0025952226013430625,
2024-04-07 05:22:49.887000+00:00,9496.0,0.0,0.0,0.0,1.0,0.0,0.0,1.0,1232.0,3692.0,-3383.0,766.0,2,0.06972406503420077,-0.0025952226013430625,
2024-04-07 05:22:50.047000+00:00,9496.0,0.0,0.0,0.0,1.0,0.0,0.0,1.0,1232.0,3692.0,-3383.0,766.0,2,0.06972406503420077,-0.0025952226013430625,
2024-04-07 05:22:50.247000+00:00,9496.0,0.0,0.0,0.0,1.0,0.0,0.0,1.0,1232.0,3692.0,-3383.0,766.0,2,0.06972406503420077,-0.0025952226013430625,
2024-04-07 05:22:50.527000+00:00,9496.0,0.0,0.0,0.0,1.0,0.0,0.0,1.0,1232.0,3692.0,-3383.0,766.0,2,0.06972406503420077,-0.0025952226013430625,
2024-04-07 05:22:51.087000+00:00,9496.0,0.0,0.0,0.0,1.0,0.0,0.0,1.0,1232.0,3692.0,-3383.0,766.0,2,0.06972406503420077,-0.0025952226013430625,
2024-04-07 05:22:51.286000+00:00,9496.0,0.0,0.0,0.0,1.0,0.0,0.0,1.0,1232.0,3692.0,-3383.0,766.0,2,0.06972406503420077,-0.0025952226013430625,
2024-04-07 05:22:51.566000+00:00,9496.0,0.0,0.0,0.0,1.0,0.0,0.0,1.0,1232.0,3692.0,-3383.0,766.0,2,0.06972406503420077,-0.0025952226013430625,
2024-04-07 05:22:51.767000+00:00,9496.0,0.0,0.0,0.0,1.0,0.0,0.0,1.0,1232.0,3692.0,-3383.0,766.0,2,0.06972406503420077,-0.0025952226013430625,
2024-04-07 05:22:52.007000+00:00,9496.0,0.0,0.0,0.0,1.0,0.0,0.0,1.0,1232.0,3692.0,-3383.0,766.0,2,0.06972406503420077,-0.0025952226013430625,
2024-04-07 05:22:52.407000+00:00,9496.0,0.0,0.0,0.0,1.0,0.0,0.0,1.0,1232.0,3692.0,-3383.0,766.0,2,0.06972406503420077,-0.0025952226013430625,
2024-04-07 05:22:52.567000+00:00,9496.0,0.0,0.0,0.0,1.0,0.0,0.0,1.0,1232.0,3692.0,-3383.0,766.0,2,0.06972406503420077,-0.0025952226013430625,
2024-04-07 05:22:52.847000+00:00,9496.0,0.0,0.0,0.0,1.0,0.0,0.0,1.0,1232.0,3692.0,-3383.0,766.0,2,0.06972406503420077,-0.0025952226013430625,
2024-04-07 05:22:53.047000+00:00,9496.0,0.0,0.0,0.0,1.0,0.0,0.0,1.0,1232.0,3692.0,-3383.0,766.0,2,0.06972406503420077,-0.0025952226013430625,
2024-04-07 05:22:53.247000+00:00,9496.0,0.0,0.0,0.0,1.0,0.0,0.0,1.0,1232.0,3692.0,-3383.0,766.0,2,0.06972406503420077,-0.0025952226013430625,
2024-04-07 05:22:53.527000+00:00,9496.0,0.0,0.0,0.0,1.0,0.0,0.0,1.0,1232.0,3692.0,-3383.0,766.0,2,0.06972406503420077,-0.0025952226013430625,
2024-04-07 05:22:53.767000+00:00,9496.0,0.0,0.0,0.0,1.0,0.0,0.0,1.0,1232.0,3692.0,-3383.0,766.0,2,0.06972406503420077,-0.0025952226013430625,
2024-04-07 05:22:54.247000+00:00,9496.0,0.0,0.0,0.0,1.0,0.0,0.0,1.0,1232.0,3692.0,-3383.0,766.0,2,0.06972406503420077,-0.0025952226013430625,
2024-04-07 05:22:54.527000+00:00,9496.0,0.0,0.0,0.0,1.0,0.0,0.0,1.0,1232.0,3692.0,-3383.0,766.0,2,0.06972406503420077,-0.0025952226013430625,
2024-04-07 05:22:54.727000+00:00,9496.0,0.0,0.0,0.0,1.0,0.0,0.0,1.0,1232.0,3692.0,-3383.0,766.0,2,0.06972406503420077,-0.0025952226013430625,
2024-04-07 05:22:54.967000+00:00,9496.0,0.0,0.0,0.0,3.0,0.0,0.0,1.0,1232.0,3692.0,-3383.0,766.0,2,0.06972406503420077,-0.0025952226013430625,
2024-04-07 05:22:55.167000+00:00,9496.0,0.0,0.0,0.0,3.0,0.0,0.0,1.0,1232.0,3692.0,-3383.0,766.0,2,0.06972406503420077,-0.0025952226013430625,
2024-04-07 05:22:55.367000+00:00,9496.0,0.0,0.0,0.0,3.0,0.0,0.0,1.0,1232.0,3692.0,-3383.0,766.0,2,0.06972406503420077,-0.0025952226013430625,
2024-04-07 05:22:55.527000+00:00,9496.0,0.0,0.0,0.0,3.0,0.0,0.0,1.0,1232.0,3692.0,-3383.0,766.0,2,0.06972406503420077,-0.0025952226013430625,
2024-04-07 05:22:55.767000+00:00,9496.0,0.0,0.0,0.0,3.0,0.0,0.0,1.0,1232.0,3692.0,-3383.0,766.0,2,0.06972406503420077,-0.0025952226013430625,
2024-04-07 05:22:56.047000+00:00,9496.0,0.0,0.0,0.0,3.0,0.0,0.0,1.0,1232.0,3692.0,-3383.0,766.0,2,0.06972406503420077,-0.0025952226013430625,
2024-04-07 05:22:56.247000+00:00,9496.0,0.0,0.0,0.0,1.0,0.0,0.0,1.0,1232.0,3692.0,-3383.0,766.0,2,0.06972406503420077,-0.0025952226013430625,
2024-04-07 05:22:56.527000+00:00,9496.0,0.0,0.0,0.0,1.0,0.0,0.0,1.0,1232.0,3692.0,-3383.0,766.0,2,0.06972406503420077,-0.0025952226013430625,
2024-04-07 05:22:56.887000+00:00,9496.0,0.0,0.0,0.0,1.0,0.0,0.0,1.0,1232.0,3692.0,-3383.0,766.0,2,0.06972406503420077,-0.0025952226013430625,
2024-04-07 05:22:57.087000+00:00,9496.0,0.0,0.0,0.0,1.0,0.0,0.0,1.0,1232.0,3692.0,-3383.0,766.0,2,0.06972406503420077,-0.0025952226013430625,
2024-04-07 05:22:57.247000+00:00,9496.0,0.0,0.0,0.0,1.0,0.0,0.0,1.0,1232.0,3692.0,-3383.0,766.0,2,0.06972406503420077,-0.0025952226013430625,
2024-04-07 05:22:57.407000+00:00,9496.0,0.0,0.0,0.0,1.0,0.0,0.0,1.0,1232.0,3692.0,-3383.0,766.0,2,0.06972406503420077,-0.0025952226013430625,
2024-04-07 05:22:57.727000+00:00,9496.0,0.0,0.0,0.0,1.0,0.0,0.0,1.0,1232.0,3692.0,-3383.0,766.0,2,0.06972406503420077,-0.0025952226013430625,
2024-04-07 05:22:58.086000+00:00,9496.0,1260.0,0.0,0.0,1.0,0.0,0.0,1.0,1232.0,3692.0,-3383.0,766.0,2,0.06972406503420077,-0.0025952226013430625,
2024-04-07 05:22:58.246000+00:00,9496.0,2380.0,0.0,0.0,1.0,0.0,0.0,1.0,1232.0,3692.0,-3383.0,766.0,2,0.06972406503420077,-0.0025952226013430625,
2024-04-07 05:22:58.607000+00:00,9496.0,2557.0,0.0,0.0,1.0,0.0,0.0,1.0,1232.0,3692.0,-3383.0,766.0,2,0.06972406503420077,-0.0025952226013430625,
2024-04-07 05:22:58.807000+00:00,9496.0,2687.0,0.0,0.0,1.0,0.0,0.0,1.0,1232.0,3692.0,-3383.0,766.0,2,0.06972406503420077,-0.0025952226013430625,
2024-04-07 05:22:59.207000+00:00,9496.0,2631.0,0.0,0.0,1.0,0.0,0.0,1.0,1232.0,3692.0,-3383.0,766.0,2,0.06972406503420077,-0.0025952226013430625,
2024-04-07 05:22:59.567000+00:00,9496.0,2643.0,0.0,0.0,1.0,0.0,0.0,1.0,1232.0,3692.0,-3383.0,766.0,2,0.06972406503420077,-0.0025952226013430625,
2024-04-07 05:22:59.927000+00:00,9496.0,2646.0,0.0,0.0,1.0,0.0,0.0,1.0,1232.0,3692.0,-3383.0,766.0,2,0.06972406503420077,-0.0025952226013430625,
2024-04-07 05:23:00.167000+00:00,9496.0,2765.0,0.0,0.0,1.0,0.0,0.0,1.0,1232.0,3692.0,-3383.0,766.0,2,0.06972406503420077,-0.0025952226013430625,
2024-04-07 05:23:00.407000+00:00,9496.0,2644.0,0.0,0.0,1.0,0.0,0.0,1.0,1232.0,3692.0,-3383.0,766.0,2,0.06972406503420077,-0.0025952226013430625,
2024-04-07 05:23:00.767000+00:00,9496.0,2687.0,0.0,0.0,1.0,0.0,0.0,1.0,1232.0,3692.0,-3383.0,766.0,2,0.06972406503420077,-0.0025952226013430625,
2024-04-07 05:23:00.967000+00:00,9496.0,2615.0,0.0,0.0,1.0,0.0,0.0,1.0,1232.0,3692.0,-3383.0,766.0,2,0.06972406503420077,-0.0025952226013430625,
2024-04-07 05:23:01.127000+00:00,9496.0,2760.0,0.0,0.0,1.0,0.0,0.0,1.0,1232.0,3692.0,-3383.0,766.0,2,0.06972406503420077,-0.0025952226013430625,
2024-04-07 05:23:01.407000+00:00,9496.0,2628.0,0.0,0.0,1.0,0.0,0.0,1.0,1232.0,3692.0,-3383.0,766.0,2,0.06972406503420077,-0.0025952226013430625,
2024-04-07 05:23:01.567000+00:00,9496.0,2714.0,0.0,0.0,1.0,0.0,0.0,1.0,1232.0,3692.0,-3383.0,766.0,2,0.06972406503420077,-0.0025952226013430625,
2024-04-07 05:23:01.847000+00:00,9496.0,2768.0,0.0,0.0,1.0,0.0,0.0,1.0,1232.0,3692.0,-3383.0,766.0,2,0.06972406503420077,-0.0025952226013430625,
2024-04-07 05:23:02.007000+00:00,9496.0,2589.0,0.0,0.0,1.0,0.0,0.0,1.0,1232.0,3692.0,-3383.0,766.0,2,0.06972406503420077,-0.0025952226013430625,
2024-04-07 05:23:02.247000+00:00,9496.0,2738.0,0.0,0.0,1.0,0.0,0.0,1.0,1232.0,3692.0,-3383.0,766.0,2,0.06972406503420077,-0.0025952226013430625,
2024-04-07 05:23:02.407000+00:00,9496.0,2629.0,0.0,0.0,1.0,0.0,0.0,1.0,1232.0,3692.0,-3383.0,766.0,2,0.06972406503420077,-0.0025952226013430625,
2024-04-07 05:23:02.647000+00:00,9496.0,2620.0,0.0,0.0,1.0,0.0,0.0,1.0,1232.0,3692.0,-3383.0,766.0,2,0.06972406503420077,-0.0025952226013430625,
2024-04-07 05:23:03.327000+00:00,9496.0,2601.0,0.0,0.0,1.0,0.0,0.0,1.0,1232.0,3692.0,-3383.0,766.0,2,0.06972406503420077,-0.0025952226013430625,
2024-04-07 05:23:03.647000+00:00,9496.0,2618.0,0.0,0.0,1.0,0.0,0.0,1.0,1232.0,3692.0,-3383.0,766.0,2,0.06972406503420077,-0.0025952226013430625,
2024-04-07 05:23:03.887000+00:00,9496.0,2766.0,0.0,0.0,1.0,0.0,0.0,1.0,1232.0,3692.0,-3383.0,766.0,2,0.06972406503420077,-0.0025952226013430625,
2024-04-07 05:23:04.047000+00:00,9496.0,2615.0,0.0,0.0,1.0,0.0,0.0,1.0,1232.0,3692.0,-3383.0,766.0,2,0.06972406503420077,-0.0025952226013430625,
2024-04-07 05:23:04.247000+00:00,9496.0,2767.0,0.0,0.0,1.0,0.0,0.0,1.0,1232.0,3692.0,-3383.0,766.0,2,0.06972406503420077,-0.0025952226013430625,
2024-04-07 05:23:04.527000+00:00,9496.0,2672.0,0.0,0.0,1.0,0.0,0.0,1.0,1232.0,3692.0,-3383.0,766.0,2,0.06972406503420077,-0.0025952226013430625,
2024-04-07 05:23:04.686000+00:00,9496.0,2671.0,0.0,0.0,1.0,0.0,0.0,1.0,1232.0,3692.0,-3383.0,766.0,2,0.06972406503420077,-0.0025952226013430625,
2024-04-07 05:23:04.887000+00:00,9496.0,2779.0,0.0,0.0,1.0,0.0,0.0,1.0,1232.0,3692.0,-3383.0,766.0,2,0.06972406503420077,-0.0025952226013430625,
2024-04-07 05:23:05.167000+00:00,9496.0,2767.0,0.0,0.0,1.0,0.0,0.0,1.0,1232.0,3692.0,-3383.0,766.0,2,0.06972406503420077,-0.0025952226013430625,
2024-04-07 05:23:05.487000+00:00,9496.0,2711.0,0.0,0.0,1.0,0.0,0.0,1.0,1232.0,3692.0,-3383.0,766.0,2,0.06972406503420077,-0.0025952226013430625,
2024-04-07 05:23:05.687000+00:00,9496.0,2663.0,0.0,0.0,1.0,0.0,0.0,1.0,1232.0,3692.0,-3383.0,766.0,2,0.06972406503420077,-0.0025952226013430625,
2024-04-07 05:23:05.887000+00:00,9496.0,2094.0,0.0,0.0,1.0,0.0,0.0,1.0,1232.0,3692.0,-3383.0,766.0,2,0.06972406503420077,-0.0025952226013430625,
2024-04-07 05:23:06.047000+00:00,9496.0,1224.0,0.0,0.0,1.0,0.0,0.0,1.0,1232.0,3692.0,-3383.0,766.0,2,0.06972406503420077,-0.0025952226013430625,
2024-04-07 05:23:06.287000+00:00,9496.0,0.0,0.0,0.0,1.0,0.0,0.0,1.0,1232.0,3692.0,-3383.0,766.0,2,0.06972406503420077,-0.0025952226013430625,
2024-04-07 05:23:06.487000+00:00,9496.0,0.0,0.0,0.0,1.0,0.0,0.0,1.0,1232.0,3692.0,-3383.0,766.0,2,0.06972406503420077,-0.0025952226013430625,
2024-04-07 05:23:06.807000+00:00,9496.0,0.0,0.0,0.0,1.0,0.0,0.0,1.0,1232.0,3692.0,-3383.0,766.0,2,0.06972406503420077,-0.0025952226013430625,
2024-04-07 05:23:07.047000+00:00,9496.0,0.0,0.0,0.0,1.0,0.0,0.0,1.0,1232.0,3692.0,-3383.0,766.0,2,0.06972406503420077,-0.0025952226013430625,
2024-04-07 05:23:07.327000+00:00,9496.0,0.0,0.0,0.0,1.0,0.0,0.0,1.0,1232.0,3692.0,-3383.0,766.0,2,0.06972406503420077,-0.0025952226013430625,
2024-04-07 05:23:07.647000+00:00,9496.0,0.0,0.0,0.0,1.0,0.0,0.0,1.0,1232.0,3692.0,-3383.0,766.0,2,0.06972406503420077,-0.0025952226013430625,
2024-04-07 05:23:07.887000+00:00,9496.0,0.0,0.0,0.0,1.0,0.0,0.0,1.0,1232.0,3692.0,-3383.0,766.0,2,0.06972406503420077,-0.0025952226013430625,
2024-04-07 05:23:08.247000+00:00,9496.0,0.0,0.0,0.0,1.0,0.0,0.0,1.0,1232.0,3692.0,-3383.0,766.0,2,0.06972406503420077,-0.0025952226013430625,
2024-04-07 05:23:08.567000+00:00,9496.0,0.0,0.0,0.0,1.0,0.0,0.0,1.0,1232.0,3692.0,-3383.0,766.0,2,0.06972406503420077,-0.0025952226013430625,
2024-04-07 05:23:08.807000+00:00,9496.0,0.0,0.0,0.0,1.0,0.0,0.0,1.0,1232.0,3692.0,-3383.0,766.0,2,0.06972406503420077,-0.0025952226013430625,
2024-04-07 05:23:09.007000+00:00,9496.0,0.0,0.0,0.0,1.0,0.0,0.0,1.0,1232.0,3692.0,-3383.0,766.0,2,0.06972406503420077,-0.0025952226013430625,
2024-04-07 05:23:09.287000+00:00,9496.0,0.0,0.0,0.0,1.0,0.0,0.0,1.0,1232.0,3692.0,-3383.0,766.0,2,0.06972406503420077,-0.0025952226013430625,
2024-04-07 05:23:09.487000+00:00,9496.0,0.0,0.0,0.0,1.0,0.0,0.0,1.0,1232.0,3692.0,-3383.0,766.0,2,0.06972406503420077,-0.0025952226013430625,
2024-04-07 05:23:09.647000+00:00,9496.0,0.0,0.0,0.0,1.0,0.0,0.0,1.0,1232.0,3692.0,-3383.0,766.0,2,0.06972406503420077,-0.0025952226013430625,
2024-04-07 05:23:09.847000+00:00,9496.0,0.0,0.0,0.0,1.0,0.0,0.0,1.0,1232.0,3692.0,-3383.0,766.0,2,0.06972406503420077,-0.0025952226013430625,
2024-04-07 05:23:10.087000+00:00,9496.0,0.0,0.0,0.0,1.0,0.0,0.0,1.0,1232.0,3692.0,-3383.0,766.0,2,0.06972406503420077,-0.0025952226013430625,
2024-04-07 05:23:10.327000+00:00,9496.0,0.0,0.0,0.0,1.0,0.0,0.0,1.0,1232.0,3692.0,-3383.0,766.0,2,0.06972406503420077,-0.0025952226013430625,
2024-04-07 05:23:10.727000+00:00,9496.0,0.0,0.0,0.0,1.0,0.0,0.0,1.0,1232.0,3692.0,-3383.0,766.0,2,0.06972406503420077,-0.0025952226013430625,
2024-04-07 05:23:11.167000+00:00,9496.0,0.0,0.0,0.0,1.0,0.0,0.0,1.0,1232.0,3692.0,-3383.0,766.0,2,0.06972406503420077,-0.0025952226013430625,
2024-04-07 05:23:11.327000+00:00,9496.0,0.0,0.0,0.0,1.0,0.0,0.0,1.0,1232.0,3692.0,-3383.0,766.0,2,0.06972406503420077,-0.0025952226013430625,
2024-04-07 05:23:11.687000+00:00,9496.0,0.0,0.0,0.0,1.0,0.0,0.0,1.0,1232.0,3692.0,-3383.0,766.0,2,0.06972406503420077,-0.0025952226013430625,
2024-04-07 05:23:12.487000+00:00,9496.0,0.0,0.0,0.0,1.0,0.0,0.0,1.0,1232.0,3692.0,-3383.0,766.0,2,0.06972406503420077,-0.0025952226013430625,
2024-04-07 05:23:12.807000+00:00,9496.0,0.0,0.0,0.0,1.0,0.0,0.0,1.0,1232.0,3692.0,-3383.0,766.0,2,0.06972406503420077,-0.0025952226013430625,
2024-04-07 05:23:13.007000+00:00,9496.0,0.0,0.0,0.0,1.0,0.0,0.0,1.0,1232.0,3692.0,-3383.0,766.0,2,0.06972406503420077,-0.0025952226013430625,
2024-04-07 05:23:13.287000+00:00,9496.0,0.0,0.0,0.0,1.0,0.0,0.0,1.0,1232.0,3692.0,-3383.0,766.0,2,0.06972406503420077,-0.0025952226013430625,
2024-04-07 05:23:13.487000+00:00,9496.0,0.0,0.0,0.0,1.0,0.0,0.0,1.0,1232.0,3692.0,-3383.0,766.0,2,0.06972406503420077,-0.0025952226013430625,
2024-04-07 05:23:13.687000+00:00,9496.0,0.0,0.0,0.0,1.0,0.0,0.0,1.0,1232.0,3692.0,-3383.0,766.0,2,0.06972406503420077,-0.0025952226013430625,
2024-04-07 05:23:13.927000+00:00,9496.0,0.0,0.0,0.0,1.0,0.0,0.0,1.0,1232.0,3692.0,-3383.0,766.0,2,0.06972406503420077,-0.0025952226013430625,
2024-04-07 05:23:14.207000+00:00,9496.0,0.0,0.0,0.0,1.0,0.0,0.0,1.0,1232.0,3692.0,-3383.0,766.0,2,0.06972406503420077,-0.0025952226013430625,
2024-04-07 05:23:14.407000+00:00,9496.0,0.0,0.0,0.0,1.0,0.0,0.0,1.0,1232.0,3692.0,-3383.0,766.0,2,0.06972406503420077,-0.0025952226013430625,
2024-04-07 05:23:14.847000+00:00,9496.0,0.0,0.0,0.0,1.0,0.0,0.0,1.0,1232.0,3692.0,-3383.0,766.0,2,0.06972406503420077,-0.0025952226013430625,
2024-04-07 05:23:15.087000+00:00,9496.0,0.0,0.0,0.0,1.0,0.0,0.0,1.0,1232.0,3692.0,-3383.0,766.0,2,0.06972406503420077,-0.0025952226013430625,
2024-04-07 05:23:15.407000+00:00,9496.0,0.0,0.0,0.0,1.0,0.0,0.0,1.0,1232.0,3692.0,-3383.0,766.0,2,0.06972406503420077,-0.0025952226013430625,
2024-04-07 05:23:15.727000+00:00,9496.0,0.0,0.0,0.0,1.0,0.0,0.0,1.0,1232.0,3692.0,-3383.0,766.0,2,0.06972406503420077,-0.0025952226013430625,
2024-04-07 05:23:16.007000+00:00,9496.0,0.0,0.0,0.0,1.0,0.0,0.0,1.0,1232.0,3692.0,-3383.0,766.0,2,0.06972406503420077,-0.0025952226013430625,
2024-04-07 05:23:16.167000+00:00,9496.0,0.0,0.0,0.0,1.0,0.0,0.0,1.0,1232.0,3692.0,-3383.0,766.0,2,0.06972406503420077,-0.0025952226013430625,
2024-04-07 05:23:16.487000+00:00,9496.0,0.0,0.0,0.0,1.0,0.0,0.0,1.0,1232.0,3692.0,-3383.0,766.0,2,0.06972406503420077,-0.0025952226013430625,
2024-04-07 05:23:16.967000+00:00,9496.0,0.0,0.0,0.0,1.0,0.0,0.0,1.0,1232.0,3692.0,-3383.0,766.0,2,0.06972406503420077,-0.0025952226013430625,
2024-04-07 05:23:17.287000+00:00,9496.0,0.0,0.0,0.0,1.0,0.0,0.0,1.0,1232.0,3692.0,-3383.0,766.0,2,0.06972406503420077,-0.0025952226013430625,
2024-04-07 05:23:17.727000+00:00,9496.0,0.0,0.0,0.0,1.0,0.0,0.0,1.0,1232.0,3692.0,-3383.0,766.0,2,0.06972406503420077,-0.0025952226013430625,
2024-04-07 05:23:17.887000+00:00,9496.0,0.0,0.0,0.0,1.0,0.0,0.0,1.0,1232.0,3692.0,-3383.0,766.0,2,0.06972406503420077,-0.0025952226013430625,
2024-04-07 05:23:18.127000+00:00,9496.0,0.0,0.0,0.0,1.0,0.0,0.0,1.0,1232.0,3692.0,-3383.0,766.0,2,0.06972406503420077,-0.0025952226013430625,
2024-04-07 05:23:18.407000+00:00,9496.0,0.0,0.0,0.0,1.0,0.0,0.0,1.0,1232.0,3692.0,-3383.0,766.0,2,0.06972406503420077,-0.0025952226013430625,
2024-04-07 05:23:18.727000+00:00,9496.0,0.0,0.0,0.0,1.0,0.0,0.0,1.0,1232.0,3692.0,-3383.0,766.0,2,0.06972406503420077,-0.0025952226013430625,
2024-04-07 05:23:18.967000+00:00,9496.0,0.0,0.0,0.0,1.0,0.0,0.0,1.0,1232.0,3692.0,-3383.0,766.0,2,0.06972406503420077,-0.0025952226013430625,
2024-04-07 05:23:19.207000+00:00,9496.0,0.0,0.0,0.0,1.0,0.0,0.0,1.0,1232.0,3692.0,-3383.0,766.0,2,0.06972406503420077,-0.0025952226013430625,
2024-04-07 05:23:19.407000+00:00,9496.0,0.0,0.0,0.0,1.0,0.0,0.0,1.0,1232.0,3692.0,-3383.0,766.0,2,0.06972406503420077,-0.0025952226013430625,
2024-04-07 05:23:19.567000+00:00,9496.0,0.0,0.0,0.0,1.0,0.0,0.0,1.0,1232.0,3692.0,-3383.0,766.0,2,0.06972406503420077,-0.0025952226013430625,
2024-04-07 05:23:19.767000+00:00,9496.0,0.0,0.0,0.0,1.0,0.0,0.0,1.0,1232.0,3692.0,-3383.0,766.0,2,0.06972406503420077,-0.0025952226013430625,
2024-04-07 05:23:19.927000+00:00,9496.0,0.0,0.0,0.0,1.0,0.0,0.0,1.0,1232.0,3692.0,-3383.0,766.0,2,0.06972406503420077,-0.0025952226013430625,
2024-04-07 05:23:20.167000+00:00,9496.0,0.0,0.0,0.0,1.0,0.0,0.0,1.0,1232.0,3692.0,-3383.0,766.0,2,0.06972406503420077,-0.0025952226013430625,
2024-04-07 05:23:20.367000+00:00,9496.0,0.0,0.0,0.0,1.0,0.0,0.0,1.0,1232.0,3692.0,-3383.0,766.0,2,0.06972406503420077,-0.0025952226013430625,
2024-04-07 05:23:20.687000+00:00,9496.0,0.0,0.0,0.0,1.0,0.0,0.0,1.0,1232.0,3692.0,-3383.0,766.0,2,0.06972406503420077,-0.0025952226013430625,
2024-04-07 05:23:21.007000+00:00,9496.0,0.0,0.0,0.0,1.0,0.0,0.0,1.0,1232.0,3692.0,-3383.0,766.0,2,0.06972406503420077,-0.0025952226013430625,
2024-04-07 05:23:21.247000+00:00,9496.0,0.0,0.0,0.0,1.0,0.0,0.0,1.0,1232.0,3692.0,-3383.0,766.0,2,0.06972406503420077,-0.0025952226013430625,
2024-04-07 05:23:21.407000+00:00,9496.0,0.0,0.0,0.0,1.0,0.0,0.0,1.0,1232.0,3692.0,-3383.0,766.0,2,0.06972406503420077,-0.0025952226013430625,
2024-04-07 05:23:21.607000+00:00,9496.0,0.0,0.0,0.0,1.0,0.0,0.0,1.0,1232.0,3692.0,-3383.0,766.0,2,0.06972406503420077,-0.0025952226013430625,
2024-04-07 05:23:21.807000+00:00,9496.0,0.0,0.0,0.0,1.0,0.0,0.0,1.0,1232.0,3692.0,-3383.0,766.0,2,0.06972406503420077,-0.0025952226013430625,
2024-04-07 05:23:22.087000+00:00,9496.0,0.0,0.0,0.0,1.0,0.0,0.0,1.0,1232.0,3692.0,-3383.0,766.0,2,0.06972406503420077,-0.0025952226013430625,
2024-04-07 05:23:22.247000+00:00,9496.0,0.0,0.0,0.0,1.0,0.0,0.0,1.0,1232.0,3692.0,-3383.0,766.0,2,0.06972406503420077,-0.0025952226013430625,
2024-04-07 05:23:22.527000+00:00,9496.0,0.0,0.0,0.0,1.0,0.0,0.0,1.0,1232.0,3692.0,-3383.0,766.0,2,0.06972406503420077,-0.0025952226013430625,
2024-04-07 05:23:22.927000+00:00,9496.0,0.0,0.0,0.0,1.0,0.0,0.0,1.0,1232.0,3692.0,-3383.0,766.0,2,0.06972406503420077,-0.0025952226013430625,
2024-04-07 05:23:23.167000+00:00,9496.0,0.0,0.0,0.0,1.0,0.0,0.0,1.0,1232.0,3692.0,-3383.0,766.0,2,0.06972406503420077,-0.0025952226013430625,
2024-04-07 05:23:23.327000+00:00,9496.0,0.0,0.0,0.0,1.0,0.0,0.0,1.0,1232.0,3692.0,-3383.0,766.0,2,0.06972406503420077,-0.0025952226013430625,
2024-04-07 05:23:23.527000+00:00,9496.0,0.0,0.0,0.0,1.0,0.0,0.0,1.0,1232.0,3692.0,-3383.0,766.0,2,0.06972406503420077,-0.0025952226013430625,
2024-04-07 05:23:24.007000+00:00,9496.0,0.0,0.0,0.0,1.0,0.0,0.0,1.0,1232.0,3692.0,-3383.0,766.0,2,0.06972406503420077,-0.0025952226013430625,
2024-04-07 05:23:24.327000+00:00,9496.0,0.0,0.0,0.0,1.0,0.0,0.0,1.0,1232.0,3692.0,-3383.0,766.0,2,0.06972406503420077,-0.0025952226013430625,
2024-04-07 05:23:24.487000+00:00,9496.0,0.0,0.0,0.0,1.0,0.0,0.0,1.0,1232.0,3692.0,-3383.0,766.0,2,0.06972406503420077,-0.0025952226013430625,
2024-04-07 05:23:24.688000+00:00,9496.0,0.0,0.0,0.0,1.0,0.0,0.0,1.0,1232.0,3692.0,-3383.0,766.0,2,0.06972406503420077,-0.0025952226013430625,
2024-04-07 05:23:25.047000+00:00,9496.0,0.0,0.0,0.0,1.0,0.0,0.0,1.0,1232.0,3692.0,-3383.0,766.0,2,0.06972406503420077,-0.0025952226013430625,
2024-04-07 05:23:25.447000+00:00,9496.0,0.0,0.0,0.0,1.0,0.0,0.0,1.0,1232.0,3692.0,-3383.0,766.0,2,0.06972406503420077,-0.0025952226013430625,
2024-04-07 05:23:25.847000+00:00,9496.0,0.0,0.0,0.0,1.0,0.0,0.0,1.0,1232.0,3692.0,-3383.0,766.0,2,0.06972406503420077,-0.0025952226013430625,
2024-04-07 05:23:26.047000+00:00,9496.0,0.0,0.0,0.0,1.0,0.0,0.0,1.0,1232.0,3692.0,-3383.0,766.0,2,0.06972406503420077,-0.0025952226013430625,
2024-04-07 05:23:26.407000+00:00,9496.0,0.0,0.0,0.0,1.0,0.0,0.0,1.0,1232.0,3692.0,-3383.0,766.0,2,0.06972406503420077,-0.0025952226013430625,
2024-04-07 05:23:26.687000+00:00,9496.0,0.0,0.0,0.0,1.0,0.0,0.0,1.0,1232.0,3692.0,-3383.0,766.0,2,0.06972406503420077,-0.0025952226013430625,
2024-04-07 05:23:27.047000+00:00,9496.0,0.0,0.0,0.0,1.0,0.0,0.0,1.0,1232.0,3692.0,-3383.0,766.0,2,0.06972406503420077,-0.0025952226013430625,
2024-04-07 05:23:27.327000+00:00,9496.0,0.0,0.0,0.0,1.0,0.0,0.0,1.0,1232.0,3692.0,-3383.0,766.0,2,0.06972406503420077,-0.0025952226013430625,
2024-04-07 05:23:27.607000+00:00,9496.0,0.0,0.0,0.0,1.0,0.0,0.0,1.0,1232.0,3692.0,-3383.0,766.0,2,0.06972406503420077,-0.0025952226013430625,
2024-04-07 05:23:27.807000+00:00,9496.0,0.0,0.0,0.0,1.0,0.0,0.0,1.0,1232.0,3692.0,-3383.0,766.0,2,0.06972406503420077,-0.0025952226013430625,
2024-04-07 05:23:28.047000+00:00,9496.0,0.0,0.0,0.0,1.0,0.0,0.0,1.0,1232.0,3692.0,-3383.0,766.0,2,0.06972406503420077,-0.0025952226013430625,
2024-04-07 05:23:28.207000+00:00,9496.0,0.0,0.0,0.0,1.0,0.0,0.0,1.0,1232.0,3692.0,-3383.0,766.0,2,0.06972406503420077,-0.0025952226013430625,
2024-04-07 05:23:28.447000+00:00,9496.0,0.0,0.0,0.0,1.0,0.0,0.0,1.0,1232.0,3692.0,-3383.0,766.0,2,0.06972406503420077,-0.0025952226013430625,
2024-04-07 05:23:28.767000+00:00,9496.0,0.0,0.0,0.0,1.0,0.0,0.0,1.0,1232.0,3692.0,-3383.0,766.0,2,0.06972406503420077,-0.0025952226013430625,
2024-04-07 05:23:29.127000+00:00,9496.0,0.0,0.0,0.0,1.0,0.0,0.0,1.0,1232.0,3692.0,-3383.0,766.0,2,0.06972406503420077,-0.0025952226013430625,
2024-04-07 05:23:29.287000+00:00,9496.0,0.0,0.0,0.0,1.0,0.0,0.0,1.0,1232.0,3692.0,-3383.0,766.0,2,0.06972406503420077,-0.0025952226013430625,
2024-04-07 05:23:29.487000+00:00,9496.0,0.0,0.0,0.0,1.0,0.0,0.0,1.0,1232.0,3692.0,-3383.0,766.0,2,0.06972406503420077,-0.0025952226013430625,
2024-04-07 05:23:29.767000+00:00,9496.0,0.0,0.0,0.0,1.0,0.0,0.0,1.0,1232.0,3692.0,-3383.0,766.0,2,0.06972406503420077,-0.0025952226013430625,
2024-04-07 05:23:30.007000+00:00,9496.0,0.0,0.0,0.0,1.0,0.0,0.0,1.0,1232.0,3692.0,-3383.0,766.0,2,0.06972406503420077,-0.0025952226013430625,
2024-04-07 05:23:30.367000+00:00,9496.0,0.0,0.0,0.0,1.0,0.0,0.0,1.0,1232.0,3692.0,-3383.0,766.0,2,0.06972406503420077,-0.0025952226013430625,
2024-04-07 05:23:30.687000+00:00,9496.0,0.0,0.0,0.0,1.0,0.0,0.0,1.0,1232.0,3692.0,-3383.0,766.0,2,0.06972406503420077,-0.0025952226013430625,
2024-04-07 05:23:31.007000+00:00,9496.0,0.0,0.0,0.0,1.0,0.0,0.0,1.0,1232.0,3692.0,-3383.0,766.0,2,0.06972406503420077,-0.0025952226013430625,
2024-04-07 05:23:31.408000+00:00,9496.0,0.0,0.0,0.0,1.0,0.0,0.0,1.0,1232.0,3692.0,-3383.0,766.0,2,0.06972406503420077,-0.0025952226013430625,
2024-04-07 05:23:31.687000+00:00,9496.0,0.0,0.0,0.0,1.0,0.0,0.0,1.0,1232.0,3692.0,-3383.0,766.0,2,0.06972406503420077,-0.0025952226013430625,
2024-04-07 05:23:31.927000+00:00,9496.0,0.0,0.0,0.0,1.0,0.0,0.0,1.0,1232.0,3692.0,-3383.0,766.0,2,0.06972406503420077,-0.0025952226013430625,
2024-04-07 05:23:32.087000+00:00,9496.0,0.0,0.0,0.0,1.0,0.0,0.0,1.0,1232.0,3692.0,-3383.0,766.0,2,0.06972406503420077,-0.0025952226013430625,
2024-04-07 05:23:32.327000+00:00,9496.0,0.0,0.0,0.0,1.0,0.0,0.0,1.0,1232.0,3692.0,-3383.0,766.0,2,0.06972406503420077,-0.0025952226013430625,
2024-04-07 05:23:32.567000+00:00,9496.0,0.0,0.0,0.0,1.0,0.0,0.0,1.0,1232.0,3692.0,-3383.0,766.0,2,0.06972406503420077,-0.0025952226013430625,
2024-04-07 05:23:32.847000+00:00,9496.0,0.0,0.0,0.0,1.0,0.0,0.0,1.0,1232.0,3692.0,-3383.0,766.0,2,0.06972406503420077,-0.0025952226013430625,
2024-04-07 05:23:33.087000+00:00,9496.0,0.0,0.0,0.0,1.0,0.0,0.0,1.0,1232.0,3692.0,-3383.0,766.0,2,0.06972406503420077,-0.0025952226013430625,
2024-04-07 05:23:33.367000+00:00,9496.0,0.0,0.0,0.0,1.0,0.0,0.0,1.0,1232.0,3692.0,-3383.0,766.0,2,0.06972406503420077,-0.0025952226013430625,
2024-04-07 05:23:33.567000+00:00,9496.0,0.0,0.0,0.0,1.0,0.0,0.0,1.0,1232.0,3692.0,-3383.0,766.0,2,0.06972406503420077,-0.0025952226013430625,
2024-04-07 05:23:33.807000+00:00,9496.0,0.0,0.0,0.0,1.0,0.0,0.0,1.0,1232.0,3692.0,-3383.0,766.0,2,0.06972406503420077,-0.0025952226013430625,
2024-04-07 05:23:33.967000+00:00,9496.0,0.0,0.0,0.0,1.0,0.0,0.0,1.0,1232.0,3692.0,-3383.0,766.0,2,0.06972406503420077,-0.0025952226013430625,
2024-04-07 05:23:34.287000+00:00,9496.0,0.0,0.0,0.0,1.0,0.0,0.0,1.0,1232.0,3692.0,-3383.0,766.0,2,0.06972406503420077,-0.0025952226013430625,
2024-04-07 05:23:34.607000+00:00,9496.0,0.0,0.0,0.0,1.0,0.0,0.0,1.0,1232.0,3692.0,-3383.0,766.0,2,0.06972406503420077,-0.0025952226013430625,
2024-04-07 05:23:34.767000+00:00,9496.0,0.0,0.0,0.0,1.0,0.0,0.0,1.0,1232.0,3692.0,-3383.0,766.0,2,0.06972406503420077,-0.0025952226013430625,
2024-04-07 05:23:35.127000+00:00,9496.0,0.0,0.0,0.0,1.0,0.0,0.0,1.0,1232.0,3692.0,-3383.0,766.0,2,0.06972406503420077,-0.0025952226013430625,
2024-04-07 05:23:35.487000+00:00,9496.0,0.0,0.0,0.0,1.0,0.0,0.0,1.0,1232.0,3692.0,-3383.0,766.0,2,0.06972406503420077,-0.0025952226013430625,
2024-04-07 05:23:35.767000+00:00,9496.0,0.0,0.0,0.0,1.0,0.0,0.0,1.0,1232.0,3692.0,-3383.0,766.0,2,0.06972406503420077,-0.0025952226013430625,
2024-04-07 05:23:36.007000+00:00,9496.0,0.0,0.0,0.0,1.0,0.0,0.0,1.0,1232.0,3692.0,-3383.0,766.0,2,0.06972406503420077,-0.0025952226013430625,
2024-04-07 05:23:36.327000+00:00,9496.0,0.0,0.0,0.0,1.0,0.0,0.0,1.0,1232.0,3692.0,-3383.0,766.0,2,0.06972406503420077,-0.0025952226013430625,
2024-04-07 05:23:36.487000+00:00,9496.0,0.0,0.0,0.0,1.0,0.0,0.0,1.0,1232.0,3692.0,-3383.0,766.0,2,0.06972406503420077,-0.0025952226013430625,
2024-04-07 05:23:36.687000+00:00,9496.0,0.0,0.0,0.0,1.0,0.0,0.0,1.0,1232.0,3692.0,-3383.0,766.0,2,0.06972406503420077,-0.0025952226013430625,
2024-04-07 05:23:37.087000+00:00,9496.0,0.0,0.0,0.0,1.0,0.0,0.0,1.0,1232.0,3692.0,-3383.0,766.0,2,0.06972406503420077,-0.0025952226013430625,
2024-04-07 05:23:37.327000+00:00,9496.0,0.0,0.0,0.0,1.0,0.0,0.0,1.0,1232.0,3692.0,-3383.0,766.0,2,0.06972406503420077,-0.0025952226013430625,
2024-04-07 05:23:37.567000+00:00,9496.0,0.0,0.0,0.0,1.0,0.0,0.0,1.0,1232.0,3692.0,-3383.0,766.0,2,0.06972406503420077,-0.0025952226013430625,
2024-04-07 05:23:37.968000+00:00,9496.0,0.0,0.0,0.0,1.0,0.0,0.0,1.0,1232.0,3692.0,-3383.0,766.0,2,0.06972406503420077,-0.0025952226013430625,
2024-04-07 05:23:38.367000+00:00,9496.0,0.0,0.0,0.0,1.0,0.0,0.0,1.0,1232.0,3692.0,-3383.0,766.0,2,0.06972406503420077,-0.0025952226013430625,
2024-04-07 05:23:38.527000+00:00,9496.0,0.0,0.0,0.0,1.0,0.0,0.0,1.0,1232.0,3692.0,-3383.0,766.0,2,0.06972406503420077,-0.0025952226013430625,
2024-04-07 05:23:38.687000+00:00,9496.0,0.0,0.0,0.0,1.0,0.0,0.0,1.0,1232.0,3692.0,-3383.0,766.0,2,0.06972406503420077,-0.0025952226013430625,
2024-04-07 05:23:39.007000+00:00,9496.0,0.0,0.0,0.0,1.0,0.0,0.0,1.0,1232.0,3692.0,-3383.0,766.0,2,0.06972406503420077,-0.0025952226013430625,
2024-04-07 05:23:39.167000+00:00,9496.0,0.0,0.0,0.0,1.0,0.0,0.0,1.0,1232.0,3692.0,-3383.0,766.0,2,0.06972406503420077,-0.0025952226013430625,
2024-04-07 05:23:39.327000+00:00,9496.0,0.0,0.0,0.0,1.0,0.0,0.0,1.0,1232.0,3692.0,-3383.0,766.0,2,0.06972406503420077,-0.0025952226013430625,
2024-04-07 05:23:39.487000+00:00,9496.0,0.0,0.0,0.0,1.0,0.0,0.0,1.0,1232.0,3692.0,-3383.0,766.0,2,0.06972406503420077,-0.0025952226013430625,
2024-04-07 05:23:39.767000+00:00,9496.0,0.0,0.0,0.0,1.0,0.0,0.0,1.0,1232.0,3692.0,-3383.0,766.0,2,0.06972406503420077,-0.0025952226013430625,
2024-04-07 05:23:40.007000+00:00,9496.0,0.0,0.0,0.0,1.0,0.0,0.0,1.0,1232.0,3692.0,-3383.0,766.0,2,0.06972406503420077,-0.0025952226013430625,
2024-04-07 05:23:40.167000+00:00,9496.0,0.0,0.0,0.0,1.0,0.0,0.0,1.0,1232.0,3692.0,-3383.0,766.0,2,0.06972406503420077,-0.0025952226013430625,
2024-04-07 05:23:40.367000+00:00,9496.0,0.0,0.0,0.0,1.0,0.0,0.0,1.0,1232.0,3692.0,-3383.0,766.0,2,0.06972406503420077,-0.0025952226013430625,
2024-04-07 05:23:40.567000+00:00,9496.0,0.0,0.0,0.0,1.0,0.0,0.0,1.0,1232.0,3692.0,-3383.0,766.0,2,0.06972406503420077,-0.0025952226013430625,
2024-04-07 05:23:40.767000+00:00,9496.0,0.0,0.0,0.0,1.0,0.0,0.0,1.0,1232.0,3692.0,-3383.0,766.0,2,0.06972406503420077,-0.0025952226013430625,
2024-04-07 05:23:40.927000+00:00,9496.0,0.0,0.0,0.0,1.0,0.0,0.0,1.0,1232.0,3692.0,-3383.0,766.0,2,0.06972406503420077,-0.0025952226013430625,
2024-04-07 05:23:41.247000+00:00,9496.0,0.0,0.0,0.0,1.0,0.0,0.0,1.0,1232.0,3692.0,-3383.0,766.0,2,0.06972406503420077,-0.0025952226013430625,
2024-04-07 05:23:41.447000+00:00,9496.0,0.0,0.0,0.0,1.0,0.0,0.0,1.0,1232.0,3692.0,-3383.0,766.0,2,0.06972406503420077,-0.0025952226013430625,
2024-04-07 05:23:41.647000+00:00,9496.0,0.0,0.0,0.0,1.0,0.0,0.0,1.0,1232.0,3692.0,-3383.0,766.0,2,0.06972406503420077,-0.0025952226013430625,
2024-04-07 05:23:41.847000+00:00,9496.0,0.0,0.0,0.0,1.0,0.0,0.0,1.0,1232.0,3692.0,-3383.0,766.0,2,0.06972406503420077,-0.0025952226013430625,
2024-04-07 05:23:42.727000+00:00,9496.0,0.0,0.0,0.0,1.0,0.0,0.0,1.0,1232.0,3692.0,-3383.0,766.0,2,0.06972406503420077,-0.0025952226013430625,
2024-04-07 05:23:43.087000+00:00,9496.0,0.0,0.0,0.0,1.0,0.0,0.0,1.0,1232.0,3692.0,-3383.0,766.0,2,0.06972406503420077,-0.0025952226013430625,
2024-04-07 05:23:43.287000+00:00,9496.0,0.0,0.0,0.0,1.0,0.0,0.0,1.0,1232.0,3692.0,-3383.0,766.0,2,0.06972406503420077,-0.0025952226013430625,
2024-04-07 05:23:43.487000+00:00,9496.0,0.0,0.0,0.0,1.0,0.0,0.0,1.0,1232.0,3692.0,-3383.0,766.0,2,0.06972406503420077,-0.0025952226013430625,
2024-04-07 05:23:43.727000+00:00,9496.0,0.0,0.0,0.0,1.0,0.0,0.0,1.0,1232.0,3692.0,-3383.0,766.0,2,0.06972406503420077,-0.0025952226013430625,
2024-04-07 05:23:43.887000+00:00,9496.0,0.0,0.0,0.0,1.0,0.0,0.0,1.0,1232.0,3692.0,-3383.0,766.0,2,0.06972406503420077,-0.0025952226013430625,
2024-04-07 05:23:44.167000+00:00,9496.0,0.0,0.0,0.0,1.0,0.0,0.0,1.0,1232.0,3692.0,-3383.0,766.0,2,0.06972406503420077,-0.0025952226013430625,
2024-04-07 05:23:44.528000+00:00,9496.0,0.0,0.0,0.0,1.0,0.0,0.0,1.0,1232.0,3692.0,-3383.0,766.0,2,0.06972406503420077,-0.0025952226013430625,
2024-04-07 05:23:44.768000+00:00,9496.0,0.0,0.0,0.0,1.0,0.0,0.0,1.0,1232.0,3692.0,-3383.0,766.0,2,0.06972406503420077,-0.0025952226013430625,
2024-04-07 05:23:44.928000+00:00,9496.0,0.0,0.0,0.0,1.0,0.0,0.0,1.0,1232.0,3692.0,-3383.0,766.0,2,0.06972406503420077,-0.0025952226013430625,
2024-04-07 05:23:45.087000+00:00,9496.0,0.0,0.0,0.0,1.0,0.0,0.0,1.0,1232.0,3692.0,-3383.0,766.0,2,0.06972406503420077,-0.0025952226013430625,
2024-04-07 05:23:45.407000+00:00,9496.0,0.0,0.0,0.0,1.0,0.0,0.0,1.0,1232.0,3692.0,-3383.0,766.0,2,0.06972406503420077,-0.0025952226013430625,
2024-04-07 05:23:45.567000+00:00,9496.0,0.0,0.0,0.0,1.0,0.0,0.0,1.0,1232.0,3692.0,-3383.0,766.0,2,0.06972406503420077,-0.0025952226013430625,
2024-04-07 05:23:46.167000+00:00,9496.0,0.0,0.0,0.0,1.0,0.0,0.0,1.0,1232.0,3692.0,-3383.0,766.0,2,0.06972406503420077,-0.0025952226013430625,
2024-04-07 05:23:46.367000+00:00,9496.0,0.0,0.0,0.0,1.0,0.0,0.0,1.0,1232.0,3692.0,-3383.0,766.0,2,0.06972406503420077,-0.0025952226013430625,
2024-04-07 05:23:46.647000+00:00,9496.0,0.0,0.0,0.0,1.0,0.0,0.0,1.0,1232.0,3692.0,-3383.0,766.0,2,0.06972406503420077,-0.0025952226013430625,
2024-04-07 05:23:46.847000+00:00,9496.0,0.0,0.0,0.0,1.0,0.0,0.0,1.0,1232.0,3692.0,-3383.0,766.0,2,0.06972406503420077,-0.0025952226013430625,
2024-04-07 05:23:47.127000+00:00,9496.0,0.0,0.0,0.0,1.0,0.0,0.0,1.0,1232.0,3692.0,-3383.0,766.0,2,0.06972406503420077,-0.0025952226013430625,
2024-04-07 05:23:47.327000+00:00,9496.0,0.0,0.0,0.0,1.0,0.0,0.0,1.0,1232.0,3692.0,-3383.0,766.0,2,0.06972406503420077,-0.0025952226013430625,
2024-04-07 05:23:47.527000+00:00,9496.0,0.0,0.0,0.0,1.0,0.0,0.0,1.0,1232.0,3692.0,-3383.0,766.0,2,0.06972406503420077,-0.0025952226013430625,
2024-04-07 05:23:47.887000+00:00,9496.0,0.0,0.0,0.0,1.0,0.0,0.0,1.0,1232.0,3692.0,-3383.0,766.0,2,0.06972406503420077,-0.0025952226013430625,
2024-04-07 05:23:48.287000+00:00,9496.0,0.0,0.0,0.0,1.0,0.0,0.0,1.0,1232.0,3692.0,-3383.0,766.0,2,0.06972406503420077,-0.0025952226013430625,
2024-04-07 05:23:48.647000+00:00,9496.0,0.0,0.0,0.0,1.0,0.0,0.0,1.0,1232.0,3692.0,-3383.0,766.0,2,0.06972406503420077,-0.0025952226013430625,
2024-04-07 05:23:48.807000+00:00,9496.0,0.0,0.0,0.0,1.0,0.0,0.0,1.0,1232.0,3692.0,-3383.0,766.0,2,0.06972406503420077,-0.0025952226013430625,
2024-04-07 05:23:49.087000+00:00,9496.0,0.0,0.0,0.0,1.0,0.0,0.0,1.0,1232.0,3692.0,-3383.0,766.0,2,0.06972406503420077,-0.0025952226013430625,
2024-04-07 05:23:49.287000+00:00,9496.0,0.0,0.0,0.0,1.0,0.0,0.0,1.0,1232.0,3692.0,-3383.0,766.0,2,0.06972406503420077,-0.0025952226013430625,
2024-04-07 05:23:49.607000+00:00,9496.0,0.0,0.0,0.0,1.0,0.0,0.0,1.0,1232.0,3692.0,-3383.0,766.0,2,0.06972406503420077,-0.0025952226013430625,
2024-04-07 05:23:49.847000+00:00,9496.0,0.0,0.0,0.0,1.0,0.0,0.0,1.0,1232.0,3692.0,-3383.0,766.0,2,0.06972406503420077,-0.0025952226013430625,
2024-04-07 05:23:50.167000+00:00,9496.0,0.0,0.0,0.0,1.0,0.0,0.0,1.0,1232.0,3692.0,-3383.0,766.0,2,0.06972406503420077,-0.0025952226013430625,
2024-04-07 05:23:50.327000+00:00,9496.0,0.0,0.0,0.0,1.0,0.0,0.0,1.0,1232.0,3692.0,-3383.0,766.0,2,0.06972406503420077,-0.0025952226013430625,
2024-04-07 05:23:50.487000+00:00,9496.0,0.0,0.0,0.0,1.0,0.0,0.0,1.0,1232.0,3692.0,-3383.0,766.0,2,0.06972406503420077,-0.0025952226013430625,
2024-04-07 05:23:50.687000+00:00,9496.0,0.0,0.0,0.0,1.0,0.0,0.0,1.0,1232.0,3692.0,-3383.0,766.0,2,0.06972406503420077,-0.0025952226013430625,
2024-04-07 05:23:50.887000+00:00,9496.0,0.0,0.0,0.0,1.0,0.0,0.0,1.0,1232.0,3692.0,-3383.0,766.0,2,0.06972406503420077,-0.0025952226013430625,
2024-04-07 05:23:51.168000+00:00,9496.0,0.0,0.0,0.0,1.0,0.0,0.0,1.0,1232.0,3692.0,-3383.0,766.0,2,0.06972406503420077,-0.0025952226013430625,
2024-04-07 05:23:51.767000+00:00,9496.0,0.0,0.0,0.0,1.0,0.0,0.0,1.0,1232.0,3692.0,-3383.0,766.0,2,0.06972406503420077,-0.0025952226013430625,
2024-04-07 05:23:52.047000+00:00,9496.0,0.0,0.0,0.0,1.0,0.0,0.0,1.0,1232.0,3692.0,-3383.0,766.0,2,0.06972406503420077,-0.0025952226013430625,
2024-04-07 05:23:52.407000+00:00,9496.0,0.0,0.0,0.0,1.0,0.0,0.0,1.0,1232.0,3692.0,-3383.0,766.0,2,0.06972406503420077,-0.0025952226013430625,
2024-04-07 05:23:52.967000+00:00,9496.0,0.0,0.0,0.0,1.0,0.0,0.0,1.0,1232.0,3692.0,-3383.0,766.0,2,0.06972406503420077,-0.0025952226013430625,
2024-04-07 05:23:53.127000+00:00,9496.0,0.0,0.0,0.0,1.0,0.0,0.0,1.0,1232.0,3692.0,-3383.0,766.0,2,0.06972406503420077,-0.0025952226013430625,
2024-04-07 05:23:53.407000+00:00,9496.0,0.0,0.0,0.0,1.0,0.0,0.0,1.0,1232.0,3692.0,-3383.0,766.0,2,0.06972406503420077,-0.0025952226013430625,
2024-04-07 05:23:53.807000+00:00,9496.0,0.0,0.0,0.0,1.0,0.0,0.0,1.0,1232.0,3692.0,-3383.0,766.0,2,0.06972406503420077,-0.0025952226013430625,
2024-04-07 05:23:54.207000+00:00,9496.0,0.0,0.0,0.0,1.0,0.0,0.0,1.0,1232.0,3692.0,-3383.0,766.0,2,0.06972406503420077,-0.0025952226013430625,
2024-04-07 05:23:54.607000+00:00,9496.0,0.0,0.0,0.0,1.0,0.0,0.0,1.0,1232.0,3692.0,-3383.0,766.0,2,0.06972406503420077,-0.0025952226013430625,
2024-04-07 05:23:54.847000+00:00,9496.0,0.0,0.0,0.0,1.0,0.0,0.0,1.0,1232.0,3692.0,-3383.0,766.0,2,0.06972406503420077,-0.0025952226013430625,
2024-04-07 05:23:55.007000+00:00,9496.0,0.0,0.0,0.0,1.0,0.0,0.0,1.0,1232.0,3692.0,-3383.0,766.0,2,0.06972406503420077,-0.0025952226013430625,
2024-04-07 05:23:55.287000+00:00,9496.0,0.0,0.0,0.0,1.0,0.0,0.0,1.0,1232.0,3692.0,-3383.0,766.0,2,0.06972406503420077,-0.0025952226013430625,
2024-04-07 05:23:55.487000+00:00,9496.0,0.0,0.0,0.0,1.0,0.0,0.0,1.0,1232.0,3692.0,-3383.0,766.0,2,0.06972406503420077,-0.0025952226013430625,
2024-04-07 05:23:55.687000+00:00,9496.0,0.0,0.0,0.0,1.0,0.0,0.0,1.0,1232.0,3692.0,-3383.0,766.0,2,0.06972406503420077,-0.0025952226013430625,
2024-04-07 05:23:55.887000+00:00,9496.0,0.0,0.0,0.0,1.0,0.0,0.0,1.0,1232.0,3692.0,-3383.0,766.0,2,0.06972406503420077,-0.0025952226013430625,
2024-04-07 05:23:56.087000+00:00,9496.0,0.0,0.0,0.0,1.0,0.0,0.0,1.0,1232.0,3692.0,-3383.0,766.0,2,0.06972406503420077,-0.0025952226013430625,
2024-04-07 05:23:56.287000+00:00,9496.0,0.0,0.0,0.0,1.0,0.0,0.0,1.0,1232.0,3692.0,-3383.0,766.0,2,0.06972406503420077,-0.0025952226013430625,
2024-04-07 05:23:56.647000+00:00,9496.0,0.0,0.0,0.0,1.0,0.0,0.0,1.0,1232.0,3692.0,-3383.0,766.0,2,0.06972406503420077,-0.0025952226013430625,
2024-04-07 05:23:56.967000+00:00,9496.0,0.0,0.0,0.0,1.0,0.0,0.0,1.0,1232.0,3692.0,-3383.0,766.0,2,0.06972406503420077,-0.0025952226013430625,
2024-04-07 05:23:57.167000+00:00,9496.0,0.0,0.0,0.0,1.0,0.0,0.0,1.0,1232.0,3692.0,-3383.0,766.0,2,0.06972406503420077,-0.0025952226013430625,
2024-04-07 05:23:57.327000+00:00,9496.0,0.0,0.0,0.0,1.0,0.0,0.0,1.0,1232.0,3692.0,-3383.0,766.0,2,0.06972406503420077,-0.0025952226013430625,
2024-04-07 05:23:57.728000+00:00,9496.0,0.0,0.0,0.0,1.0,0.0,0.0,1.0,1232.0,3692.0,-3383.0,766.0,2,0.06972406503420077,-0.0025952226013430625,
2024-04-07 05:23:57.968000+00:00,9496.0,0.0,0.0,0.0,1.0,0.0,0.0,1.0,1232.0,3692.0,-3383.0,766.0,2,0.06972406503420077,-0.0025952226013430625,
2024-04-07 05:23:58.128000+00:00,9496.0,0.0,0.0,0.0,1.0,0.0,0.0,1.0,1232.0,3692.0,-3383.0,766.0,2,0.06972406503420077,-0.0025952226013430625,
2024-04-07 05:23:58.527000+00:00,9496.0,0.0,0.0,0.0,1.0,0.0,0.0,1.0,1232.0,3692.0,-3383.0,766.0,2,0.06972406503420077,-0.0025952226013430625,
2024-04-07 05:23:58.687000+00:00,9496.0,0.0,0.0,0.0,1.0,0.0,0.0,1.0,1232.0,3692.0,-3383.0,766.0,2,0.06972406503420077,-0.0025952226013430625,
2024-04-07 05:23:58.847000+00:00,9496.0,0.0,0.0,0.0,1.0,0.0,0.0,1.0,1232.0,3692.0,-3383.0,766.0,2,0.06972406503420077,-0.0025952226013430625,
2024-04-07 05:23:59.047000+00:00,9496.0,0.0,0.0,0.0,1.0,0.0,0.0,1.0,1232.0,3692.0,-3383.0,766.0,2,0.06972406503420077,-0.0025952226013430625,
2024-04-07 05:23:59.407000+00:00,9496.0,0.0,0.0,0.0,1.0,0.0,0.0,1.0,1232.0,3692.0,-3383.0,766.0,2,0.06972406503420077,-0.0025952226013430625,
2024-04-07 05:23:59.567000+00:00,9496.0,0.0,0.0,0.0,1.0,0.0,0.0,1.0,1232.0,3692.0,-3383.0,766.0,2,0.06972406503420077,-0.0025952226013430625,
2024-04-07 05:24:00.047000+00:00,9496.0,0.0,0.0,0.0,1.0,0.0,0.0,1.0,1232.0,3692.0,-3383.0,766.0,2,0.06972406503420077,-0.0025952226013430625,
2024-04-07 05:24:00.247000+00:00,9496.0,0.0,0.0,0.0,1.0,0.0,0.0,1.0,1232.0,3692.0,-3383.0,766.0,2,0.06972406503420077,-0.0025952226013430625,
2024-04-07 05:24:00.447000+00:00,9496.0,0.0,0.0,0.0,1.0,0.0,0.0,1.0,1232.0,3692.0,-3383.0,766.0,2,0.06972406503420077,-0.0025952226013430625,
2024-04-07 05:24:00.607000+00:00,9496.0,0.0,0.0,0.0,1.0,0.0,0.0,1.0,1232.0,3692.0,-3383.0,766.0,2,0.06972406503420077,-0.0025952226013430625,
2024-04-07 05:24:01.087000+00:00,9496.0,0.0,0.0,0.0,1.0,0.0,0.0,1.0,1232.0,3692.0,-3383.0,766.0,2,0.06972406503420077,-0.0025952226013430625,
2024-04-07 05:24:01.487000+00:00,9496.0,0.0,0.0,0.0,1.0,0.0,0.0,1.0,1232.0,3692.0,-3383.0,766.0,2,0.06972406503420077,-0.0025952226013430625,
2024-04-07 05:24:01.767000+00:00,9496.0,0.0,0.0,0.0,1.0,0.0,0.0,1.0,1232.0,3692.0,-3383.0,766.0,2,0.06972406503420077,-0.0025952226013430625,
2024-04-07 05:24:01.927000+00:00,9496.0,0.0,0.0,0.0,1.0,0.0,0.0,1.0,1232.0,3692.0,-3383.0,766.0,2,0.06972406503420077,-0.0025952226013430625,
2024-04-07 05:24:02.207000+00:00,9496.0,0.0,0.0,0.0,1.0,0.0,0.0,1.0,1232.0,3692.0,-3383.0,766.0,2,0.06972406503420077,-0.0025952226013430625,
2024-04-07 05:24:02.447000+00:00,9496.0,0.0,0.0,0.0,1.0,0.0,0.0,1.0,1232.0,3692.0,-3383.0,766.0,2,0.06972406503420077,-0.0025952226013430625,
2024-04-07 05:24:02.727000+00:00,9496.0,0.0,0.0,0.0,1.0,0.0,0.0,1.0,1232.0,3692.0,-3383.0,766.0,2,0.06972406503420077,-0.0025952226013430625,
2024-04-07 05:24:03.127000+00:00,9496.0,0.0,0.0,0.0,1.0,0.0,0.0,1.0,1232.0,3692.0,-3383.0,766.0,2,0.06972406503420077,-0.0025952226013430625,
2024-04-07 05:24:03.287000+00:00,9496.0,0.0,0.0,0.0,1.0,0.0,0.0,1.0,1232.0,3692.0,-3383.0,766.0,2,0.06972406503420077,-0.0025952226013430625,
2024-04-07 05:24:03.527000+00:00,9496.0,0.0,0.0,0.0,1.0,0.0,0.0,1.0,1232.0,3692.0,-3383.0,766.0,2,0.06972406503420077,-0.0025952226013430625,
2024-04-07 05:24:03.727000+00:00,9496.0,0.0,0.0,0.0,1.0,0.0,0.0,1.0,1232.0,3692.0,-3383.0,766.0,2,0.06972406503420077,-0.0025952226013430625,
2024-04-07 05:24:03.887000+00:00,9496.0,0.0,0.0,0.0,1.0,0.0,0.0,1.0,1232.0,3692.0,-3383.0,766.0,2,0.06972406503420077,-0.0025952226013430625,
2024-04-07 05:24:04.047000+00:00,9496.0,0.0,0.0,0.0,1.0,0.0,0.0,1.0,1232.0,3692.0,-3383.0,766.0,2,0.06972406503420077,-0.0025952226013430625,
2024-04-07 05:24:04.368000+00:00,9496.0,0.0,0.0,0.0,1.0,0.0,0.0,1.0,1232.0,3692.0,-3383.0,766.0,2,0.06972406503420077,-0.0025952226013430625,
2024-04-07 05:24:04.768000+00:00,9496.0,0.0,0.0,0.0,1.0,0.0,0.0,1.0,1232.0,3692.0,-3383.0,766.0,2,0.06972406503420077,-0.0025952226013430625,
2024-04-07 05:24:04.928000+00:00,9496.0,0.0,0.0,0.0,1.0,0.0,0.0,1.0,1232.0,3692.0,-3383.0,766.0,2,0.06972406503420077,-0.0025952226013430625,
2024-04-07 05:24:05.247000+00:00,9496.0,0.0,0.0,0.0,1.0,0.0,0.0,1.0,1232.0,3692.0,-3383.0,766.0,2,0.06972406503420077,-0.0025952226013430625,
2024-04-07 05:24:05.447000+00:00,9496.0,0.0,0.0,0.0,1.0,0.0,0.0,1.0,1232.0,3692.0,-3383.0,766.0,2,0.06972406503420077,-0.0025952226013430625,
2024-04-07 05:24:05.767000+00:00,9496.0,0.0,0.0,0.0,1.0,0.0,0.0,1.0,1232.0,3692.0,-3383.0,766.0,2,0.06972406503420077,-0.0025952226013430625,
2024-04-07 05:24:06.207000+00:00,9496.0,0.0,0.0,0.0,1.0,0.0,0.0,1.0,1232.0,3692.0,-3383.0,766.0,2,0.06972406503420077,-0.0025952226013430625,
2024-04-07 05:24:06.487000+00:00,9496.0,0.0,0.0,0.0,1.0,0.0,0.0,1.0,1232.0,3692.0,-3383.0,766.0,2,0.06972406503420077,-0.0025952226013430625,
2024-04-07 05:24:06.687000+00:00,9496.0,0.0,0.0,0.0,1.0,0.0,0.0,1.0,1232.0,3692.0,-3383.0,766.0,2,0.06972406503420077,-0.0025952226013430625,
2024-04-07 05:24:06.927000+00:00,9496.0,0.0,0.0,0.0,1.0,0.0,0.0,1.0,1232.0,3692.0,-3383.0,766.0,2,0.06972406503420077,-0.0025952226013430625,
2024-04-07 05:24:07.207000+00:00,9496.0,0.0,0.0,0.0,1.0,0.0,0.0,1.0,1232.0,3692.0,-3383.0,766.0,2,0.06972406503420077,-0.0025952226013430625,
2024-04-07 05:24:07.407000+00:00,9496.0,0.0,0.0,0.0,1.0,0.0,0.0,1.0,1232.0,3692.0,-3383.0,766.0,2,0.06972406503420077,-0.0025952226013430625,
2024-04-07 05:24:07.807000+00:00,9496.0,0.0,0.0,0.0,1.0,0.0,0.0,1.0,1232.0,3692.0,-3383.0,766.0,2,0.06972406503420077,-0.0025952226013430625,
2024-04-07 05:24:08.247000+00:00,9496.0,0.0,0.0,0.0,1.0,0.0,0.0,1.0,1232.0,3692.0,-3383.0,766.0,2,0.06972406503420077,-0.0025952226013430625,
2024-04-07 05:24:08.607000+00:00,9496.0,0.0,0.0,0.0,1.0,0.0,0.0,1.0,1232.0,3692.0,-3383.0,766.0,2,0.06972406503420077,-0.0025952226013430625,
2024-04-07 05:24:08.807000+00:00,9496.0,0.0,0.0,0.0,1.0,0.0,0.0,1.0,1232.0,3692.0,-3383.0,766.0,2,0.06972406503420077,-0.0025952226013430625,
2024-04-07 05:24:09.047000+00:00,9496.0,0.0,0.0,0.0,1.0,0.0,0.0,1.0,1232.0,3692.0,-3383.0,766.0,2,0.06972406503420077,-0.0025952226013430625,
2024-04-07 05:24:09.407000+00:00,9496.0,0.0,0.0,0.0,1.0,0.0,0.0,1.0,1232.0,3692.0,-3383.0,766.0,2,0.06972406503420077,-0.0025952226013430625,
2024-04-07 05:24:09.567000+00:00,9496.0,0.0,0.0,0.0,1.0,0.0,0.0,1.0,1232.0,3692.0,-3383.0,766.0,2,0.06972406503420077,-0.0025952226013430625,
2024-04-07 05:24:09.767000+00:00,9496.0,0.0,0.0,0.0,1.0,0.0,0.0,1.0,1232.0,3692.0,-3383.0,766.0,2,0.06972406503420077,-0.0025952226013430625,
2024-04-07 05:24:10.007000+00:00,9496.0,0.0,0.0,0.0,1.0,0.0,0.0,1.0,1232.0,3692.0,-3383.0,766.0,2,0.06972406503420077,-0.0025952226013430625,
2024-04-07 05:24:10.247000+00:00,9496.0,0.0,0.0,0.0,1.0,0.0,0.0,1.0,1232.0,3692.0,-3383.0,766.0,2,0.06972406503420077,-0.0025952226013430625,
2024-04-07 05:24:10.407000+00:00,9496.0,0.0,0.0,0.0,1.0,0.0,0.0,1.0,1232.0,3692.0,-3383.0,766.0,2,0.06972406503420077,-0.0025952226013430625,
2024-04-07 05:24:10.848000+00:00,9496.0,0.0,0.0,0.0,1.0,0.0,0.0,1.0,1232.0,3692.0,-3383.0,766.0,2,0.06972406503420077,-0.0025952226013430625,
2024-04-07 05:24:11.008000+00:00,9496.0,0.0,0.0,0.0,1.0,0.0,0.0,1.0,1232.0,3692.0,-3383.0,766.0,2,0.06972406503420077,-0.0025952226013430625,
2024-04-07 05:24:11.328000+00:00,9496.0,0.0,0.0,0.0,1.0,0.0,0.0,1.0,1232.0,3692.0,-3383.0,766.0,2,0.06972406503420077,-0.0025952226013430625,
2024-04-07 05:24:11.608000+00:00,9496.0,0.0,0.0,0.0,1.0,0.0,0.0,1.0,1232.0,3692.0,-3383.0,766.0,2,0.06972406503420077,-0.0025952226013430625,
2024-04-07 05:24:11.888000+00:00,9496.0,0.0,0.0,0.0,1.0,0.0,0.0,1.0,1232.0,3692.0,-3383.0,766.0,2,0.06972406503420077,-0.0025952226013430625,
2024-04-07 05:24:12.087000+00:00,9496.0,0.0,0.0,0.0,1.0,0.0,0.0,1.0,1232.0,3692.0,-3383.0,766.0,2,0.06972406503420077,-0.0025952226013430625,
2024-04-07 05:24:12.447000+00:00,9496.0,0.0,0.0,0.0,1.0,0.0,0.0,1.0,1232.0,3692.0,-3383.0,766.0,2,0.06972406503420077,-0.0025952226013430625,
2024-04-07 05:24:12.687000+00:00,9496.0,0.0,0.0,0.0,1.0,0.0,0.0,1.0,1232.0,3692.0,-3383.0,766.0,2,0.06972406503420077,-0.0025952226013430625,
2024-04-07 05:24:12.967000+00:00,9496.0,0.0,0.0,0.0,1.0,0.0,0.0,1.0,1232.0,3692.0,-3383.0,766.0,2,0.06972406503420077,-0.0025952226013430625,
2024-04-07 05:24:13.407000+00:00,9496.0,0.0,0.0,0.0,1.0,0.0,0.0,1.0,1232.0,3692.0,-3383.0,766.0,2,0.06972406503420077,-0.0025952226013430625,
2024-04-07 05:24:13.767000+00:00,9496.0,0.0,0.0,0.0,1.0,0.0,0.0,1.0,1232.0,3692.0,-3383.0,766.0,2,0.06972406503420077,-0.0025952226013430625,
2024-04-07 05:24:14.007000+00:00,9496.0,0.0,0.0,0.0,1.0,0.0,0.0,1.0,1232.0,3692.0,-3383.0,766.0,2,0.06972406503420077,-0.0025952226013430625,
2024-04-07 05:24:14.247000+00:00,9496.0,0.0,0.0,0.0,1.0,0.0,0.0,1.0,1232.0,3692.0,-3383.0,766.0,2,0.06972406503420077,-0.0025952226013430625,
2024-04-07 05:24:14.447000+00:00,9496.0,0.0,0.0,0.0,1.0,0.0,0.0,1.0,1232.0,3692.0,-3383.0,766.0,2,0.06972406503420077,-0.0025952226013430625,
2024-04-07 05:24:14.647000+00:00,9496.0,0.0,0.0,0.0,1.0,0.0,0.0,1.0,1232.0,3692.0,-3383.0,766.0,2,0.06972406503420077,-0.0025952226013430625,
2024-04-07 05:24:14.887000+00:00,9496.0,0.0,0.0,0.0,1.0,0.0,0.0,1.0,1232.0,3692.0,-3383.0,766.0,2,0.06972406503420077,-0.0025952226013430625,
2024-04-07 05:24:15.087000+00:00,9496.0,0.0,0.0,0.0,1.0,0.0,0.0,1.0,1232.0,3692.0,-3383.0,766.0,2,0.06972406503420077,-0.0025952226013430625,
2024-04-07 05:24:15.447000+00:00,9496.0,0.0,0.0,0.0,1.0,0.0,0.0,1.0,1232.0,3692.0,-3383.0,766.0,2,0.06972406503420077,-0.0025952226013430625,
2024-04-07 05:24:15.767000+00:00,9496.0,0.0,0.0,0.0,1.0,0.0,0.0,1.0,1232.0,3692.0,-3383.0,766.0,2,0.06972406503420077,-0.0025952226013430625,
2024-04-07 05:24:15.927000+00:00,9496.0,0.0,0.0,0.0,1.0,0.0,0.0,1.0,1232.0,3692.0,-3383.0,766.0,2,0.06972406503420077,-0.0025952226013430625,
2024-04-07 05:24:16.167000+00:00,9496.0,0.0,0.0,0.0,1.0,0.0,0.0,1.0,1232.0,3692.0,-3383.0,766.0,2,0.06972406503420077,-0.0025952226013430625,
2024-04-07 05:24:16.487000+00:00,9496.0,0.0,0.0,0.0,1.0,0.0,0.0,1.0,1232.0,3692.0,-3383.0,766.0,2,0.06972406503420077,-0.0025952226013430625,
2024-04-07 05:24:16.847000+00:00,9496.0,0.0,0.0,0.0,1.0,0.0,0.0,1.0,1232.0,3692.0,-3383.0,766.0,2,0.06972406503420077,-0.0025952226013430625,
2024-04-07 05:24:17.288000+00:00,9496.0,0.0,0.0,0.0,1.0,0.0,0.0,1.0,1232.0,3692.0,-3383.0,766.0,2,0.06972406503420077,-0.0025952226013430625,
2024-04-07 05:24:17.648000+00:00,9496.0,0.0,0.0,0.0,1.0,0.0,0.0,1.0,1232.0,3692.0,-3383.0,766.0,2,0.06972406503420077,-0.0025952226013430625,
2024-04-07 05:24:17.928000+00:00,9496.0,0.0,0.0,0.0,1.0,0.0,0.0,1.0,1232.0,3692.0,-3383.0,766.0,2,0.06972406503420077,-0.0025952226013430625,
2024-04-07 05:24:18.128000+00:00,9496.0,0.0,0.0,0.0,1.0,0.0,0.0,1.0,1232.0,3692.0,-3383.0,766.0,2,0.06972406503420077,-0.0025952226013430625,
2024-04-07 05:24:18.528000+00:00,9496.0,0.0,0.0,0.0,1.0,0.0,0.0,1.0,1232.0,3692.0,-3383.0,766.0,2,0.06972406503420077,-0.0025952226013430625,
2024-04-07 05:24:18.727000+00:00,9496.0,0.0,0.0,0.0,1.0,0.0,0.0,1.0,1232.0,3692.0,-3383.0,766.0,2,0.06972406503420077,-0.0025952226013430625,
2024-04-07 05:24:19.007000+00:00,9496.0,0.0,0.0,0.0,1.0,0.0,0.0,1.0,1232.0,3692.0,-3383.0,766.0,2,0.06972406503420077,-0.0025952226013430625,
2024-04-07 05:24:19.247000+00:00,9496.0,0.0,0.0,0.0,1.0,0.0,0.0,1.0,1232.0,3692.0,-3383.0,766.0,2,0.06972406503420077,-0.0025952226013430625,
2024-04-07 05:24:19.567000+00:00,9496.0,0.0,0.0,0.0,1.0,0.0,0.0,1.0,1232.0,3692.0,-3383.0,766.0,2,0.06972406503420077,-0.0025952226013430625,
2024-04-07 05:24:19.847000+00:00,9496.0,0.0,0.0,0.0,1.0,0.0,0.0,1.0,1232.0,3692.0,-3383.0,766.0,2,0.06972406503420077,-0.0025952226013430625,
2024-04-07 05:24:20.087000+00:00,9496.0,0.0,0.0,0.0,1.0,0.0,0.0,1.0,1232.0,3692.0,-3383.0,766.0,2,0.06972406503420077,-0.0025952226013430625,
2024-04-07 05:24:20.247000+00:00,9496.0,0.0,0.0,0.0,1.0,0.0,0.0,1.0,1232.0,3692.0,-3383.0,766.0,2,0.06972406503420077,-0.0025952226013430625,
2024-04-07 05:24:20.527000+00:00,9496.0,0.0,0.0,0.0,1.0,0.0,0.0,1.0,1232.0,3692.0,-3383.0,766.0,2,0.06972406503420077,-0.0025952226013430625,
2024-04-07 05:24:20.807000+00:00,9496.0,0.0,0.0,0.0,1.0,0.0,0.0,1.0,1232.0,3692.0,-3383.0,766.0,2,0.06972406503420077,-0.0025952226013430625,
2024-04-07 05:24:21.007000+00:00,9496.0,0.0,0.0,0.0,1.0,0.0,0.0,1.0,1232.0,3692.0,-3383.0,766.0,2,0.06972406503420077,-0.0025952226013430625,
2024-04-07 05:24:21.247000+00:00,9496.0,0.0,0.0,0.0,1.0,0.0,0.0,1.0,1232.0,3692.0,-3383.0,766.0,2,0.06972406503420077,-0.0025952226013430625,
2024-04-07 05:24:21.447000+00:00,9496.0,0.0,0.0,0.0,1.0,0.0,0.0,1.0,1232.0,3692.0,-3383.0,766.0,2,0.06972406503420077,-0.0025952226013430625,
2024-04-07 05:24:21.647000+00:00,9496.0,0.0,0.0,0.0,1.0,0.0,0.0,1.0,1232.0,3692.0,-3383.0,766.0,2,0.06972406503420077,-0.0025952226013430625,
2024-04-07 05:24:22.047000+00:00,9496.0,0.0,0.0,0.0,1.0,0.0,0.0,1.0,1232.0,3692.0,-3383.0,766.0,2,0.06972406503420077,-0.0025952226013430625,
2024-04-07 05:24:22.327000+00:00,9496.0,0.0,0.0,0.0,1.0,0.0,0.0,1.0,1232.0,3692.0,-3383.0,766.0,2,0.06972406503420077,-0.0025952226013430625,
2024-04-07 05:24:22.647000+00:00,9496.0,0.0,0.0,0.0,1.0,0.0,0.0,1.0,1232.0,3692.0,-3383.0,766.0,2,0.06972406503420077,-0.0025952226013430625,
2024-04-07 05:24:22.967000+00:00,9496.0,0.0,0.0,0.0,1.0,0.0,0.0,1.0,1232.0,3692.0,-3383.0,766.0,2,0.06972406503420077,-0.0025952226013430625,
2024-04-07 05:24:23.207000+00:00,9496.0,0.0,0.0,0.0,1.0,0.0,0.0,1.0,1232.0,3692.0,-3383.0,766.0,2,0.06972406503420077,-0.0025952226013430625,
2024-04-07 05:24:23.447000+00:00,9496.0,0.0,0.0,0.0,1.0,0.0,0.0,1.0,1232.0,3692.0,-3383.0,766.0,2,0.06972406503420077,-0.0025952226013430625,
2024-04-07 05:24:23.848000+00:00,9496.0,0.0,0.0,0.0,1.0,0.0,0.0,1.0,1232.0,3692.0,-3383.0,766.0,2,0.06972406503420077,-0.0025952226013430625,
2024-04-07 05:24:24.008000+00:00,9496.0,0.0,0.0,0.0,1.0,0.0,0.0,1.0,1232.0,3692.0,-3383.0,766.0,2,0.06972406503420077,-0.0025952226013430625,
2024-04-07 05:24:24.368000+00:00,9496.0,0.0,0.0,0.0,1.0,0.0,0.0,1.0,1232.0,3692.0,-3383.0,766.0,2,0.06972406503420077,-0.0025952226013430625,
2024-04-07 05:24:24.608000+00:00,9496.0,0.0,0.0,0.0,1.0,0.0,0.0,1.0,1232.0,3692.0,-3383.0,766.0,2,0.06972406503420077,-0.0025952226013430625,
2024-04-07 05:24:24.888000+00:00,9496.0,0.0,0.0,0.0,1.0,0.0,0.0,1.0,1232.0,3692.0,-3383.0,766.0,2,0.06972406503420077,-0.0025952226013430625,
2024-04-07 05:24:25.288000+00:00,9496.0,0.0,0.0,0.0,1.0,0.0,0.0,1.0,1232.0,3692.0,-3383.0,766.0,2,0.06972406503420077,-0.0025952226013430625,
2024-04-07 05:24:25.487000+00:00,9496.0,0.0,0.0,0.0,1.0,0.0,0.0,1.0,1232.0,3692.0,-3383.0,766.0,2,0.06972406503420077,-0.0025952226013430625,
2024-04-07 05:24:25.927000+00:00,9496.0,0.0,0.0,0.0,1.0,0.0,0.0,1.0,1232.0,3692.0,-3383.0,766.0,2,0.06972406503420077,-0.0025952226013430625,
2024-04-07 05:24:26.087000+00:00,9496.0,0.0,0.0,0.0,1.0,0.0,0.0,1.0,1232.0,3692.0,-3383.0,766.0,2,0.06972406503420077,-0.0025952226013430625,
2024-04-07 05:24:26.287000+00:00,9496.0,0.0,0.0,0.0,1.0,0.0,0.0,1.0,1232.0,3692.0,-3383.0,766.0,2,0.06972406503420077,-0.0025952226013430625,
2024-04-07 05:24:26.647000+00:00,9496.0,0.0,0.0,0.0,1.0,0.0,0.0,1.0,1232.0,3692.0,-3383.0,766.0,2,0.06972406503420077,-0.0025952226013430625,
2024-04-07 05:24:26.847000+00:00,9496.0,0.0,0.0,0.0,1.0,0.0,0.0,1.0,1232.0,3692.0,-3383.0,766.0,2,0.06972406503420077,-0.0025952226013430625,
2024-04-07 05:24:27.127000+00:00,9496.0,0.0,0.0,0.0,1.0,0.0,0.0,1.0,1232.0,3692.0,-3383.0,766.0,2,0.06972406503420077,-0.0025952226013430625,
2024-04-07 05:24:27.367000+00:00,9496.0,0.0,0.0,0.0,1.0,0.0,0.0,1.0,1232.0,3692.0,-3383.0,766.0,2,0.06972406503420077,-0.0025952226013430625,
2024-04-07 05:24:27.687000+00:00,9496.0,0.0,0.0,0.0,1.0,0.0,0.0,1.0,1232.0,3692.0,-3383.0,766.0,2,0.06972406503420077,-0.0025952226013430625,
2024-04-07 05:24:28.007000+00:00,9496.0,0.0,0.0,0.0,1.0,0.0,0.0,1.0,1232.0,3692.0,-3383.0,766.0,2,0.06972406503420077,-0.0025952226013430625,
2024-04-07 05:24:28.207000+00:00,9496.0,0.0,0.0,0.0,1.0,0.0,0.0,1.0,1232.0,3692.0,-3383.0,766.0,2,0.06972406503420077,-0.0025952226013430625,
2024-04-07 05:24:28.487000+00:00,9496.0,0.0,0.0,0.0,1.0,0.0,0.0,1.0,1232.0,3692.0,-3383.0,766.0,2,0.06972406503420077,-0.0025952226013430625,
2024-04-07 05:24:28.727000+00:00,9496.0,0.0,0.0,0.0,1.0,0.0,0.0,1.0,1232.0,3692.0,-3383.0,766.0,2,0.06972406503420077,-0.0025952226013430625,
2024-04-07 05:24:28.927000+00:00,9496.0,0.0,0.0,0.0,1.0,0.0,0.0,1.0,1232.0,3692.0,-3383.0,766.0,2,0.06972406503420077,-0.0025952226013430625,
2024-04-07 05:24:29.247000+00:00,9496.0,0.0,0.0,0.0,1.0,0.0,0.0,1.0,1232.0,3692.0,-3383.0,766.0,2,0.06972406503420077,-0.0025952226013430625,
2024-04-07 05:24:29.447000+00:00,9496.0,0.0,0.0,0.0,1.0,0.0,0.0,1.0,1232.0,3692.0,-3383.0,766.0,2,0.06972406503420077,-0.0025952226013430625,
2024-04-07 05:24:29.687000+00:00,9496.0,0.0,0.0,0.0,1.0,0.0,0.0,1.0,1232.0,3692.0,-3383.0,766.0,2,0.06972406503420077,-0.0025952226013430625,
2024-04-07 05:24:30.047000+00:00,9496.0,0.0,0.0,0.0,1.0,0.0,0.0,1.0,1232.0,3692.0,-3383.0,766.0,2,0.06972406503420077,-0.0025952226013430625,
2024-04-07 05:24:30.247000+00:00,9496.0,0.0,0.0,0.0,1.0,0.0,0.0,1.0,1232.0,3692.0,-3383.0,766.0,2,0.06972406503420077,-0.0025952226013430625,
2024-04-07 05:24:30.408000+00:00,9496.0,0.0,0.0,0.0,1.0,0.0,0.0,1.0,1232.0,3692.0,-3383.0,766.0,2,0.06972406503420077,-0.0025952226013430625,
2024-04-07 05:24:30.688000+00:00,9496.0,0.0,0.0,0.0,1.0,0.0,0.0,1.0,1232.0,3692.0,-3383.0,766.0,2,0.06972406503420077,-0.0025952226013430625,
2024-04-07 05:24:31.088000+00:00,9496.0,0.0,0.0,0.0,1.0,0.0,0.0,1.0,1232.0,3692.0,-3383.0,766.0,2,0.06972406503420077,-0.0025952226013430625,
2024-04-07 05:24:31.368000+00:00,9496.0,0.0,0.0,0.0,1.0,0.0,0.0,1.0,1232.0,3692.0,-3383.0,766.0,2,0.06972406503420077,-0.0025952226013430625,
2024-04-07 05:24:31.608000+00:00,9496.0,0.0,0.0,0.0,1.0,0.0,0.0,1.0,1232.0,3692.0,-3383.0,766.0,2,0.06972406503420077,-0.0025952226013430625,
2024-04-07 05:24:31.888000+00:00,9496.0,0.0,0.0,0.0,1.0,0.0,0.0,1.0,1232.0,3692.0,-3383.0,766.0,2,0.06972406503420077,-0.0025952226013430625,
2024-04-07 05:24:32.207000+00:00,9496.0,0.0,0.0,0.0,1.0,0.0,0.0,1.0,1232.0,3692.0,-3383.0,766.0,2,0.06972406503420077,-0.0025952226013430625,
2024-04-07 05:24:32.527000+00:00,9496.0,0.0,0.0,0.0,1.0,0.0,0.0,1.0,1232.0,3692.0,-3383.0,766.0,2,0.06972406503420077,-0.0025952226013430625,
2024-04-07 05:24:32.727000+00:00,9496.0,0.0,0.0,0.0,1.0,0.0,0.0,1.0,1232.0,3692.0,-3383.0,766.0,2,0.06972406503420077,-0.0025952226013430625,
2024-04-07 05:24:32.887000+00:00,9496.0,0.0,0.0,0.0,1.0,0.0,0.0,1.0,1232.0,3692.0,-3383.0,766.0,2,0.06972406503420077,-0.0025952226013430625,
2024-04-07 05:24:33.047000+00:00,9496.0,0.0,0.0,0.0,1.0,0.0,0.0,1.0,1232.0,3692.0,-3383.0,766.0,2,0.06972406503420077,-0.0025952226013430625,
2024-04-07 05:24:33.247000+00:00,9496.0,0.0,0.0,0.0,1.0,0.0,0.0,1.0,1232.0,3692.0,-3383.0,766.0,2,0.06972406503420077,-0.0025952226013430625,
2024-04-07 05:24:33.447000+00:00,9496.0,0.0,0.0,0.0,1.0,0.0,0.0,1.0,1232.0,3692.0,-3383.0,766.0,2,0.06972406503420077,-0.0025952226013430625,
2024-04-07 05:24:33.727000+00:00,9496.0,0.0,0.0,0.0,1.0,0.0,0.0,1.0,1232.0,3692.0,-3383.0,766.0,2,0.06972406503420077,-0.0025952226013430625,
2024-04-07 05:24:33.887000+00:00,9496.0,0.0,0.0,0.0,1.0,0.0,0.0,1.0,1232.0,3692.0,-3383.0,766.0,2,0.06972406503420077,-0.0025952226013430625,
2024-04-07 05:24:34.367000+00:00,9496.0,0.0,0.0,0.0,1.0,0.0,0.0,1.0,1232.0,3692.0,-3383.0,766.0,2,0.06972406503420077,-0.0025952226013430625,
2024-04-07 05:24:34.607000+00:00,9496.0,0.0,100.0,0.0,1.0,0.0,0.0,1.0,1232.0,3692.0,-3383.0,766.0,2,-0.9299859639828297,-0.03321019484589127,
2024-04-07 05:24:34.887000+00:00,9496.0,0.0,0.0,0.0,1.0,0.0,0.0,1.0,1232.0,3692.0,-3383.0,766.0,2,0.06972406503420077,-0.0025952226013430625,
2024-04-07 05:24:35.087000+00:00,9496.0,0.0,0.0,0.0,1.0,0.0,0.0,1.0,1232.0,3692.0,-3383.0,766.0,2,0.06972406503420077,-0.0025952226013430625,
2024-04-07 05:24:35.327000+00:00,9496.0,0.0,0.0,0.0,1.0,0.0,0.0,1.0,1232.0,3692.0,-3383.0,766.0,2,0.06972406503420077,-0.0025952226013430625,
2024-04-07 05:24:35.687000+00:00,9496.0,0.0,0.0,0.0,1.0,0.0,0.0,1.0,1232.0,3692.0,-3383.0,766.0,2,0.06972406503420077,-0.0025952226013430625,
2024-04-07 05:24:35.887000+00:00,9496.0,0.0,0.0,0.0,1.0,0.0,0.0,1.0,1232.0,3692.0,-3383.0,766.0,2,0.06972406503420077,-0.0025952226013430625,
2024-04-07 05:24:36.087000+00:00,9496.0,0.0,0.0,0.0,1.0,0.0,0.0,1.0,1232.0,3692.0,-3383.0,766.0,2,0.06972406503420077,-0.0025952226013430625,
2024-04-07 05:24:36.407000+00:00,9496.0,0.0,0.0,0.0,1.0,0.0,0.0,1.0,1232.0,3692.0,-3383.0,766.0,2,0.06972406503420077,-0.0025952226013430625,
2024-04-07 05:24:36.727000+00:00,9496.0,0.0,0.0,0.0,1.0,0.0,0.0,1.0,1232.0,3692.0,-3383.0,766.0,2,0.06972406503420077,-0.0025952226013430625,
2024-04-07 05:24:36.968000+00:00,9496.0,0.0,0.0,0.0,1.0,0.0,0.0,1.0,1232.0,3692.0,-3383.0,766.0,2,0.06972406503420077,-0.0025952226013430625,
2024-04-07 05:24:37.208000+00:00,9496.0,0.0,0.0,0.0,1.0,0.0,0.0,1.0,1232.0,3692.0,-3383.0,766.0,2,0.06972406503420077,-0.0025952226013430625,
2024-04-07 05:24:37.368000+00:00,9496.0,0.0,0.0,0.0,1.0,0.0,0.0,1.0,1232.0,3692.0,-3383.0,766.0,2,0.06972406503420077,-0.0025952226013430625,
2024-04-07 05:24:37.728000+00:00,9496.0,0.0,0.0,0.0,1.0,0.0,0.0,1.0,1232.0,3692.0,-3383.0,766.0,2,0.06972406503420077,-0.0025952226013430625,
2024-04-07 05:24:38.128000+00:00,9496.0,0.0,0.0,0.0,1.0,0.0,0.0,1.0,1232.0,3692.0,-3383.0,766.0,2,0.06972406503420077,-0.0025952226013430625,
2024-04-07 05:24:38.408000+00:00,9496.0,0.0,0.0,0.0,1.0,0.0,0.0,1.0,1232.0,3692.0,-3383.0,766.0,2,0.06972406503420077,-0.0025952226013430625,
2024-04-07 05:24:38.648000+00:00,9496.0,0.0,0.0,0.0,1.0,0.0,0.0,1.0,1232.0,3692.0,-3383.0,766.0,2,0.06972406503420077,-0.0025952226013430625,
2024-04-07 05:24:38.807000+00:00,9496.0,0.0,0.0,0.0,1.0,0.0,0.0,1.0,1232.0,3692.0,-3383.0,766.0,2,0.06972406503420077,-0.0025952226013430625,
2024-04-07 05:24:39.007000+00:00,9496.0,0.0,0.0,0.0,1.0,0.0,0.0,1.0,1232.0,3692.0,-3383.0,766.0,2,0.06972406503420077,-0.0025952226013430625,
2024-04-07 05:24:39.407000+00:00,9496.0,0.0,0.0,0.0,1.0,0.0,0.0,1.0,1232.0,3692.0,-3383.0,766.0,2,0.06972406503420077,-0.0025952226013430625,
2024-04-07 05:24:39.607000+00:00,9496.0,0.0,0.0,0.0,1.0,0.0,0.0,1.0,1232.0,3692.0,-3383.0,766.0,2,0.06972406503420077,-0.0025952226013430625,
2024-04-07 05:24:39.847000+00:00,9496.0,0.0,0.0,0.0,1.0,0.0,0.0,1.0,1232.0,3692.0,-3383.0,766.0,2,0.06972406503420077,-0.0025952226013430625,
2024-04-07 05:24:40.127000+00:00,9496.0,0.0,0.0,0.0,1.0,0.0,0.0,1.0,1232.0,3692.0,-3383.0,766.0,2,0.06972406503420077,-0.0025952226013430625,
2024-04-07 05:24:40.487000+00:00,9496.0,0.0,0.0,0.0,1.0,0.0,0.0,1.0,1232.0,3692.0,-3383.0,766.0,2,0.06972406503420077,-0.0025952226013430625,
2024-04-07 05:24:40.687000+00:00,9496.0,0.0,0.0,0.0,1.0,0.0,0.0,1.0,1232.0,3692.0,-3383.0,766.0,2,0.06972406503420077,-0.0025952226013430625,
2024-04-07 05:24:40.887000+00:00,9496.0,0.0,0.0,0.0,1.0,0.0,0.0,1.0,1232.0,3692.0,-3383.0,766.0,2,0.06972406503420077,-0.0025952226013430625,
2024-04-07 05:24:41.047000+00:00,9496.0,0.0,0.0,0.0,1.0,0.0,0.0,1.0,1232.0,3692.0,-3383.0,766.0,2,0.06972406503420077,-0.0025952226013430625,
2024-04-07 05:24:41.247000+00:00,9496.0,0.0,0.0,0.0,1.0,0.0,0.0,1.0,1232.0,3692.0,-3383.0,766.0,2,0.06972406503420077,-0.0025952226013430625,
2024-04-07 05:24:41.447000+00:00,9496.0,0.0,0.0,0.0,1.0,0.0,0.0,1.0,1232.0,3692.0,-3383.0,766.0,2,0.06972406503420077,-0.0025952226013430625,
2024-04-07 05:24:41.647000+00:00,9496.0,0.0,0.0,0.0,1.0,0.0,0.0,1.0,1232.0,3692.0,-3383.0,766.0,2,0.06972406503420077,-0.0025952226013430625,
2024-04-07 05:24:41.927000+00:00,9496.0,0.0,0.0,0.0,1.0,0.0,0.0,1.0,1232.0,3692.0,-3383.0,766.0,2,0.06972406503420077,-0.0025952226013430625,
2024-04-07 05:24:42.087000+00:00,9496.0,0.0,0.0,0.0,1.0,0.0,0.0,1.0,1232.0,3692.0,-3383.0,766.0,2,0.06972406503420077,-0.0025952226013430625,
2024-04-07 05:24:42.247000+00:00,9496.0,0.0,0.0,0.0,1.0,0.0,0.0,1.0,1232.0,3692.0,-3383.0,766.0,2,0.06972406503420077,-0.0025952226013430625,
2024-04-07 05:24:42.407000+00:00,9496.0,0.0,0.0,0.0,1.0,0.0,0.0,1.0,1232.0,3692.0,-3383.0,766.0,2,0.06972406503420077,-0.0025952226013430625,
2024-04-07 05:24:42.727000+00:00,9496.0,0.0,0.0,0.0,1.0,0.0,0.0,1.0,1232.0,3692.0,-3383.0,766.0,2,0.06972406503420077,-0.0025952226013430625,
2024-04-07 05:24:43.047000+00:00,9496.0,0.0,0.0,0.0,1.0,0.0,0.0,1.0,1232.0,3692.0,-3383.0,766.0,2,0.06972406503420077,-0.0025952226013430625,
2024-04-07 05:24:43.327000+00:00,9496.0,0.0,0.0,0.0,1.0,0.0,0.0,1.0,1232.0,3692.0,-3383.0,766.0,2,0.06972406503420077,-0.0025952226013430625,
2024-04-07 05:24:43.487000+00:00,9496.0,0.0,0.0,0.0,1.0,0.0,0.0,1.0,1232.0,3692.0,-3383.0,766.0,2,0.06972406503420077,-0.0025952226013430625,
2024-04-07 05:24:43.728000+00:00,9496.0,0.0,0.0,0.0,1.0,0.0,0.0,1.0,1232.0,3692.0,-3383.0,766.0,2,0.06972406503420077,-0.0025952226013430625,
2024-04-07 05:24:44.008000+00:00,9496.0,0.0,0.0,0.0,1.0,0.0,0.0,1.0,1232.0,3692.0,-3383.0,766.0,2,0.06972406503420077,-0.0025952226013430625,
2024-04-07 05:24:44.288000+00:00,9496.0,0.0,0.0,0.0,1.0,0.0,0.0,1.0,1232.0,3692.0,-3383.0,766.0,2,0.06972406503420077,-0.0025952226013430625,
2024-04-07 05:24:44.568000+00:00,9496.0,0.0,0.0,0.0,1.0,0.0,0.0,1.0,1232.0,3692.0,-3383.0,766.0,2,0.06972406503420077,-0.0025952226013430625,
2024-04-07 05:24:44.808000+00:00,9496.0,0.0,0.0,0.0,1.0,0.0,0.0,1.0,1232.0,3692.0,-3383.0,766.0,2,0.06972406503420077,-0.0025952226013430625,
2024-04-07 05:24:45.168000+00:00,9496.0,0.0,0.0,0.0,1.0,0.0,0.0,1.0,1232.0,3692.0,-3383.0,766.0,2,0.06972406503420077,-0.0025952226013430625,
2024-04-07 05:24:45.368000+00:00,9496.0,0.0,0.0,0.0,1.0,0.0,0.0,1.0,1232.0,3692.0,-3383.0,766.0,2,0.06972406503420077,-0.0025952226013430625,
2024-04-07 05:24:45.807000+00:00,9496.0,0.0,0.0,0.0,1.0,0.0,0.0,1.0,1232.0,3692.0,-3383.0,766.0,2,0.06972406503420077,-0.0025952226013430625,
2024-04-07 05:24:45.967000+00:00,9496.0,0.0,0.0,0.0,1.0,0.0,0.0,1.0,1232.0,3692.0,-3383.0,766.0,2,0.06972406503420077,-0.0025952226013430625,
2024-04-07 05:24:46.127000+00:00,9496.0,0.0,0.0,0.0,1.0,0.0,0.0,1.0,1232.0,3692.0,-3383.0,766.0,2,0.06972406503420077,-0.0025952226013430625,
2024-04-07 05:24:46.447000+00:00,9496.0,0.0,0.0,0.0,1.0,0.0,0.0,1.0,1232.0,3692.0,-3383.0,766.0,2,0.06972406503420077,-0.0025952226013430625,
2024-04-07 05:24:46.727000+00:00,9496.0,0.0,0.0,0.0,1.0,0.0,0.0,1.0,1232.0,3692.0,-3383.0,766.0,2,0.06972406503420077,-0.0025952226013430625,
2024-04-07 05:24:46.967000+00:00,9496.0,0.0,0.0,0.0,1.0,0.0,0.0,1.0,1232.0,3692.0,-3383.0,766.0,2,0.06972406503420077,-0.0025952226013430625,
2024-04-07 05:24:47.167000+00:00,9496.0,0.0,0.0,0.0,1.0,0.0,0.0,1.0,1232.0,3692.0,-3383.0,766.0,2,0.06972406503420077,-0.0025952226013430625,
2024-04-07 05:24:47.367000+00:00,9496.0,0.0,0.0,0.0,1.0,0.0,0.0,1.0,1232.0,3692.0,-3383.0,766.0,2,0.06972406503420077,-0.0025952226013430625,
2024-04-07 05:24:47.647000+00:00,9496.0,0.0,0.0,0.0,1.0,0.0,0.0,1.0,1232.0,3692.0,-3383.0,766.0,2,0.06972406503420077,-0.0025952226013430625,
2024-04-07 05:24:48.087000+00:00,9496.0,0.0,0.0,0.0,1.0,0.0,0.0,1.0,1232.0,3692.0,-3383.0,766.0,2,0.06972406503420077,-0.0025952226013430625,
2024-04-07 05:24:48.287000+00:00,9496.0,0.0,0.0,0.0,1.0,0.0,0.0,1.0,1232.0,3692.0,-3383.0,766.0,2,0.06972406503420077,-0.0025952226013430625,
2024-04-07 05:24:48.607000+00:00,9496.0,0.0,0.0,0.0,1.0,0.0,0.0,1.0,1232.0,3692.0,-3383.0,766.0,2,0.06972406503420077,-0.0025952226013430625,
2024-04-07 05:24:48.847000+00:00,9496.0,0.0,0.0,0.0,1.0,0.0,0.0,1.0,1232.0,3692.0,-3383.0,766.0,2,0.06972406503420077,-0.0025952226013430625,
2024-04-07 05:24:49.127000+00:00,9496.0,0.0,0.0,0.0,1.0,0.0,0.0,1.0,1232.0,3692.0,-3383.0,766.0,2,0.06972406503420077,-0.0025952226013430625,
2024-04-07 05:24:49.327000+00:00,9496.0,0.0,0.0,0.0,1.0,0.0,0.0,1.0,1232.0,3692.0,-3383.0,766.0,2,0.06972406503420077,-0.0025952226013430625,
2024-04-07 05:24:49.647000+00:00,9496.0,0.0,0.0,0.0,1.0,0.0,0.0,1.0,1232.0,3692.0,-3383.0,766.0,2,0.06972406503420077,-0.0025952226013430625,
2024-04-07 05:24:49.887000+00:00,9496.0,0.0,0.0,0.0,1.0,0.0,0.0,1.0,1232.0,3692.0,-3383.0,766.0,2,0.06972406503420077,-0.0025952226013430625,
2024-04-07 05:24:50.168000+00:00,9496.0,0.0,0.0,0.0,1.0,0.0,0.0,1.0,1232.0,3692.0,-3383.0,766.0,2,0.06972406503420077,-0.0025952226013430625,
2024-04-07 05:24:50.488000+00:00,9496.0,0.0,0.0,0.0,1.0,0.0,0.0,1.0,1232.0,3692.0,-3383.0,766.0,2,0.06972406503420077,-0.0025952226013430625,
2024-04-07 05:24:50.888000+00:00,9496.0,0.0,0.0,0.0,1.0,0.0,0.0,1.0,1232.0,3692.0,-3383.0,766.0,2,0.06972406503420077,-0.0025952226013430625,
2024-04-07 05:24:51.048000+00:00,9496.0,0.0,0.0,0.0,1.0,0.0,0.0,1.0,1232.0,3692.0,-3383.0,766.0,2,0.06972406503420077,-0.0025952226013430625,
2024-04-07 05:24:51.288000+00:00,9496.0,0.0,0.0,0.0,1.0,0.0,0.0,1.0,1232.0,3692.0,-3383.0,766.0,2,0.06972406503420077,-0.0025952226013430625,
2024-04-07 05:24:51.488000+00:00,9496.0,0.0,0.0,0.0,1.0,0.0,0.0,1.0,1232.0,3692.0,-3383.0,766.0,2,0.06972406503420077,-0.0025952226013430625,
2024-04-07 05:24:51.688000+00:00,9496.0,0.0,0.0,0.0,1.0,0.0,0.0,1.0,1232.0,3692.0,-3383.0,766.0,2,0.06972406503420077,-0.0025952226013430625,
2024-04-07 05:24:51.968000+00:00,9496.0,0.0,0.0,0.0,1.0,0.0,0.0,1.0,1232.0,3692.0,-3383.0,766.0,2,0.06972406503420077,-0.0025952226013430625,
2024-04-07 05:24:52.128000+00:00,9496.0,0.0,0.0,0.0,1.0,0.0,0.0,1.0,1232.0,3692.0,-3383.0,766.0,2,0.06972406503420077,-0.0025952226013430625,
2024-04-07 05:24:52.287000+00:00,9496.0,0.0,0.0,0.0,1.0,0.0,0.0,1.0,1232.0,3692.0,-3383.0,766.0,2,0.06972406503420077,-0.0025952226013430625,
2024-04-07 05:24:52.607000+00:00,9496.0,0.0,0.0,0.0,1.0,0.0,0.0,1.0,1232.0,3692.0,-3383.0,766.0,2,0.06972406503420077,-0.0025952226013430625,
2024-04-07 05:24:52.967000+00:00,9496.0,0.0,0.0,0.0,1.0,0.0,0.0,1.0,1232.0,3692.0,-3383.0,766.0,2,0.06972406503420077,-0.0025952226013430625,
2024-04-07 05:24:53.247000+00:00,9496.0,0.0,0.0,0.0,1.0,0.0,0.0,1.0,1232.0,3692.0,-3383.0,766.0,2,0.06972406503420077,-0.0025952226013430625,
2024-04-07 05:24:53.407000+00:00,9496.0,0.0,0.0,0.0,1.0,0.0,0.0,1.0,1232.0,3692.0,-3383.0,766.0,2,0.06972406503420077,-0.0025952226013430625,
2024-04-07 05:24:53.807000+00:00,9496.0,0.0,0.0,0.0,1.0,0.0,0.0,1.0,1232.0,3692.0,-3383.0,766.0,2,0.06972406503420077,-0.0025952226013430625,
2024-04-07 05:24:54.007000+00:00,9496.0,0.0,0.0,0.0,1.0,0.0,0.0,1.0,1232.0,3692.0,-3383.0,766.0,2,0.06972406503420077,-0.0025952226013430625,
2024-04-07 05:24:54.287000+00:00,9496.0,0.0,0.0,0.0,1.0,0.0,0.0,1.0,1232.0,3692.0,-3383.0,766.0,2,0.06972406503420077,-0.0025952226013430625,
2024-04-07 05:24:54.647000+00:00,9496.0,0.0,0.0,0.0,1.0,0.0,0.0,1.0,1232.0,3692.0,-3383.0,766.0,2,0.06972406503420077,-0.0025952226013430625,
2024-04-07 05:24:55.087000+00:00,9496.0,0.0,0.0,0.0,1.0,0.0,0.0,1.0,1232.0,3692.0,-3383.0,766.0,2,0.06972406503420077,-0.0025952226013430625,
2024-04-07 05:24:55.247000+00:00,9496.0,0.0,0.0,0.0,1.0,0.0,0.0,1.0,1232.0,3692.0,-3383.0,766.0,2,0.06972406503420077,-0.0025952226013430625,
2024-04-07 05:24:55.527000+00:00,9496.0,0.0,0.0,0.0,1.0,0.0,0.0,1.0,1232.0,3692.0,-3383.0,766.0,2,0.06972406503420077,-0.0025952226013430625,
2024-04-07 05:24:55.807000+00:00,9496.0,0.0,0.0,0.0,1.0,0.0,0.0,1.0,1232.0,3692.0,-3383.0,766.0,2,0.06972406503420077,-0.0025952226013430625,
2024-04-07 05:24:56.087000+00:00,9496.0,0.0,0.0,0.0,1.0,0.0,0.0,1.0,1232.0,3692.0,-3383.0,766.0,2,0.06972406503420077,-0.0025952226013430625,
2024-04-07 05:24:56.327000+00:00,9496.0,0.0,0.0,0.0,1.0,0.0,0.0,1.0,1232.0,3692.0,-3383.0,766.0,2,0.06972406503420077,-0.0025952226013430625,
2024-04-07 05:24:56.687000+00:00,9496.0,0.0,0.0,0.0,1.0,0.0,0.0,1.0,1232.0,3692.0,-3383.0,766.0,2,0.06972406503420077,-0.0025952226013430625,
2024-04-07 05:24:56.928000+00:00,9496.0,0.0,0.0,0.0,1.0,0.0,0.0,1.0,1232.0,3692.0,-3383.0,766.0,2,0.06972406503420077,-0.0025952226013430625,
2024-04-07 05:24:57.168000+00:00,9496.0,0.0,0.0,0.0,1.0,0.0,0.0,1.0,1232.0,3692.0,-3383.0,766.0,2,0.06972406503420077,-0.0025952226013430625,
2024-04-07 05:24:57.408000+00:00,9496.0,0.0,0.0,0.0,1.0,0.0,0.0,1.0,1232.0,3692.0,-3383.0,766.0,2,0.06972406503420077,-0.0025952226013430625,
2024-04-07 05:24:57.688000+00:00,9496.0,0.0,0.0,0.0,1.0,0.0,0.0,1.0,1232.0,3692.0,-3383.0,766.0,2,0.06972406503420077,-0.0025952226013430625,
2024-04-07 05:24:58.008000+00:00,9496.0,0.0,0.0,0.0,1.0,0.0,0.0,1.0,1232.0,3692.0,-3383.0,766.0,2,0.06972406503420077,-0.0025952226013430625,
2024-04-07 05:24:58.208000+00:00,9496.0,0.0,0.0,0.0,1.0,0.0,0.0,1.0,1232.0,3692.0,-3383.0,766.0,2,0.06972406503420077,-0.0025952226013430625,
2024-04-07 05:24:58.488000+00:00,9496.0,0.0,0.0,0.0,1.0,0.0,0.0,1.0,1232.0,3692.0,-3383.0,766.0,2,0.06972406503420077,-0.0025952226013430625,
2024-04-07 05:24:58.928000+00:00,9496.0,0.0,0.0,0.0,1.0,0.0,0.0,1.0,1232.0,3692.0,-3383.0,766.0,2,0.06972406503420077,-0.0025952226013430625,
2024-04-07 05:24:59.167000+00:00,9496.0,0.0,0.0,0.0,1.0,0.0,0.0,1.0,1232.0,3692.0,-3383.0,766.0,2,0.06972406503420077,-0.0025952226013430625,
2024-04-07 05:24:59.367000+00:00,9496.0,0.0,0.0,0.0,1.0,0.0,0.0,1.0,1232.0,3692.0,-3383.0,766.0,2,0.06972406503420077,-0.0025952226013430625,
2024-04-07 05:24:59.527000+00:00,9496.0,0.0,0.0,0.0,1.0,0.0,0.0,1.0,1232.0,3692.0,-3383.0,766.0,2,0.06972406503420077,-0.0025952226013430625,
2024-04-07 05:24:59.967000+00:00,9496.0,0.0,0.0,0.0,1.0,0.0,0.0,1.0,1232.0,3692.0,-3383.0,766.0,2,0.06972406503420077,-0.0025952226013430625,
2024-04-07 05:25:00.167000+00:00,9496.0,0.0,0.0,0.0,1.0,0.0,0.0,1.0,1232.0,3692.0,-3383.0,766.0,2,0.06972406503420077,-0.0025952226013430625,
2024-04-07 05:25:00.407000+00:00,9496.0,0.0,0.0,0.0,1.0,0.0,0.0,1.0,1232.0,3692.0,-3383.0,766.0,2,0.06972406503420077,-0.0025952226013430625,
2024-04-07 05:25:00.687000+00:00,9496.0,0.0,0.0,0.0,1.0,0.0,0.0,1.0,1232.0,3692.0,-3383.0,766.0,2,0.06972406503420077,-0.0025952226013430625,
2024-04-07 05:25:00.967000+00:00,9496.0,0.0,0.0,0.0,1.0,0.0,0.0,1.0,1232.0,3692.0,-3383.0,766.0,2,0.06972406503420077,-0.0025952226013430625,
2024-04-07 05:25:01.207000+00:00,9496.0,0.0,0.0,0.0,1.0,0.0,0.0,1.0,1232.0,3692.0,-3383.0,766.0,2,0.06972406503420077,-0.0025952226013430625,
2024-04-07 05:25:01.607000+00:00,9496.0,0.0,0.0,0.0,1.0,0.0,0.0,1.0,1232.0,3692.0,-3383.0,766.0,2,0.06972406503420077,-0.0025952226013430625,
2024-04-07 05:25:01.847000+00:00,9496.0,0.0,0.0,0.0,1.0,0.0,0.0,1.0,1232.0,3692.0,-3383.0,766.0,2,0.06972406503420077,-0.0025952226013430625,
2024-04-07 05:25:02.087000+00:00,9496.0,0.0,0.0,0.0,1.0,0.0,0.0,1.0,1232.0,3692.0,-3383.0,766.0,2,0.06972406503420077,-0.0025952226013430625,
2024-04-07 05:25:02.407000+00:00,9496.0,0.0,0.0,0.0,1.0,0.0,0.0,1.0,1232.0,3692.0,-3383.0,766.0,2,0.06972406503420077,-0.0025952226013430625,
2024-04-07 05:25:02.727000+00:00,9496.0,0.0,0.0,0.0,1.0,0.0,0.0,1.0,1232.0,3692.0,-3383.0,766.0,2,0.06972406503420077,-0.0025952226013430625,
2024-04-07 05:25:02.967000+00:00,9496.0,0.0,0.0,0.0,1.0,0.0,0.0,1.0,1232.0,3692.0,-3383.0,766.0,2,0.06972406503420077,-0.0025952226013430625,
2024-04-07 05:25:03.127000+00:00,9496.0,0.0,0.0,0.0,1.0,0.0,0.0,1.0,1232.0,3692.0,-3383.0,766.0,2,0.06972406503420077,-0.0025952226013430625,
2024-04-07 05:25:03.368000+00:00,9496.0,0.0,0.0,0.0,1.0,0.0,0.0,1.0,1232.0,3692.0,-3383.0,766.0,2,0.06972406503420077,-0.0025952226013430625,
2024-04-07 05:25:03.568000+00:00,9496.0,0.0,0.0,0.0,1.0,0.0,0.0,1.0,1232.0,3692.0,-3383.0,766.0,2,0.06972406503420077,-0.0025952226013430625,
2024-04-07 05:25:03.768000+00:00,9496.0,0.0,0.0,0.0,1.0,0.0,0.0,1.0,1232.0,3692.0,-3383.0,766.0,2,0.06972406503420077,-0.0025952226013430625,
2024-04-07 05:25:03.928000+00:00,9496.0,0.0,0.0,0.0,1.0,0.0,0.0,1.0,1232.0,3692.0,-3383.0,766.0,2,0.06972406503420077,-0.0025952226013430625,
2024-04-07 05:25:04.168000+00:00,9496.0,0.0,0.0,0.0,1.0,0.0,0.0,1.0,1232.0,3692.0,-3383.0,766.0,2,0.06972406503420077,-0.0025952226013430625,
2024-04-07 05:25:04.368000+00:00,9496.0,0.0,0.0,0.0,1.0,0.0,0.0,1.0,1232.0,3692.0,-3383.0,766.0,2,0.06972406503420077,-0.0025952226013430625,
2024-04-07 05:25:04.528000+00:00,9496.0,0.0,0.0,0.0,1.0,0.0,0.0,1.0,1232.0,3692.0,-3383.0,766.0,2,0.06972406503420077,-0.0025952226013430625,
2024-04-07 05:25:04.888000+00:00,9496.0,0.0,0.0,0.0,1.0,0.0,0.0,1.0,1232.0,3692.0,-3383.0,766.0,2,0.06972406503420077,-0.0025952226013430625,
2024-04-07 05:25:05.248000+00:00,9496.0,0.0,0.0,0.0,1.0,0.0,0.0,1.0,1232.0,3692.0,-3383.0,766.0,2,0.06972406503420077,-0.0025952226013430625,
2024-04-07 05:25:05.568000+00:00,9496.0,0.0,0.0,0.0,1.0,0.0,0.0,1.0,1232.0,3692.0,-3383.0,766.0,2,0.06972406503420077,-0.0025952226013430625,
2024-04-07 05:25:05.727000+00:00,9496.0,0.0,0.0,0.0,1.0,0.0,0.0,1.0,1232.0,3692.0,-3383.0,766.0,2,0.06972406503420077,-0.0025952226013430625,
2024-04-07 05:25:06.087000+00:00,9496.0,0.0,0.0,0.0,1.0,0.0,0.0,1.0,1232.0,3692.0,-3383.0,766.0,2,0.06972406503420077,-0.0025952226013430625,
2024-04-07 05:25:06.487000+00:00,9496.0,0.0,0.0,0.0,1.0,0.0,0.0,1.0,1232.0,3692.0,-3383.0,766.0,2,0.06972406503420077,-0.0025952226013430625,
2024-04-07 05:25:06.687000+00:00,9496.0,0.0,0.0,0.0,1.0,0.0,0.0,1.0,1232.0,3692.0,-3383.0,766.0,2,0.06972406503420077,-0.0025952226013430625,
2024-04-07 05:25:06.847000+00:00,9496.0,0.0,0.0,0.0,1.0,0.0,0.0,1.0,1232.0,3692.0,-3383.0,766.0,2,0.06972406503420077,-0.0025952226013430625,
2024-04-07 05:25:07.007000+00:00,9496.0,0.0,0.0,0.0,1.0,0.0,0.0,1.0,1232.0,3692.0,-3383.0,766.0,2,0.06972406503420077,-0.0025952226013430625,
2024-04-07 05:25:07.167000+00:00,9496.0,0.0,0.0,0.0,1.0,0.0,0.0,1.0,1232.0,3692.0,-3383.0,766.0,2,0.06972406503420077,-0.0025952226013430625,
2024-04-07 05:25:07.527000+00:00,9496.0,0.0,0.0,0.0,1.0,0.0,0.0,1.0,1232.0,3692.0,-3383.0,766.0,2,0.06972406503420077,-0.0025952226013430625,
2024-04-07 05:25:07.887000+00:00,9496.0,0.0,0.0,0.0,1.0,0.0,0.0,1.0,1232.0,3692.0,-3383.0,766.0,2,0.06972406503420077,-0.0025952226013430625,
2024-04-07 05:25:08.087000+00:00,9496.0,0.0,0.0,0.0,1.0,0.0,0.0,1.0,1232.0,3692.0,-3383.0,766.0,2,0.06972406503420077,-0.0025952226013430625,
2024-04-07 05:25:08.287000+00:00,9496.0,0.0,0.0,0.0,1.0,0.0,0.0,1.0,1232.0,3692.0,-3383.0,766.0,2,0.06972406503420077,-0.0025952226013430625,
2024-04-07 05:25:08.567000+00:00,9496.0,0.0,0.0,0.0,1.0,0.0,0.0,1.0,1232.0,3692.0,-3383.0,766.0,2,0.06972406503420077,-0.0025952226013430625,
2024-04-07 05:25:08.727000+00:00,9496.0,0.0,0.0,0.0,1.0,0.0,0.0,1.0,1232.0,3692.0,-3383.0,766.0,2,0.06972406503420077,-0.0025952226013430625,
2024-04-07 05:25:09.007000+00:00,9496.0,0.0,0.0,0.0,1.0,0.0,0.0,1.0,1232.0,3692.0,-3383.0,766.0,2,0.06972406503420077,-0.0025952226013430625,
2024-04-07 05:25:09.167000+00:00,9496.0,0.0,0.0,0.0,1.0,0.0,0.0,1.0,1232.0,3692.0,-3383.0,766.0,2,0.06972406503420077,-0.0025952226013430625,
2024-04-07 05:25:09.487000+00:00,9496.0,0.0,0.0,0.0,1.0,0.0,0.0,1.0,1232.0,3692.0,-3383.0,766.0,2,0.06972406503420077,-0.0025952226013430625,
2024-04-07 05:25:09.847000+00:00,9496.0,0.0,100.0,0.0,1.0,0.0,0.0,1.0,1232.0,3692.0,-3383.0,766.0,2,-0.9299859775904394,-0.033209788015557226,
2024-04-07 05:25:10.048000+00:00,9496.0,0.0,100.0,0.0,1.0,0.0,0.0,1.0,1232.0,3692.0,-3383.0,766.0,2,-0.9299859711374122,-0.03320998094417204,
2024-04-07 05:25:10.208000+00:00,9496.0,0.0,100.0,0.0,1.0,0.0,0.0,1.0,1232.0,3692.0,-3383.0,766.0,2,-0.929986055353264,-0.033207463007467665,
2024-04-07 05:25:10.648000+00:00,9496.0,0.0,100.0,0.0,1.0,0.0,0.0,1.0,1232.0,3692.0,-3383.0,766.0,2,-0.9299859769780162,-0.03320980632535833,
2024-04-07 05:25:10.808000+00:00,9496.0,0.0,100.0,0.0,1.0,0.0,0.0,1.0,1232.0,3692.0,-3383.0,766.0,2,-0.9299859717490698,-0.03320996265725211,
2024-04-07 05:25:11.088000+00:00,9496.0,0.0,0.0,0.0,1.0,0.0,0.0,1.0,1232.0,3692.0,-3383.0,766.0,2,0.06972406503420077,-0.0025952226013430625,
2024-04-07 05:25:11.448000+00:00,9496.0,0.0,0.0,0.0,1.0,0.0,0.0,1.0,1232.0,3692.0,-3383.0,766.0,2,0.06972406503420077,-0.0025952226013430625,
2024-04-07 05:25:11.648000+00:00,9496.0,0.0,0.0,0.0,1.0,0.0,0.0,1.0,1232.0,3692.0,-3383.0,766.0,2,0.06972406503420077,-0.0025952226013430625,
2024-04-07 05:25:11.808000+00:00,9496.0,0.0,0.0,0.0,1.0,0.0,0.0,1.0,1232.0,3692.0,-3383.0,766.0,2,0.06972406503420077,-0.0025952226013430625,
2024-04-07 05:25:12.128000+00:00,9496.0,0.0,0.0,0.0,1.0,0.0,0.0,1.0,1232.0,3692.0,-3383.0,766.0,2,0.06972406503420077,-0.0025952226013430625,
2024-04-07 05:25:12.408000+00:00,9496.0,0.0,0.0,0.0,1.0,0.0,0.0,1.0,1232.0,3692.0,-3383.0,766.0,2,0.06972406503420077,-0.0025952226013430625,
2024-04-07 05:25:12.727000+00:00,9496.0,0.0,0.0,0.0,1.0,0.0,0.0,1.0,1232.0,3692.0,-3383.0,766.0,2,0.06972406503420077,-0.0025952226013430625,
2024-04-07 05:25:12.967000+00:00,9496.0,0.0,0.0,0.0,1.0,0.0,0.0,1.0,1232.0,3692.0,-3383.0,766.0,2,0.06972406503420077,-0.0025952226013430625,
2024-04-07 05:25:13.247000+00:00,9496.0,0.0,0.0,0.0,1.0,0.0,0.0,1.0,1232.0,3692.0,-3383.0,766.0,2,0.06972406503420077,-0.0025952226013430625,
2024-04-07 05:25:13.487000+00:00,9496.0,0.0,0.0,0.0,1.0,0.0,0.0,1.0,1232.0,3692.0,-3383.0,766.0,2,0.06972406503420077,-0.0025952226013430625,
2024-04-07 05:25:13.687000+00:00,9496.0,0.0,0.0,0.0,1.0,0.0,0.0,1.0,1232.0,3692.0,-3383.0,766.0,2,0.06972406503420077,-0.0025952226013430625,
2024-04-07 05:25:14.127000+00:00,9496.0,0.0,0.0,0.0,1.0,0.0,0.0,1.0,1232.0,3692.0,-3383.0,766.0,2,0.06972406503420077,-0.0025952226013430625,
2024-04-07 05:25:14.327000+00:00,9496.0,0.0,0.0,0.0,1.0,0.0,0.0,1.0,1232.0,3692.0,-3383.0,766.0,2,0.06972406503420077,-0.0025952226013430625,
2024-04-07 05:25:14.487000+00:00,9496.0,0.0,0.0,0.0,1.0,0.0,0.0,1.0,1232.0,3692.0,-3383.0,766.0,2,0.06972406503420077,-0.0025952226013430625,
2024-04-07 05:25:14.687000+00:00,9496.0,0.0,0.0,0.0,1.0,0.0,0.0,1.0,1232.0,3692.0,-3383.0,766.0,2,0.06972406503420077,-0.0025952226013430625,
2024-04-07 05:25:14.927000+00:00,9496.0,0.0,0.0,0.0,1.0,0.0,0.0,1.0,1232.0,3692.0,-3383.0,766.0,2,0.06972406503420077,-0.0025952226013430625,
2024-04-07 05:25:15.087000+00:00,9496.0,0.0,0.0,0.0,1.0,0.0,0.0,1.0,1232.0,3692.0,-3383.0,766.0,2,0.06972406503420077,-0.0025952226013430625,
2024-04-07 05:25:15.487000+00:00,9496.0,0.0,0.0,0.0,1.0,0.0,0.0,1.0,1232.0,3692.0,-3383.0,766.0,2,0.06972406503420077,-0.0025952226013430625,
2024-04-07 05:25:15.687000+00:00,9496.0,0.0,0.0,0.0,1.0,0.0,0.0,1.0,1232.0,3692.0,-3383.0,766.0,2,0.06972406503420077,-0.0025952226013430625,
2024-04-07 05:25:15.887000+00:00,9496.0,0.0,0.0,0.0,1.0,0.0,0.0,1.0,1232.0,3692.0,-3383.0,766.0,2,0.06972406503420077,-0.0025952226013430625,
2024-04-07 05:25:16.127000+00:00,9496.0,0.0,0.0,0.0,1.0,0.0,0.0,1.0,1232.0,3692.0,-3383.0,766.0,2,0.06972406503420077,-0.0025952226013430625,
2024-04-07 05:25:16.367000+00:00,9496.0,0.0,0.0,0.0,1.0,0.0,0.0,1.0,1232.0,3692.0,-3383.0,766.0,2,0.06972406503420077,-0.0025952226013430625,
2024-04-07 05:25:16.768000+00:00,9496.0,0.0,0.0,0.0,1.0,0.0,0.0,1.0,1232.0,3692.0,-3383.0,766.0,2,0.06972406503420077,-0.0025952226013430625,
2024-04-07 05:25:17.008000+00:00,9496.0,0.0,0.0,0.0,1.0,0.0,0.0,1.0,1232.0,3692.0,-3383.0,766.0,2,0.06972406503420077,-0.0025952226013430625,
2024-04-07 05:25:17.208000+00:00,9496.0,0.0,0.0,0.0,1.0,0.0,0.0,1.0,1232.0,3692.0,-3383.0,766.0,2,0.06972406503420077,-0.0025952226013430625,
2024-04-07 05:25:17.608000+00:00,9496.0,0.0,0.0,0.0,1.0,0.0,0.0,1.0,1232.0,3692.0,-3383.0,766.0,2,0.06972406503420077,-0.0025952226013430625,
2024-04-07 05:25:18.008000+00:00,9496.0,0.0,0.0,0.0,1.0,0.0,0.0,1.0,1232.0,3692.0,-3383.0,766.0,2,0.06972406503420077,-0.0025952226013430625,
2024-04-07 05:25:18.208000+00:00,9496.0,0.0,0.0,0.0,1.0,0.0,0.0,1.0,1232.0,3692.0,-3383.0,766.0,2,0.06972406503420077,-0.0025952226013430625,
2024-04-07 05:25:18.448000+00:00,9496.0,0.0,0.0,0.0,1.0,0.0,0.0,1.0,1232.0,3692.0,-3383.0,766.0,2,0.06972406503420077,-0.0025952226013430625,
2024-04-07 05:25:18.648000+00:00,9496.0,0.0,0.0,0.0,1.0,0.0,0.0,1.0,1232.0,3692.0,-3383.0,766.0,2,0.06972406503420077,-0.0025952226013430625,
2024-04-07 05:25:18.848000+00:00,9496.0,0.0,0.0,0.0,1.0,0.0,0.0,1.0,1232.0,3692.0,-3383.0,766.0,2,0.06972406503420077,-0.0025952226013430625,
2024-04-07 05:25:19.247000+00:00,9496.0,0.0,0.0,0.0,1.0,0.0,0.0,1.0,1232.0,3692.0,-3383.0,766.0,2,0.06972406503420077,-0.0025952226013430625,
2024-04-07 05:25:19.567000+00:00,9496.0,0.0,0.0,0.0,1.0,0.0,0.0,1.0,1232.0,3692.0,-3383.0,766.0,2,0.06972406503420077,-0.0025952226013430625,
2024-04-07 05:25:19.887000+00:00,9496.0,0.0,0.0,0.0,1.0,0.0,0.0,1.0,1232.0,3692.0,-3383.0,766.0,2,0.06972406503420077,-0.0025952226013430625,
2024-04-07 05:25:20.207000+00:00,9496.0,0.0,0.0,0.0,1.0,0.0,0.0,1.0,1232.0,3692.0,-3383.0,766.0,2,0.06972406503420077,-0.0025952226013430625,
2024-04-07 05:25:20.487000+00:00,9496.0,0.0,0.0,0.0,1.0,0.0,0.0,1.0,1232.0,3692.0,-3383.0,766.0,2,0.06972406503420077,-0.0025952226013430625,
2024-04-07 05:25:20.887000+00:00,9496.0,0.0,0.0,0.0,1.0,0.0,0.0,1.0,1232.0,3692.0,-3383.0,766.0,2,0.06972406503420077,-0.0025952226013430625,
2024-04-07 05:25:21.167000+00:00,9496.0,0.0,0.0,0.0,1.0,0.0,0.0,1.0,1232.0,3692.0,-3383.0,766.0,2,0.06972406503420077,-0.0025952226013430625,
2024-04-07 05:25:21.327000+00:00,9496.0,0.0,0.0,0.0,1.0,0.0,0.0,1.0,1232.0,3692.0,-3383.0,766.0,2,0.06972406503420077,-0.0025952226013430625,
2024-04-07 05:25:21.767000+00:00,9496.0,0.0,0.0,0.0,1.0,0.0,0.0,1.0,1232.0,3692.0,-3383.0,766.0,2,0.06972406503420077,-0.0025952226013430625,
2024-04-07 05:25:22.127000+00:00,9496.0,0.0,0.0,0.0,1.0,0.0,0.0,1.0,1232.0,3692.0,-3383.0,766.0,2,0.06972406503420077,-0.0025952226013430625,
2024-04-07 05:25:22.367000+00:00,9496.0,0.0,0.0,0.0,1.0,0.0,0.0,1.0,1232.0,3692.0,-3383.0,766.0,2,0.06972406503420077,-0.0025952226013430625,
2024-04-07 05:25:22.647000+00:00,9496.0,0.0,0.0,0.0,1.0,0.0,0.0,1.0,1232.0,3692.0,-3383.0,766.0,2,0.06972406503420077,-0.0025952226013430625,
2024-04-07 05:25:22.887000+00:00,9496.0,0.0,0.0,0.0,1.0,0.0,0.0,1.0,1232.0,3692.0,-3383.0,766.0,2,0.06972406503420077,-0.0025952226013430625,
2024-04-07 05:25:23.088000+00:00,9496.0,0.0,0.0,0.0,1.0,0.0,0.0,1.0,1232.0,3692.0,-3383.0,766.0,2,0.06972406503420077,-0.0025952226013430625,
2024-04-07 05:25:23.368000+00:00,9496.0,0.0,0.0,0.0,1.0,0.0,0.0,1.0,1232.0,3692.0,-3383.0,766.0,2,0.06972406503420077,-0.0025952226013430625,
2024-04-07 05:25:23.688000+00:00,9496.0,0.0,0.0,0.0,1.0,0.0,0.0,1.0,1232.0,3692.0,-3383.0,766.0,2,0.06972406503420077,-0.0025952226013430625,
2024-04-07 05:25:23.888000+00:00,9496.0,0.0,0.0,0.0,1.0,0.0,0.0,1.0,1232.0,3692.0,-3383.0,766.0,2,0.06972406503420077,-0.0025952226013430625,
2024-04-07 05:25:24.248000+00:00,9496.0,0.0,0.0,0.0,1.0,0.0,0.0,1.0,1232.0,3692.0,-3383.0,766.0,2,0.06972406503420077,-0.0025952226013430625,
2024-04-07 05:25:24.648000+00:00,9496.0,0.0,0.0,0.0,1.0,0.0,0.0,1.0,1232.0,3692.0,-3383.0,766.0,2,0.06972406503420077,-0.0025952226013430625,
2024-04-07 05:25:24.928000+00:00,9496.0,0.0,0.0,0.0,1.0,0.0,0.0,1.0,1232.0,3692.0,-3383.0,766.0,2,0.06972406503420077,-0.0025952226013430625,
2024-04-07 05:25:25.128000+00:00,9496.0,0.0,0.0,0.0,1.0,0.0,0.0,1.0,1232.0,3692.0,-3383.0,766.0,2,0.06972406503420077,-0.0025952226013430625,
2024-04-07 05:25:25.288000+00:00,9496.0,0.0,0.0,0.0,1.0,0.0,0.0,1.0,1232.0,3692.0,-3383.0,766.0,2,0.06972406503420077,-0.0025952226013430625,
2024-04-07 05:25:25.528000+00:00,9496.0,0.0,0.0,0.0,1.0,0.0,0.0,1.0,1232.0,3692.0,-3383.0,766.0,2,0.06972406503420077,-0.0025952226013430625,
2024-04-07 05:25:25.887000+00:00,9496.0,0.0,0.0,0.0,1.0,0.0,0.0,1.0,1232.0,3692.0,-3383.0,766.0,2,0.06972406503420077,-0.0025952226013430625,
2024-04-07 05:25:26.247000+00:00,9496.0,0.0,0.0,0.0,1.0,0.0,0.0,1.0,1232.0,3692.0,-3383.0,766.0,2,0.06972406503420077,-0.0025952226013430625,
2024-04-07 05:25:26.447000+00:00,9496.0,0.0,0.0,0.0,1.0,0.0,0.0,1.0,1232.0,3692.0,-3383.0,766.0,2,0.06972406503420077,-0.0025952226013430625,
2024-04-07 05:25:26.687000+00:00,9496.0,0.0,0.0,0.0,1.0,0.0,0.0,1.0,1232.0,3692.0,-3383.0,766.0,2,0.06972406503420077,-0.0025952226013430625,
2024-04-07 05:25:27.087000+00:00,9496.0,0.0,0.0,0.0,1.0,0.0,0.0,1.0,1232.0,3692.0,-3383.0,766.0,2,0.06972406503420077,-0.0025952226013430625,
2024-04-07 05:25:27.447000+00:00,9496.0,0.0,0.0,0.0,1.0,0.0,0.0,1.0,1232.0,3692.0,-3383.0,766.0,2,0.06972406503420077,-0.0025952226013430625,
2024-04-07 05:25:27.767000+00:00,9496.0,0.0,0.0,0.0,1.0,0.0,0.0,1.0,1232.0,3692.0,-3383.0,766.0,2,0.06972406503420077,-0.0025952226013430625,
2024-04-07 05:25:28.127000+00:00,9496.0,0.0,0.0,0.0,1.0,0.0,0.0,1.0,1232.0,3692.0,-3383.0,766.0,2,0.06972406503420077,-0.0025952226013430625,
2024-04-07 05:25:28.407000+00:00,9496.0,0.0,0.0,0.0,1.0,0.0,0.0,1.0,1232.0,3692.0,-3383.0,766.0,2,0.06972406503420077,-0.0025952226013430625,
2024-04-07 05:25:28.607000+00:00,9496.0,0.0,0.0,0.0,1.0,0.0,0.0,1.0,1232.0,3692.0,-3383.0,766.0,2,0.06972406503420077,-0.0025952226013430625,
2024-04-07 05:25:28.927000+00:00,9496.0,0.0,0.0,0.0,1.0,0.0,0.0,1.0,1232.0,3692.0,-3383.0,766.0,2,0.06972406503420077,-0.0025952226013430625,
2024-04-07 05:25:29.287000+00:00,9496.0,0.0,0.0,0.0,1.0,0.0,0.0,1.0,1232.0,3692.0,-3383.0,766.0,2,0.06972406503420077,-0.0025952226013430625,
2024-04-07 05:25:29.447000+00:00,9496.0,0.0,0.0,0.0,1.0,0.0,0.0,1.0,1232.0,3692.0,-3383.0,766.0,2,0.06972406503420077,-0.0025952226013430625,
2024-04-07 05:25:29.768000+00:00,9496.0,0.0,0.0,0.0,1.0,0.0,0.0,1.0,1232.0,3692.0,-3383.0,766.0,2,0.06972406503420077,-0.0025952226013430625,
2024-04-07 05:25:30.088000+00:00,9496.0,0.0,0.0,0.0,1.0,0.0,0.0,1.0,1232.0,3692.0,-3383.0,766.0,2,0.06972406503420077,-0.0025952226013430625,
2024-04-07 05:25:30.288000+00:00,9496.0,0.0,0.0,0.0,1.0,0.0,0.0,1.0,1232.0,3692.0,-3383.0,766.0,2,0.06972406503420077,-0.0025952226013430625,
2024-04-07 05:25:30.648000+00:00,9496.0,0.0,0.0,0.0,1.0,0.0,0.0,1.0,1232.0,3692.0,-3383.0,766.0,2,0.06972406503420077,-0.0025952226013430625,
2024-04-07 05:25:31.008000+00:00,9496.0,0.0,0.0,0.0,1.0,0.0,0.0,1.0,1232.0,3692.0,-3383.0,766.0,2,0.06972406503420077,-0.0025952226013430625,
2024-04-07 05:25:31.328000+00:00,9496.0,0.0,0.0,0.0,1.0,0.0,0.0,1.0,1232.0,3692.0,-3383.0,766.0,2,0.06972406503420077,-0.0025952226013430625,
2024-04-07 05:25:31.608000+00:00,9496.0,0.0,0.0,0.0,1.0,0.0,0.0,1.0,1232.0,3692.0,-3383.0,766.0,2,0.06972406503420077,-0.0025952226013430625,
2024-04-07 05:25:32.088000+00:00,9496.0,0.0,0.0,0.0,1.0,0.0,0.0,1.0,1232.0,3692.0,-3383.0,766.0,2,0.06972406503420077,-0.0025952226013430625,
2024-04-07 05:25:32.448000+00:00,9496.0,0.0,0.0,0.0,1.0,0.0,0.0,1.0,1232.0,3692.0,-3383.0,766.0,2,0.06972406503420077,-0.0025952226013430625,
2024-04-07 05:25:32.727000+00:00,9496.0,0.0,0.0,0.0,1.0,0.0,0.0,1.0,1232.0,3692.0,-3383.0,766.0,2,0.06972406503420077,-0.0025952226013430625,
2024-04-07 05:25:32.927000+00:00,9496.0,0.0,0.0,0.0,1.0,0.0,0.0,1.0,1232.0,3692.0,-3383.0,766.0,2,0.06972406503420077,-0.0025952226013430625,
2024-04-07 05:25:33.127000+00:00,9496.0,0.0,0.0,0.0,1.0,0.0,0.0,1.0,1232.0,3692.0,-3383.0,766.0,2,0.06972406503420077,-0.0025952226013430625,
2024-04-07 05:25:33.487000+00:00,9496.0,0.0,0.0,0.0,1.0,0.0,0.0,1.0,1232.0,3692.0,-3383.0,766.0,2,0.06972406503420077,-0.0025952226013430625,
2024-04-07 05:25:33.727000+00:00,9496.0,0.0,0.0,0.0,1.0,0.0,0.0,1.0,1232.0,3692.0,-3383.0,766.0,2,0.06972406503420077,-0.0025952226013430625,
2024-04-07 05:25:33.967000+00:00,9496.0,0.0,0.0,0.0,1.0,0.0,0.0,1.0,1232.0,3692.0,-3383.0,766.0,2,0.06972406503420077,-0.0025952226013430625,
2024-04-07 05:25:34.327000+00:00,9496.0,0.0,0.0,0.0,1.0,0.0,0.0,1.0,1232.0,3692.0,-3383.0,766.0,2,0.06972406503420077,-0.0025952226013430625,
2024-04-07 05:25:35.047000+00:00,9496.0,0.0,0.0,0.0,1.0,0.0,0.0,1.0,1232.0,3692.0,-3383.0,766.0,2,0.06972406503420077,-0.0025952226013430625,
2024-04-07 05:25:35.207000+00:00,9496.0,0.0,0.0,0.0,1.0,0.0,0.0,1.0,1232.0,3692.0,-3383.0,766.0,2,0.06972406503420077,-0.0025952226013430625,
2024-04-07 05:25:35.527000+00:00,9496.0,0.0,0.0,0.0,1.0,0.0,0.0,1.0,1232.0,3692.0,-3383.0,766.0,2,0.06972406503420077,-0.0025952226013430625,
2024-04-07 05:25:35.927000+00:00,9496.0,0.0,0.0,0.0,1.0,0.0,0.0,1.0,1232.0,3692.0,-3383.0,766.0,2,0.06972406503420077,-0.0025952226013430625,
2024-04-07 05:25:36.288000+00:00,9496.0,0.0,0.0,0.0,1.0,0.0,0.0,1.0,1232.0,3692.0,-3383.0,766.0,2,0.06972406503420077,-0.0025952226013430625,
2024-04-07 05:25:36.528000+00:00,9496.0,0.0,0.0,0.0,1.0,0.0,0.0,1.0,1232.0,3692.0,-3383.0,766.0,2,0.06972406503420077,-0.0025952226013430625,
2024-04-07 05:25:36.768000+00:00,9496.0,0.0,0.0,0.0,1.0,0.0,0.0,1.0,1232.0,3692.0,-3383.0,766.0,2,0.06972406503420077,-0.0025952226013430625,
2024-04-07 05:25:37.048000+00:00,9496.0,0.0,0.0,0.0,1.0,0.0,0.0,1.0,1232.0,3692.0,-3383.0,766.0,2,0.06972406503420077,-0.0025952226013430625,
2024-04-07 05:25:37.208000+00:00,9496.0,0.0,0.0,0.0,1.0,0.0,0.0,1.0,1232.0,3692.0,-3383.0,766.0,2,0.06972406503420077,-0.0025952226013430625,
2024-04-07 05:25:37.448000+00:00,9496.0,0.0,0.0,0.0,1.0,0.0,0.0,1.0,1232.0,3692.0,-3383.0,766.0,2,0.06972406503420077,-0.0025952226013430625,
2024-04-07 05:25:37.648000+00:00,9496.0,0.0,0.0,0.0,1.0,0.0,0.0,1.0,1232.0,3692.0,-3383.0,766.0,2,0.06972406503420077,-0.0025952226013430625,
2024-04-07 05:25:37.808000+00:00,9496.0,0.0,0.0,0.0,1.0,0.0,0.0,1.0,1232.0,3692.0,-3383.0,766.0,2,0.06972406503420077,-0.0025952226013430625,
2024-04-07 05:25:37.968000+00:00,9496.0,0.0,0.0,0.0,1.0,0.0,0.0,1.0,1232.0,3692.0,-3383.0,766.0,2,0.06972406503420077,-0.0025952226013430625,
2024-04-07 05:25:38.208000+00:00,9496.0,0.0,0.0,0.0,1.0,0.0,0.0,1.0,1232.0,3692.0,-3383.0,766.0,2,0.06972406503420077,-0.0025952226013430625,
2024-04-07 05:25:38.488000+00:00,9496.0,0.0,0.0,0.0,1.0,0.0,0.0,1.0,1232.0,3692.0,-3383.0,766.0,2,0.06972406503420077,-0.0025952226013430625,
2024-04-07 05:25:38.688000+00:00,9496.0,0.0,0.0,0.0,1.0,0.0,0.0,1.0,1232.0,3692.0,-3383.0,766.0,2,0.06972406503420077,-0.0025952226013430625,
2024-04-07 05:25:38.888000+00:00,9496.0,0.0,0.0,0.0,1.0,0.0,0.0,1.0,1232.0,3692.0,-3383.0,766.0,2,0.06972406503420077,-0.0025952226013430625,
2024-04-07 05:25:39.208000+00:00,9496.0,0.0,0.0,0.0,1.0,0.0,0.0,1.0,1232.0,3692.0,-3383.0,766.0,2,0.06972406503420077,-0.0025952226013430625,
2024-04-07 05:25:39.367000+00:00,9496.0,0.0,0.0,0.0,1.0,0.0,0.0,1.0,1232.0,3692.0,-3383.0,766.0,2,0.06972406503420077,-0.0025952226013430625,
2024-04-07 05:25:39.647000+00:00,9496.0,0.0,0.0,0.0,1.0,0.0,0.0,1.0,1232.0,3692.0,-3383.0,766.0,2,0.06972406503420077,-0.0025952226013430625,
2024-04-07 05:25:39.807000+00:00,9496.0,0.0,100.0,0.0,1.0,0.0,0.0,1.0,1232.0,3692.0,-3383.0,766.0,2,-0.9299859758483575,-0.03320984009923698,
2024-04-07 05:25:40.087000+00:00,9496.0,0.0,100.0,0.0,1.0,0.0,0.0,1.0,1232.0,3692.0,-3383.0,766.0,2,-0.9299859780365461,-0.03320977467806468,
2024-04-07 05:25:40.327000+00:00,9496.0,0.0,100.0,0.0,1.0,0.0,0.0,1.0,1232.0,3692.0,-3383.0,766.0,2,-0.9299859640686418,-0.0332101922802378,
2024-04-07 05:25:40.687000+00:00,9496.0,0.0,0.0,0.0,1.0,0.0,0.0,1.0,1232.0,3692.0,-3383.0,766.0,2,0.06972406503420077,-0.0025952226013430625,
2024-04-07 05:25:40.887000+00:00,9496.0,0.0,0.0,0.0,1.0,0.0,0.0,1.0,1232.0,3692.0,-3383.0,766.0,2,0.06972406503420077,-0.0025952226013430625,
2024-04-07 05:25:41.047000+00:00,9496.0,0.0,0.0,0.0,1.0,0.0,0.0,1.0,1232.0,3692.0,-3383.0,766.0,2,0.06972406503420077,-0.0025952226013430625,
2024-04-07 05:25:41.367000+00:00,9496.0,0.0,0.0,0.0,1.0,0.0,0.0,1.0,1232.0,3692.0,-3383.0,766.0,2,0.06972406503420077,-0.0025952226013430625,
2024-04-07 05:25:41.607000+00:00,9496.0,0.0,0.0,0.0,1.0,0.0,0.0,1.0,1232.0,3692.0,-3383.0,766.0,2,0.06972406503420077,-0.0025952226013430625,
2024-04-07 05:25:41.767000+00:00,9496.0,0.0,0.0,0.0,1.0,0.0,0.0,1.0,1232.0,3692.0,-3383.0,766.0,2,0.06972406503420077,-0.0025952226013430625,
2024-04-07 05:25:41.967000+00:00,9496.0,0.0,0.0,0.0,1.0,0.0,0.0,1.0,1232.0,3692.0,-3383.0,766.0,2,0.06972406503420077,-0.0025952226013430625,
2024-04-07 05:25:42.407000+00:00,9496.0,0.0,0.0,0.0,1.0,0.0,0.0,1.0,1232.0,3692.0,-3383.0,766.0,2,0.06972406503420077,-0.0025952226013430625,
2024-04-07 05:25:42.647000+00:00,9496.0,0.0,0.0,0.0,1.0,0.0,0.0,1.0,1232.0,3692.0,-3383.0,766.0,2,0.06972406503420077,-0.0025952226013430625,
2024-04-07 05:25:42.928000+00:00,9496.0,0.0,0.0,0.0,1.0,0.0,0.0,1.0,1232.0,3692.0,-3383.0,766.0,2,0.06972406503420077,-0.0025952226013430625,
2024-04-07 05:25:43.088000+00:00,9496.0,0.0,0.0,0.0,1.0,0.0,0.0,1.0,1232.0,3692.0,-3383.0,766.0,2,0.06972406503420077,-0.0025952226013430625,
2024-04-07 05:25:43.288000+00:00,9496.0,0.0,0.0,0.0,1.0,0.0,0.0,1.0,1232.0,3692.0,-3383.0,766.0,2,0.06972406503420077,-0.0025952226013430625,
2024-04-07 05:25:43.568000+00:00,9496.0,0.0,0.0,0.0,1.0,0.0,0.0,1.0,1232.0,3692.0,-3383.0,766.0,2,0.06972406503420077,-0.0025952226013430625,
2024-04-07 05:25:43.768000+00:00,9496.0,0.0,0.0,0.0,1.0,0.0,0.0,1.0,1232.0,3692.0,-3383.0,766.0,2,0.06972406503420077,-0.0025952226013430625,
2024-04-07 05:25:44.088000+00:00,9496.0,0.0,0.0,0.0,1.0,0.0,0.0,1.0,1232.0,3692.0,-3383.0,766.0,2,0.06972406503420077,-0.0025952226013430625,
2024-04-07 05:25:44.488000+00:00,9496.0,0.0,0.0,0.0,1.0,0.0,0.0,1.0,1232.0,3692.0,-3383.0,766.0,2,0.06972406503420077,-0.0025952226013430625,
2024-04-07 05:25:44.808000+00:00,9496.0,0.0,0.0,0.0,1.0,0.0,0.0,1.0,1232.0,3692.0,-3383.0,766.0,2,0.06972406503420077,-0.0025952226013430625,
2024-04-07 05:25:45.008000+00:00,9496.0,0.0,0.0,0.0,1.0,0.0,0.0,1.0,1232.0,3692.0,-3383.0,766.0,2,0.06972406503420077,-0.0025952226013430625,
2024-04-07 05:25:45.208000+00:00,9496.0,0.0,0.0,0.0,1.0,0.0,0.0,1.0,1232.0,3692.0,-3383.0,766.0,2,0.06972406503420077,-0.0025952226013430625,
2024-04-07 05:25:45.528000+00:00,9496.0,0.0,0.0,0.0,1.0,0.0,0.0,1.0,1232.0,3692.0,-3383.0,766.0,2,0.06972406503420077,-0.0025952226013430625,
2024-04-07 05:25:45.768000+00:00,9496.0,0.0,0.0,0.0,1.0,0.0,0.0,1.0,1232.0,3692.0,-3383.0,766.0,2,0.06972406503420077,-0.0025952226013430625,
2024-04-07 05:25:46.048000+00:00,9496.0,0.0,0.0,0.0,1.0,0.0,0.0,1.0,1232.0,3692.0,-3383.0,766.0,2,0.06972406503420077,-0.0025952226013430625,
2024-04-07 05:25:46.247000+00:00,9496.0,0.0,0.0,0.0,1.0,0.0,0.0,1.0,1232.0,3692.0,-3383.0,766.0,2,0.06972406503420077,-0.0025952226013430625,
2024-04-07 05:25:46.567000+00:00,9496.0,0.0,0.0,0.0,1.0,0.0,0.0,1.0,1232.0,3692.0,-3383.0,766.0,2,0.06972406503420077,-0.0025952226013430625,
2024-04-07 05:25:46.807000+00:00,9496.0,0.0,0.0,0.0,1.0,0.0,0.0,1.0,1232.0,3692.0,-3383.0,766.0,2,0.06972406503420077,-0.0025952226013430625,
2024-04-07 05:25:46.967000+00:00,9496.0,0.0,0.0,0.0,1.0,0.0,0.0,1.0,1232.0,3692.0,-3383.0,766.0,2,0.06972406503420077,-0.0025952226013430625,
2024-04-07 05:25:47.127000+00:00,9496.0,0.0,0.0,0.0,1.0,0.0,0.0,1.0,1232.0,3692.0,-3383.0,766.0,2,0.06972406503420077,-0.0025952226013430625,
2024-04-07 05:25:47.287000+00:00,9496.0,0.0,0.0,0.0,1.0,0.0,0.0,1.0,1232.0,3692.0,-3383.0,766.0,2,0.06972406503420077,-0.0025952226013430625,
2024-04-07 05:25:47.527000+00:00,9496.0,0.0,0.0,0.0,1.0,0.0,0.0,1.0,1232.0,3692.0,-3383.0,766.0,2,0.06972406503420077,-0.0025952226013430625,
2024-04-07 05:25:47.807000+00:00,9496.0,0.0,0.0,0.0,1.0,0.0,0.0,1.0,1232.0,3692.0,-3383.0,766.0,2,0.06972406503420077,-0.0025952226013430625,
2024-04-07 05:25:48.007000+00:00,9496.0,0.0,0.0,0.0,1.0,0.0,0.0,1.0,1232.0,3692.0,-3383.0,766.0,2,0.06972406503420077,-0.0025952226013430625,
2024-04-07 05:25:48.247000+00:00,9496.0,0.0,0.0,0.0,1.0,0.0,0.0,1.0,1232.0,3692.0,-3383.0,766.0,2,0.06972406503420077,-0.0025952226013430625,
2024-04-07 05:25:48.567000+00:00,9496.0,0.0,0.0,0.0,1.0,0.0,0.0,1.0,1232.0,3692.0,-3383.0,766.0,2,0.06972406503420077,-0.0025952226013430625,
2024-04-07 05:25:48.767000+00:00,9496.0,0.0,0.0,0.0,1.0,0.0,0.0,1.0,1232.0,3692.0,-3383.0,766.0,2,0.06972406503420077,-0.0025952226013430625,
2024-04-07 05:25:48.927000+00:00,9496.0,0.0,0.0,0.0,1.0,0.0,0.0,1.0,1232.0,3692.0,-3383.0,766.0,2,0.06972406503420077,-0.0025952226013430625,
2024-04-07 05:25:49.247000+00:00,9496.0,0.0,0.0,0.0,1.0,0.0,0.0,1.0,1232.0,3692.0,-3383.0,766.0,2,0.06972406503420077,-0.0025952226013430625,
2024-04-07 05:25:49.608000+00:00,9496.0,0.0,0.0,0.0,1.0,0.0,0.0,1.0,1232.0,3692.0,-3383.0,766.0,2,0.06972406503420077,-0.0025952226013430625,
2024-04-07 05:25:50.088000+00:00,9496.0,0.0,0.0,0.0,1.0,0.0,0.0,1.0,1232.0,3692.0,-3383.0,766.0,2,0.06972406503420077,-0.0025952226013430625,
2024-04-07 05:25:50.328000+00:00,9496.0,0.0,0.0,0.0,1.0,0.0,0.0,1.0,1232.0,3692.0,-3383.0,766.0,2,0.06972406503420077,-0.0025952226013430625,
2024-04-07 05:25:50.688000+00:00,9496.0,0.0,0.0,0.0,1.0,0.0,0.0,1.0,1232.0,3692.0,-3383.0,766.0,2,0.06972406503420077,-0.0025952226013430625,
2024-04-07 05:25:51.048000+00:00,9496.0,0.0,0.0,0.0,1.0,0.0,0.0,1.0,1232.0,3692.0,-3383.0,766.0,2,0.06972406503420077,-0.0025952226013430625,
2024-04-07 05:25:51.328000+00:00,9496.0,0.0,0.0,0.0,1.0,0.0,0.0,1.0,1232.0,3692.0,-3383.0,766.0,2,0.06972406503420077,-0.0025952226013430625,
2024-04-07 05:25:51.488000+00:00,9496.0,0.0,0.0,0.0,1.0,0.0,0.0,1.0,1232.0,3692.0,-3383.0,766.0,2,0.06972406503420077,-0.0025952226013430625,
2024-04-07 05:25:51.728000+00:00,9496.0,0.0,0.0,0.0,1.0,0.0,0.0,1.0,1232.0,3692.0,-3383.0,766.0,2,0.06972406503420077,-0.0025952226013430625,
2024-04-07 05:25:52.128000+00:00,9496.0,0.0,0.0,0.0,1.0,0.0,0.0,1.0,1232.0,3692.0,-3383.0,766.0,2,0.06972406503420077,-0.0025952226013430625,
2024-04-07 05:25:52.368000+00:00,9496.0,0.0,0.0,0.0,1.0,0.0,0.0,1.0,1232.0,3692.0,-3383.0,766.0,2,0.06972406503420077,-0.0025952226013430625,
2024-04-07 05:25:52.528000+00:00,9496.0,0.0,0.0,0.0,1.0,0.0,0.0,1.0,1232.0,3692.0,-3383.0,766.0,2,0.06972406503420077,-0.0025952226013430625,
2024-04-07 05:25:52.768000+00:00,9496.0,0.0,0.0,0.0,1.0,0.0,0.0,1.0,1232.0,3692.0,-3383.0,766.0,2,0.06972406503420077,-0.0025952226013430625,
2024-04-07 05:25:53.047000+00:00,9496.0,0.0,0.0,0.0,1.0,0.0,0.0,1.0,1232.0,3692.0,-3383.0,766.0,2,0.06972406503420077,-0.0025952226013430625,
2024-04-07 05:25:53.207000+00:00,9496.0,0.0,0.0,0.0,1.0,0.0,0.0,1.0,1232.0,3692.0,-3383.0,766.0,2,0.06972406503420077,-0.0025952226013430625,
2024-04-07 05:25:53.487000+00:00,9496.0,0.0,0.0,0.0,1.0,0.0,0.0,1.0,1232.0,3692.0,-3383.0,766.0,2,0.06972406503420077,-0.0025952226013430625,
2024-04-07 05:25:53.727000+00:00,9496.0,0.0,0.0,0.0,1.0,0.0,0.0,1.0,1232.0,3692.0,-3383.0,766.0,2,0.06972406503420077,-0.0025952226013430625,
2024-04-07 05:25:54.207000+00:00,9496.0,0.0,0.0,0.0,1.0,0.0,0.0,1.0,1232.0,3692.0,-3383.0,766.0,2,0.06972406503420077,-0.0025952226013430625,
2024-04-07 05:25:54.407000+00:00,9496.0,0.0,0.0,0.0,1.0,0.0,0.0,1.0,1232.0,3692.0,-3383.0,766.0,2,0.06972406503420077,-0.0025952226013430625,
2024-04-07 05:25:54.607000+00:00,9496.0,0.0,0.0,0.0,1.0,0.0,0.0,1.0,1232.0,3692.0,-3383.0,766.0,2,0.06972406503420077,-0.0025952226013430625,
2024-04-07 05:25:54.767000+00:00,9496.0,0.0,0.0,0.0,1.0,0.0,0.0,1.0,1232.0,3692.0,-3383.0,766.0,2,0.06972406503420077,-0.0025952226013430625,
2024-04-07 05:25:55.047000+00:00,9496.0,0.0,0.0,0.0,1.0,0.0,0.0,1.0,1232.0,3692.0,-3383.0,766.0,2,0.06972406503420077,-0.0025952226013430625,
2024-04-07 05:25:55.247000+00:00,9496.0,0.0,0.0,0.0,1.0,0.0,0.0,1.0,1232.0,3692.0,-3383.0,766.0,2,0.06972406503420077,-0.0025952226013430625,
2024-04-07 05:25:55.487000+00:00,9496.0,0.0,0.0,0.0,1.0,0.0,0.0,1.0,1232.0,3692.0,-3383.0,766.0,2,0.06972406503420077,-0.0025952226013430625,
2024-04-07 05:25:55.807000+00:00,9496.0,0.0,0.0,0.0,1.0,0.0,0.0,1.0,1232.0,3692.0,-3383.0,766.0,2,0.06972406503420077,-0.0025952226013430625,
2024-04-07 05:25:55.968000+00:00,9496.0,0.0,0.0,0.0,1.0,0.0,0.0,1.0,1232.0,3692.0,-3383.0,766.0,2,0.06972406503420077,-0.0025952226013430625,
2024-04-07 05:25:56.128000+00:00,9496.0,0.0,0.0,0.0,1.0,0.0,0.0,1.0,1232.0,3692.0,-3383.0,766.0,2,0.06972406503420077,-0.0025952226013430625,
2024-04-07 05:25:56.328000+00:00,9496.0,0.0,0.0,0.0,1.0,0.0,0.0,1.0,1232.0,3692.0,-3383.0,766.0,2,0.06972406503420077,-0.0025952226013430625,
2024-04-07 05:25:56.528000+00:00,9496.0,0.0,0.0,0.0,1.0,0.0,0.0,1.0,1232.0,3692.0,-3383.0,766.0,2,0.06972406503420077,-0.0025952226013430625,
2024-04-07 05:25:56.728000+00:00,9496.0,0.0,0.0,0.0,1.0,0.0,0.0,1.0,1232.0,3692.0,-3383.0,766.0,2,0.06972406503420077,-0.0025952226013430625,
2024-04-07 05:25:56.928000+00:00,9496.0,0.0,0.0,0.0,1.0,0.0,0.0,1.0,1232.0,3692.0,-3383.0,766.0,2,0.06972406503420077,-0.0025952226013430625,
2024-04-07 05:25:57.208000+00:00,9496.0,0.0,0.0,0.0,1.0,0.0,0.0,1.0,1232.0,3692.0,-3383.0,766.0,2,0.06972406503420077,-0.0025952226013430625,
2024-04-07 05:25:57.408000+00:00,9496.0,0.0,0.0,0.0,1.0,0.0,0.0,1.0,1232.0,3692.0,-3383.0,766.0,2,0.06972406503420077,-0.0025952226013430625,
2024-04-07 05:25:57.728000+00:00,9496.0,0.0,0.0,0.0,1.0,0.0,0.0,1.0,1232.0,3692.0,-3383.0,766.0,2,0.06972406503420077,-0.0025952226013430625,
2024-04-07 05:25:57.888000+00:00,9496.0,0.0,0.0,0.0,1.0,0.0,0.0,1.0,1232.0,3692.0,-3383.0,766.0,2,0.06972406503420077,-0.0025952226013430625,
2024-04-07 05:25:58.048000+00:00,9496.0,0.0,0.0,0.0,1.0,0.0,0.0,1.0,1232.0,3692.0,-3383.0,766.0,2,0.06972406503420077,-0.0025952226013430625,
2024-04-07 05:25:58.328000+00:00,9496.0,0.0,0.0,0.0,1.0,0.0,0.0,1.0,1232.0,3692.0,-3383.0,766.0,2,0.06972406503420077,-0.0025952226013430625,
2024-04-07 05:25:58.648000+00:00,9496.0,0.0,0.0,0.0,1.0,0.0,0.0,1.0,1232.0,3692.0,-3383.0,766.0,2,0.06972406503420077,-0.0025952226013430625,
2024-04-07 05:25:58.848000+00:00,9496.0,0.0,0.0,0.0,1.0,0.0,0.0,1.0,1232.0,3692.0,-3383.0,766.0,2,0.06972406503420077,-0.0025952226013430625,
2024-04-07 05:25:59.128000+00:00,9496.0,0.0,0.0,0.0,1.0,0.0,0.0,1.0,1232.0,3692.0,-3383.0,766.0,2,0.06972406503420077,-0.0025952226013430625,
2024-04-07 05:25:59.328000+00:00,9496.0,0.0,0.0,0.0,1.0,0.0,0.0,1.0,1232.0,3692.0,-3383.0,766.0,2,0.06972406503420077,-0.0025952226013430625,
2024-04-07 05:25:59.607000+00:00,9496.0,0.0,0.0,0.0,1.0,0.0,0.0,1.0,1232.0,3692.0,-3383.0,766.0,2,0.06972406503420077,-0.0025952226013430625,
2024-04-07 05:25:59.767000+00:00,9496.0,0.0,0.0,0.0,1.0,0.0,0.0,1.0,1232.0,3692.0,-3383.0,766.0,2,0.06972406503420077,-0.0025952226013430625,
2024-04-07 05:26:00.007000+00:00,9496.0,0.0,0.0,0.0,1.0,0.0,0.0,1.0,1232.0,3692.0,-3383.0,766.0,2,0.06972406503420077,-0.0025952226013430625,
2024-04-07 05:26:00.287000+00:00,9496.0,0.0,0.0,0.0,1.0,0.0,0.0,1.0,1232.0,3692.0,-3383.0,766.0,2,0.06972406503420077,-0.0025952226013430625,
2024-04-07 05:26:00.487000+00:00,9496.0,0.0,0.0,0.0,1.0,0.0,0.0,1.0,1232.0,3692.0,-3383.0,766.0,2,0.06972406503420077,-0.0025952226013430625,
2024-04-07 05:26:00.727000+00:00,9496.0,0.0,100.0,0.0,1.0,0.0,0.0,1.0,1232.0,3692.0,-3383.0,766.0,2,-0.9299859711216985,-0.03320998141402911,
2024-04-07 05:26:00.927000+00:00,9496.0,0.0,100.0,0.0,1.0,0.0,0.0,1.0,1232.0,3692.0,-3383.0,766.0,2,-0.9299859706398963,-0.03320999581858399,
2024-04-07 05:26:01.287000+00:00,9496.0,0.0,100.0,0.0,1.0,0.0,0.0,1.0,1232.0,3692.0,-3383.0,766.0,2,-0.9299859959142696,-0.03320924017384325,
2024-04-07 05:26:01.567000+00:00,9496.0,0.0,100.0,0.0,1.0,0.0,0.0,1.0,1232.0,3692.0,-3383.0,766.0,2,-0.9299859735264804,-0.033209909517489436,
2024-04-07 05:26:01.887000+00:00,9496.0,0.0,100.0,0.0,1.0,0.0,0.0,1.0,1232.0,3692.0,-3383.0,766.0,2,-0.9299861505888706,-0.03320461532674399,
2024-04-07 05:26:02.167000+00:00,9496.0,0.0,100.0,0.0,1.0,0.0,0.0,1.0,1232.0,3692.0,-3383.0,766.0,2,-0.929985972923868,-0.03320992753410842,
2024-04-07 05:26:02.808000+00:00,9496.0,0.0,100.0,0.0,1.0,0.0,0.0,1.0,1232.0,3692.0,-3383.0,766.0,2,-0.9299859737489301,-0.033209902866541775,
2024-04-07 05:26:03.048000+00:00,9496.0,0.0,100.0,0.0,1.0,0.0,0.0,1.0,1232.0,3692.0,-3383.0,766.0,2,-0.9299859692127049,-0.03321003848772484,
2024-04-07 05:26:03.248000+00:00,9496.0,0.0,100.0,0.0,1.0,0.0,0.0,1.0,1232.0,3692.0,-3383.0,766.0,2,-0.9299859823092422,-0.03320964693471466,
2024-04-07 05:26:03.488000+00:00,9496.0,0.0,100.0,0.0,1.0,0.0,0.0,1.0,1232.0,3692.0,-3383.0,766.0,2,-0.9299859737040542,-0.03320990420855434,
2024-04-07 05:26:03.688000+00:00,9496.0,0.0,0.0,0.0,1.0,0.0,0.0,1.0,1232.0,3692.0,-3383.0,766.0,2,0.06972406503420077,-0.0025952226013430625,
2024-04-07 05:26:03.968000+00:00,9496.0,0.0,0.0,0.0,1.0,0.0,0.0,1.0,1232.0,3692.0,-3383.0,766.0,2,0.06972406503420077,-0.0025952226013430625,
2024-04-07 05:26:04.248000+00:00,9496.0,0.0,0.0,0.0,1.0,0.0,0.0,1.0,1232.0,3692.0,-3383.0,766.0,2,0.06972406503420077,-0.0025952226013430625,
2024-04-07 05:26:04.488000+00:00,9496.0,0.0,0.0,0.0,1.0,0.0,0.0,1.0,1232.0,3692.0,-3383.0,766.0,2,0.06972406503420077,-0.0025952226013430625,
2024-04-07 05:26:04.648000+00:00,9496.0,0.0,0.0,0.0,1.0,0.0,0.0,1.0,1232.0,3692.0,-3383.0,766.0,2,0.06972406503420077,-0.0025952226013430625,
2024-04-07 05:26:04.888000+00:00,9496.0,0.0,0.0,0.0,1.0,0.0,0.0,1.0,1232.0,3692.0,-3383.0,766.0,2,0.06972406503420077,-0.0025952226013430625,
2024-04-07 05:26:05.208000+00:00,9496.0,0.0,0.0,0.0,1.0,0.0,0.0,1.0,1232.0,3692.0,-3383.0,766.0,2,0.06972406503420077,-0.0025952226013430625,
2024-04-07 05:26:05.528000+00:00,9496.0,0.0,0.0,0.0,1.0,0.0,0.0,1.0,1232.0,3692.0,-3383.0,766.0,2,0.06972406503420077,-0.0025952226013430625,
2024-04-07 05:26:05.768000+00:00,9496.0,0.0,0.0,0.0,1.0,0.0,0.0,1.0,1232.0,3692.0,-3383.0,766.0,2,0.06972406503420077,-0.0025952226013430625,
2024-04-07 05:26:06.168000+00:00,9496.0,0.0,0.0,0.0,1.0,0.0,0.0,1.0,1232.0,3692.0,-3383.0,766.0,2,0.06972406503420077,-0.0025952226013430625,
2024-04-07 05:26:06.407000+00:00,9496.0,0.0,0.0,0.0,1.0,0.0,0.0,1.0,1232.0,3692.0,-3383.0,766.0,2,0.06972406503420077,-0.0025952226013430625,
2024-04-07 05:26:06.647000+00:00,9496.0,0.0,0.0,0.0,1.0,0.0,0.0,1.0,1232.0,3692.0,-3383.0,766.0,2,0.06972406503420077,-0.0025952226013430625,
2024-04-07 05:26:06.967000+00:00,9496.0,0.0,0.0,0.0,1.0,0.0,0.0,1.0,1232.0,3692.0,-3383.0,766.0,2,0.06972406503420077,-0.0025952226013430625,
2024-04-07 05:26:07.167000+00:00,9496.0,0.0,0.0,0.0,1.0,0.0,0.0,1.0,1232.0,3692.0,-3383.0,766.0,2,0.06972406503420077,-0.0025952226013430625,
2024-04-07 05:26:07.447000+00:00,9496.0,0.0,0.0,0.0,1.0,0.0,0.0,1.0,1232.0,3692.0,-3383.0,766.0,2,0.06972406503420077,-0.0025952226013430625,
2024-04-07 05:26:07.647000+00:00,9496.0,0.0,0.0,0.0,1.0,0.0,0.0,1.0,1232.0,3693.0,-3383.0,766.0,2,0.06972406503420077,-0.0025952226013430625,
2024-04-07 05:26:07.807000+00:00,9496.0,0.0,0.0,0.0,1.0,0.0,0.0,1.0,1232.0,3693.0,-3383.0,766.0,2,0.06972406503420077,-0.0025952226013430625,
2024-04-07 05:26:08.047000+00:00,9496.0,0.0,0.0,0.0,1.0,0.0,0.0,1.0,1232.0,3693.0,-3383.0,766.0,2,0.06972406503420077,-0.0025952226013430625,
2024-04-07 05:26:08.407000+00:00,9496.0,0.0,0.0,0.0,1.0,0.0,0.0,1.0,1232.0,3693.0,-3383.0,766.0,2,0.06972406503420077,-0.0025952226013430625,
2024-04-07 05:26:08.727000+00:00,9496.0,0.0,0.0,0.0,1.0,0.0,0.0,1.0,1232.0,3693.0,-3383.0,766.0,2,0.06972406503420077,-0.0025952226013430625,
2024-04-07 05:26:09.128000+00:00,9496.0,0.0,0.0,0.0,1.0,0.0,0.0,1.0,1232.0,3693.0,-3383.0,766.0,2,0.06972406503420077,-0.0025952226013430625,
2024-04-07 05:26:09.328000+00:00,9496.0,0.0,0.0,0.0,1.0,0.0,0.0,1.0,1232.0,3693.0,-3383.0,766.0,2,0.06972406503420077,-0.0025952226013430625,
2024-04-07 05:26:09.688000+00:00,9496.0,0.0,0.0,0.0,1.0,0.0,0.0,1.0,1232.0,3693.0,-3383.0,766.0,2,0.06972406503420077,-0.0025952226013430625,
2024-04-07 05:26:09.888000+00:00,9496.0,0.0,0.0,0.0,1.0,0.0,0.0,1.0,1232.0,3693.0,-3383.0,766.0,2,0.06972406503420077,-0.0025952226013430625,
2024-04-07 05:26:10.248000+00:00,9496.0,0.0,0.0,0.0,1.0,0.0,0.0,1.0,1232.0,3693.0,-3383.0,766.0,2,0.06972406503420077,-0.0025952226013430625,
2024-04-07 05:26:10.488000+00:00,9496.0,0.0,0.0,0.0,1.0,0.0,0.0,1.0,1232.0,3693.0,-3383.0,766.0,2,0.06972406503420077,-0.0025952226013430625,
2024-04-07 05:26:10.648000+00:00,9496.0,0.0,0.0,0.0,1.0,0.0,0.0,1.0,1232.0,3693.0,-3383.0,766.0,2,0.06972406503420077,-0.0025952226013430625,
2024-04-07 05:26:10.808000+00:00,9496.0,0.0,0.0,0.0,1.0,0.0,0.0,1.0,1232.0,3693.0,-3383.0,766.0,2,0.06972406503420077,-0.0025952226013430625,
2024-04-07 05:26:11.008000+00:00,9496.0,0.0,0.0,0.0,1.0,0.0,0.0,1.0,1232.0,3693.0,-3383.0,766.0,2,0.06972406503420077,-0.0025952226013430625,
2024-04-07 05:26:11.328000+00:00,9496.0,0.0,0.0,0.0,1.0,0.0,0.0,1.0,1232.0,3693.0,-3383.0,766.0,2,0.06972406503420077,-0.0025952226013430625,
2024-04-07 05:26:11.568000+00:00,9496.0,0.0,0.0,0.0,1.0,0.0,0.0,1.0,1232.0,3693.0,-3383.0,766.0,2,0.06972406503420077,-0.0025952226013430625,
2024-04-07 05:26:11.808000+00:00,9496.0,0.0,0.0,0.0,1.0,0.0,0.0,1.0,1232.0,3693.0,-3383.0,766.0,2,0.06972406503420077,-0.0025952226013430625,
2024-04-07 05:26:11.968000+00:00,9496.0,0.0,0.0,0.0,1.0,0.0,0.0,1.0,1232.0,3693.0,-3383.0,766.0,2,0.06972406503420077,-0.0025952226013430625,
2024-04-07 05:26:12.168000+00:00,9496.0,0.0,0.0,0.0,1.0,0.0,0.0,1.0,1232.0,3693.0,-3383.0,766.0,2,0.06972406503420077,-0.0025952226013430625,
2024-04-07 05:26:12.608000+00:00,9496.0,0.0,0.0,0.0,1.0,0.0,0.0,1.0,1232.0,3693.0,-3383.0,766.0,2,0.06972406503420077,-0.0025952226013430625,
2024-04-07 05:26:13.007000+00:00,9496.0,0.0,0.0,0.0,1.0,0.0,0.0,1.0,1232.0,3693.0,-3383.0,766.0,2,0.06972406503420077,-0.0025952226013430625,
2024-04-07 05:26:13.447000+00:00,9496.0,0.0,0.0,0.0,1.0,0.0,0.0,1.0,1232.0,3693.0,-3383.0,766.0,2,0.06972406503420077,-0.0025952226013430625,
2024-04-07 05:26:13.847000+00:00,9496.0,0.0,0.0,0.0,1.0,0.0,0.0,1.0,1232.0,3693.0,-3383.0,766.0,2,0.06972406503420077,-0.0025952226013430625,
2024-04-07 05:26:14.047000+00:00,9496.0,0.0,0.0,0.0,1.0,0.0,0.0,1.0,1232.0,3693.0,-3383.0,766.0,2,0.06972406503420077,-0.0025952226013430625,
2024-04-07 05:26:14.287000+00:00,9496.0,0.0,0.0,0.0,1.0,0.0,0.0,1.0,1232.0,3693.0,-3383.0,766.0,2,0.06972406503420077,-0.0025952226013430625,
2024-04-07 05:26:14.607000+00:00,9496.0,0.0,0.0,0.0,1.0,0.0,0.0,1.0,1232.0,3693.0,-3383.0,766.0,2,0.06972406503420077,-0.0025952226013430625,
2024-04-07 05:26:14.967000+00:00,9496.0,0.0,0.0,0.0,1.0,0.0,0.0,1.0,1232.0,3693.0,-3383.0,766.0,2,0.06972406503420077,-0.0025952226013430625,
2024-04-07 05:26:15.207000+00:00,9496.0,0.0,0.0,0.0,1.0,0.0,0.0,1.0,1232.0,3693.0,-3383.0,766.0,2,0.06972406503420077,-0.0025952226013430625,
2024-04-07 05:26:15.447000+00:00,9496.0,0.0,0.0,0.0,1.0,0.0,0.0,1.0,1232.0,3693.0,-3383.0,766.0,2,0.06972406503420077,-0.0025952226013430625,
2024-04-07 05:26:15.688000+00:00,9496.0,0.0,0.0,0.0,1.0,0.0,0.0,1.0,1232.0,3693.0,-3383.0,766.0,2,0.06972406503420077,-0.0025952226013430625,
2024-04-07 05:26:15.928000+00:00,9496.0,0.0,0.0,0.0,1.0,0.0,0.0,1.0,1232.0,3693.0,-3383.0,766.0,2,0.06972406503420077,-0.0025952226013430625,
2024-04-07 05:26:16.248000+00:00,9496.0,0.0,0.0,0.0,1.0,0.0,0.0,1.0,1232.0,3693.0,-3383.0,766.0,2,0.06972406503420077,-0.0025952226013430625,
2024-04-07 05:26:17.008000+00:00,9496.0,0.0,0.0,0.0,1.0,0.0,0.0,1.0,1232.0,3693.0,-3383.0,766.0,2,0.06972406503420077,-0.0025952226013430625,
2024-04-07 05:26:17.168000+00:00,9496.0,0.0,0.0,0.0,1.0,0.0,0.0,1.0,1232.0,3693.0,-3383.0,766.0,2,0.06972406503420077,-0.0025952226013430625,
2024-04-07 05:26:17.528000+00:00,9496.0,0.0,0.0,0.0,1.0,0.0,0.0,1.0,1232.0,3693.0,-3383.0,766.0,2,0.06972406503420077,-0.0025952226013430625,
2024-04-07 05:26:17.728000+00:00,9496.0,0.0,0.0,0.0,1.0,0.0,0.0,1.0,1232.0,3693.0,-3383.0,766.0,2,0.06972406503420077,-0.0025952226013430625,
2024-04-07 05:26:18.128000+00:00,9496.0,0.0,0.0,0.0,1.0,0.0,0.0,1.0,1232.0,3693.0,-3383.0,766.0,2,0.06972406503420077,-0.0025952226013430625,
2024-04-07 05:26:18.328000+00:00,9496.0,0.0,0.0,0.0,1.0,0.0,0.0,1.0,1232.0,3693.0,-3383.0,766.0,2,0.06972406503420077,-0.0025952226013430625,
2024-04-07 05:26:18.568000+00:00,9496.0,0.0,0.0,0.0,1.0,0.0,0.0,1.0,1232.0,3693.0,-3383.0,766.0,2,0.06972406503420077,-0.0025952226013430625,
2024-04-07 05:26:18.728000+00:00,9496.0,0.0,0.0,0.0,1.0,0.0,0.0,1.0,1232.0,3693.0,-3383.0,766.0,2,0.06972406503420077,-0.0025952226013430625,
2024-04-07 05:26:18.888000+00:00,9496.0,0.0,0.0,0.0,1.0,0.0,0.0,1.0,1232.0,3693.0,-3383.0,766.0,2,0.06972406503420077,-0.0025952226013430625,
2024-04-07 05:26:19.088000+00:00,9496.0,0.0,0.0,0.0,1.0,0.0,0.0,1.0,1232.0,3693.0,-3383.0,766.0,2,0.06972406503420077,-0.0025952226013430625,
2024-04-07 05:26:19.248000+00:00,9496.0,0.0,0.0,0.0,1.0,0.0,0.0,1.0,1232.0,3693.0,-3383.0,766.0,2,0.06972406503420077,-0.0025952226013430625,
2024-04-07 05:26:19.608000+00:00,9496.0,0.0,0.0,0.0,1.0,0.0,0.0,1.0,1232.0,3693.0,-3383.0,766.0,2,0.06972406503420077,-0.0025952226013430625,
2024-04-07 05:26:19.807000+00:00,9496.0,0.0,0.0,0.0,1.0,0.0,0.0,1.0,1232.0,3693.0,-3383.0,766.0,2,0.06972406503420077,-0.0025952226013430625,
2024-04-07 05:26:20.047000+00:00,9496.0,0.0,0.0,0.0,1.0,0.0,0.0,1.0,1232.0,3693.0,-3383.0,766.0,2,0.06972406503420077,-0.0025952226013430625,
2024-04-07 05:26:20.327000+00:00,9496.0,0.0,0.0,0.0,1.0,0.0,0.0,1.0,1232.0,3693.0,-3383.0,766.0,2,0.06972406503420077,-0.0025952226013430625,
2024-04-07 05:26:20.487000+00:00,9496.0,0.0,0.0,0.0,1.0,0.0,0.0,1.0,1232.0,3693.0,-3383.0,766.0,2,0.06972406503420077,-0.0025952226013430625,
2024-04-07 05:26:20.807000+00:00,9496.0,0.0,0.0,0.0,1.0,0.0,0.0,1.0,1232.0,3693.0,-3383.0,766.0,2,0.06972406503420077,-0.0025952226013430625,
2024-04-07 05:26:21.167000+00:00,9496.0,0.0,0.0,0.0,1.0,0.0,0.0,1.0,1232.0,3693.0,-3383.0,766.0,2,0.06972406503420077,-0.0025952226013430625,
2024-04-07 05:26:21.447000+00:00,9496.0,0.0,0.0,0.0,1.0,0.0,0.0,1.0,1232.0,3693.0,-3383.0,766.0,2,0.06972406503420077,-0.0025952226013430625,
2024-04-07 05:26:21.767000+00:00,9496.0,0.0,0.0,0.0,1.0,0.0,0.0,1.0,1232.0,3693.0,-3383.0,766.0,2,0.06972406503420077,-0.0025952226013430625,
2024-04-07 05:26:21.927000+00:00,9496.0,0.0,0.0,0.0,1.0,0.0,0.0,1.0,1232.0,3693.0,-3383.0,766.0,2,0.06972406503420077,-0.0025952226013430625,
2024-04-07 05:26:22.248000+00:00,9496.0,0.0,0.0,0.0,1.0,0.0,0.0,1.0,1232.0,3693.0,-3383.0,766.0,2,0.06972406503420077,-0.0025952226013430625,
2024-04-07 05:26:22.608000+00:00,9496.0,0.0,0.0,0.0,1.0,0.0,0.0,1.0,1232.0,3693.0,-3383.0,766.0,2,0.06972406503420077,-0.0025952226013430625,
2024-04-07 05:26:22.768000+00:00,9496.0,0.0,0.0,0.0,1.0,0.0,0.0,1.0,1232.0,3693.0,-3383.0,766.0,2,0.06972406503420077,-0.0025952226013430625,
2024-04-07 05:26:22.928000+00:00,9496.0,0.0,0.0,0.0,1.0,0.0,0.0,1.0,1232.0,3693.0,-3383.0,766.0,2,0.06972406503420077,-0.0025952226013430625,
2024-04-07 05:26:23.288000+00:00,9496.0,0.0,0.0,0.0,1.0,0.0,0.0,1.0,1232.0,3693.0,-3383.0,766.0,2,0.06972406503420077,-0.0025952226013430625,
2024-04-07 05:26:23.448000+00:00,9496.0,0.0,0.0,0.0,1.0,0.0,0.0,1.0,1232.0,3693.0,-3383.0,766.0,2,0.06972406503420077,-0.0025952226013430625,
2024-04-07 05:26:23.688000+00:00,9496.0,0.0,0.0,0.0,1.0,0.0,0.0,1.0,1232.0,3693.0,-3383.0,766.0,2,0.06972406503420077,-0.0025952226013430625,
2024-04-07 05:26:23.928000+00:00,9496.0,0.0,0.0,0.0,1.0,0.0,0.0,1.0,1232.0,3693.0,-3383.0,766.0,2,0.06972406503420077,-0.0025952226013430625,
2024-04-07 05:26:24.208000+00:00,9496.0,0.0,0.0,0.0,1.0,0.0,0.0,1.0,1232.0,3693.0,-3383.0,766.0,2,0.06972406503420077,-0.0025952226013430625,
2024-04-07 05:26:24.448000+00:00,9496.0,0.0,0.0,0.0,1.0,0.0,0.0,1.0,1232.0,3693.0,-3383.0,766.0,2,0.06972406503420077,-0.0025952226013430625,
2024-04-07 05:26:24.728000+00:00,9496.0,0.0,0.0,0.0,1.0,0.0,0.0,1.0,1232.0,3693.0,-3383.0,766.0,2,0.06972406503420077,-0.0025952226013430625,
2024-04-07 05:26:24.888000+00:00,9496.0,0.0,0.0,0.0,1.0,0.0,0.0,1.0,1232.0,3693.0,-3383.0,766.0,2,0.06972406503420077,-0.0025952226013430625,
2024-04-07 05:26:25.128000+00:00,9496.0,0.0,0.0,0.0,1.0,0.0,0.0,1.0,1232.0,3693.0,-3383.0,766.0,2,0.06972406503420077,-0.0025952226013430625,
2024-04-07 05:26:25.728000+00:00,9496.0,0.0,0.0,0.0,1.0,0.0,0.0,1.0,1232.0,3693.0,-3383.0,766.0,2,0.06972406503420077,-0.0025952226013430625,
2024-04-07 05:26:26.008000+00:00,9496.0,0.0,0.0,0.0,1.0,0.0,0.0,1.0,1232.0,3693.0,-3383.0,766.0,2,0.06972406503420077,-0.0025952226013430625,
2024-04-07 05:26:26.208000+00:00,9496.0,0.0,0.0,0.0,1.0,0.0,0.0,1.0,1232.0,3693.0,-3383.0,766.0,2,0.06972406503420077,-0.0025952226013430625,
2024-04-07 05:26:26.368000+00:00,9496.0,0.0,0.0,0.0,1.0,0.0,0.0,1.0,1232.0,3693.0,-3383.0,766.0,2,0.06972406503420077,-0.0025952226013430625,
2024-04-07 05:26:26.527000+00:00,9496.0,0.0,0.0,0.0,1.0,0.0,0.0,1.0,1232.0,3693.0,-3383.0,766.0,2,0.06972406503420077,-0.0025952226013430625,
2024-04-07 05:26:26.807000+00:00,9496.0,0.0,0.0,0.0,1.0,0.0,0.0,1.0,1232.0,3693.0,-3383.0,766.0,2,0.06972406503420077,-0.0025952226013430625,
2024-04-07 05:26:27.207000+00:00,9496.0,0.0,0.0,0.0,1.0,0.0,0.0,1.0,1232.0,3693.0,-3383.0,766.0,2,0.06972406503420077,-0.0025952226013430625,
2024-04-07 05:26:27.367000+00:00,9496.0,0.0,0.0,0.0,1.0,0.0,0.0,1.0,1232.0,3693.0,-3383.0,766.0,2,0.06972406503420077,-0.0025952226013430625,
2024-04-07 05:26:27.607000+00:00,9496.0,0.0,0.0,0.0,1.0,0.0,0.0,1.0,1232.0,3693.0,-3383.0,766.0,2,0.06972406503420077,-0.0025952226013430625,
2024-04-07 05:26:27.767000+00:00,9496.0,0.0,0.0,0.0,1.0,0.0,0.0,1.0,1232.0,3693.0,-3383.0,766.0,2,0.06972406503420077,-0.0025952226013430625,
2024-04-07 05:26:27.927000+00:00,9496.0,0.0,0.0,0.0,1.0,0.0,0.0,1.0,1232.0,3693.0,-3383.0,766.0,2,0.06972406503420077,-0.0025952226013430625,
2024-04-07 05:26:28.207000+00:00,9496.0,0.0,0.0,0.0,1.0,0.0,0.0,1.0,1232.0,3693.0,-3383.0,766.0,2,0.06972406503420077,-0.0025952226013430625,
2024-04-07 05:26:28.447000+00:00,9496.0,0.0,0.0,0.0,1.0,0.0,0.0,1.0,1232.0,3693.0,-3383.0,766.0,2,0.06972406503420077,-0.0025952226013430625,
2024-04-07 05:26:28.687000+00:00,9496.0,0.0,0.0,0.0,1.0,0.0,0.0,1.0,1232.0,3693.0,-3383.0,766.0,2,0.06972406503420077,-0.0025952226013430625,
2024-04-07 05:26:28.848000+00:00,9496.0,0.0,0.0,0.0,1.0,0.0,0.0,1.0,1232.0,3693.0,-3383.0,766.0,2,0.06972406503420078,-0.0025952226013430555,
2024-04-07 05:26:29.008000+00:00,9496.0,0.0,0.0,0.0,1.0,0.0,0.0,1.0,1232.0,3693.0,-3383.0,766.0,2,0.06972406503420078,-0.0025952226013430555,
2024-04-07 05:26:29.208000+00:00,9496.0,0.0,0.0,0.0,1.0,0.0,0.0,1.0,1232.0,3693.0,-3383.0,766.0,2,0.06972406503420078,-0.0025952226013430555,
2024-04-07 05:26:29.368000+00:00,9496.0,0.0,0.0,0.0,1.0,0.0,0.0,1.0,1232.0,3693.0,-3383.0,766.0,2,0.06972406503420078,-0.0025952226013430555,
2024-04-07 05:26:29.608000+00:00,9496.0,0.0,0.0,0.0,1.0,0.0,0.0,1.0,1232.0,3693.0,-3383.0,766.0,2,0.06972406503420078,-0.0025952226013430555,
2024-04-07 05:26:29.928000+00:00,9496.0,0.0,0.0,0.0,1.0,0.0,0.0,1.0,1232.0,3693.0,-3383.0,766.0,2,0.06972406503420078,-0.0025952226013430555,
2024-04-07 05:26:30.328000+00:00,9496.0,0.0,0.0,0.0,1.0,0.0,0.0,1.0,1232.0,3693.0,-3383.0,766.0,2,0.06972406503420078,-0.0025952226013430555,
2024-04-07 05:26:30.608000+00:00,9496.0,0.0,0.0,0.0,1.0,0.0,0.0,1.0,1232.0,3693.0,-3383.0,766.0,2,0.06972406503420078,-0.0025952226013430555,
2024-04-07 05:26:30.968000+00:00,9496.0,0.0,0.0,0.0,1.0,0.0,0.0,1.0,1232.0,3693.0,-3383.0,766.0,2,0.06972406503420078,-0.0025952226013430555,
2024-04-07 05:26:31.208000+00:00,9496.0,0.0,0.0,0.0,1.0,0.0,0.0,1.0,1232.0,3693.0,-3383.0,766.0,2,0.06972406503420078,-0.0025952226013430555,
2024-04-07 05:26:31.528000+00:00,9496.0,0.0,0.0,0.0,1.0,0.0,0.0,1.0,1232.0,3693.0,-3383.0,766.0,2,0.06972406503420078,-0.0025952226013430555,
2024-04-07 05:26:32.008000+00:00,9496.0,0.0,0.0,0.0,1.0,0.0,0.0,1.0,1232.0,3693.0,-3383.0,766.0,2,0.06972406503420078,-0.0025952226013430555,
2024-04-07 05:26:32.208000+00:00,9496.0,0.0,0.0,0.0,1.0,0.0,0.0,1.0,1232.0,3693.0,-3383.0,766.0,2,0.06972406503420078,-0.0025952226013430555,
2024-04-07 05:26:32.568000+00:00,9496.0,0.0,0.0,0.0,1.0,0.0,0.0,1.0,1232.0,3693.0,-3383.0,766.0,2,0.06972406503420078,-0.0025952226013430555,
2024-04-07 05:26:32.728000+00:00,9496.0,0.0,0.0,0.0,1.0,0.0,0.0,1.0,1232.0,3693.0,-3383.0,766.0,2,0.06972406503420078,-0.0025952226013430555,
2024-04-07 05:26:32.888000+00:00,9496.0,0.0,0.0,0.0,1.0,0.0,0.0,1.0,1232.0,3693.0,-3383.0,766.0,2,0.06972406503420078,-0.0025952226013430555,
2024-04-07 05:26:33.567000+00:00,9496.0,0.0,0.0,0.0,1.0,0.0,0.0,1.0,1232.0,3693.0,-3383.0,766.0,2,0.06972406503420078,-0.0025952226013430555,
2024-04-07 05:26:33.767000+00:00,9496.0,0.0,0.0,0.0,1.0,0.0,0.0,1.0,1232.0,3693.0,-3383.0,766.0,2,0.06972406503420078,-0.0025952226013430555,
2024-04-07 05:26:33.967000+00:00,9496.0,0.0,0.0,0.0,1.0,0.0,0.0,1.0,1232.0,3693.0,-3383.0,766.0,2,0.06972406503420078,-0.0025952226013430555,
2024-04-07 05:26:34.207000+00:00,9496.0,0.0,0.0,0.0,1.0,0.0,0.0,1.0,1232.0,3693.0,-3383.0,766.0,2,0.06972406503420078,-0.0025952226013430555,
2024-04-07 05:26:34.367000+00:00,9496.0,0.0,0.0,0.0,1.0,0.0,0.0,1.0,1232.0,3693.0,-3383.0,766.0,2,0.06972406503420078,-0.0025952226013430555,
2024-04-07 05:26:34.527000+00:00,9496.0,0.0,0.0,0.0,1.0,0.0,0.0,1.0,1232.0,3693.0,-3383.0,766.0,2,0.06972406503420078,-0.0025952226013430555,
2024-04-07 05:26:34.887000+00:00,9496.0,0.0,0.0,0.0,1.0,0.0,0.0,1.0,1232.0,3693.0,-3383.0,766.0,2,0.06972406503420078,-0.0025952226013430555,
2024-04-07 05:26:35.167000+00:00,9496.0,0.0,0.0,0.0,1.0,0.0,0.0,1.0,1232.0,3693.0,-3383.0,766.0,2,0.06972406503420078,-0.0025952226013430555,
2024-04-07 05:26:35.327000+00:00,9496.0,0.0,0.0,0.0,1.0,0.0,0.0,1.0,1232.0,3693.0,-3383.0,766.0,2,0.06972406503420078,-0.0025952226013430555,
2024-04-07 05:26:35.688000+00:00,9496.0,0.0,0.0,0.0,1.0,0.0,0.0,1.0,1232.0,3693.0,-3383.0,766.0,2,0.06972406503420078,-0.0025952226013430555,
2024-04-07 05:26:36.088000+00:00,9496.0,0.0,0.0,0.0,1.0,0.0,0.0,1.0,1232.0,3693.0,-3383.0,766.0,2,0.06972406503420078,-0.0025952226013430555,
2024-04-07 05:26:36.488000+00:00,9496.0,0.0,0.0,0.0,1.0,0.0,0.0,1.0,1232.0,3693.0,-3383.0,766.0,2,0.06972406503420078,-0.0025952226013430555,
2024-04-07 05:26:36.688000+00:00,9496.0,0.0,0.0,0.0,1.0,0.0,0.0,1.0,1232.0,3693.0,-3383.0,766.0,2,0.06972406503420078,-0.0025952226013430555,
2024-04-07 05:26:37.008000+00:00,9496.0,0.0,0.0,0.0,1.0,0.0,0.0,1.0,1232.0,3693.0,-3383.0,766.0,2,0.06972406503420078,-0.0025952226013430555,
2024-04-07 05:26:37.168000+00:00,9496.0,0.0,0.0,0.0,1.0,0.0,0.0,1.0,1232.0,3693.0,-3383.0,766.0,2,0.06972406503420078,-0.0025952226013430555,
2024-04-07 05:26:37.568000+00:00,9496.0,0.0,0.0,0.0,1.0,0.0,0.0,1.0,1232.0,3693.0,-3383.0,766.0,2,0.06972406503420078,-0.0025952226013430555,
2024-04-07 05:26:37.848000+00:00,9496.0,0.0,0.0,0.0,1.0,0.0,0.0,1.0,1232.0,3693.0,-3383.0,766.0,2,0.06972406503420078,-0.0025952226013430555,
2024-04-07 05:26:38.088000+00:00,9496.0,0.0,0.0,0.0,1.0,0.0,0.0,1.0,1232.0,3693.0,-3383.0,766.0,2,0.06972406503420078,-0.0025952226013430555,
2024-04-07 05:26:38.328000+00:00,9496.0,0.0,0.0,0.0,1.0,0.0,0.0,1.0,1232.0,3693.0,-3383.0,766.0,2,0.06972406503420078,-0.0025952226013430555,
2024-04-07 05:26:38.568000+00:00,9496.0,0.0,0.0,0.0,1.0,0.0,0.0,1.0,1232.0,3693.0,-3383.0,766.0,2,0.06972406503420078,-0.0025952226013430555,
2024-04-07 05:26:38.728000+00:00,9496.0,0.0,0.0,0.0,1.0,0.0,0.0,1.0,1232.0,3693.0,-3383.0,766.0,2,0.06972406503420078,-0.0025952226013430555,
2024-04-07 05:26:38.928000+00:00,9496.0,0.0,100.0,0.0,1.0,0.0,0.0,1.0,1232.0,3693.0,-3383.0,766.0,2,-0.929985976745826,-0.03320981326734571,
2024-04-07 05:26:39.088000+00:00,9496.0,0.0,100.0,0.0,1.0,0.0,0.0,1.0,1232.0,3693.0,-3383.0,766.0,2,-0.9299859806604927,-0.03320969622828543,
2024-04-07 05:26:39.288000+00:00,9496.0,0.0,100.0,0.0,1.0,0.0,0.0,1.0,1232.0,3693.0,-3383.0,766.0,2,-0.9299859692127938,-0.033210038485048325,
2024-04-07 05:26:39.528000+00:00,9496.0,0.0,100.0,0.0,1.0,0.0,0.0,1.0,1232.0,3693.0,-3383.0,766.0,2,-0.9299859719936283,-0.0332099553454954,
2024-04-07 05:26:39.688000+00:00,9496.0,0.0,100.0,0.0,1.0,0.0,0.0,1.0,1232.0,3693.0,-3383.0,766.0,2,-0.9299859692132046,-0.033210038472766414,
2024-04-07 05:26:39.887000+00:00,9496.0,0.0,100.0,0.0,1.0,0.0,0.0,1.0,1232.0,3693.0,-3383.0,766.0,2,-0.9299859764909804,-0.03320982088641968,
2024-04-07 05:26:40.087000+00:00,9496.0,0.0,100.0,0.0,1.0,0.0,0.0,1.0,1232.0,3693.0,-3383.0,766.0,2,-0.9299859789687854,-0.03320974680637513,
2024-04-07 05:26:40.487000+00:00,9496.0,0.0,100.0,0.0,1.0,0.0,0.0,1.0,1232.0,3693.0,-3383.0,766.0,2,-0.9299859719973124,-0.033209955235373054,
2024-04-07 05:26:40.687000+00:00,9496.0,0.0,100.0,0.0,1.0,0.0,0.0,1.0,1232.0,3693.0,-3383.0,766.0,2,-0.9299859737303485,-0.033209903422459525,
2024-04-07 05:26:40.967000+00:00,9496.0,0.0,100.0,0.0,1.0,0.0,0.0,1.0,1232.0,3693.0,-3383.0,766.0,2,-0.9299859559831534,-0.03321043401179066,
2024-04-07 05:26:41.167000+00:00,9496.0,0.0,100.0,0.0,1.0,0.0,0.0,1.0,1232.0,3693.0,-3383.0,766.0,2,-0.9299859829329382,-0.033209628287653795,
2024-04-07 05:26:41.487000+00:00,9496.0,0.0,100.0,0.0,1.0,0.0,0.0,1.0,1232.0,3693.0,-3383.0,766.0,2,-0.9299859720327949,-0.03320995417457639,
2024-04-07 05:26:41.687000+00:00,9496.0,0.0,100.0,0.0,1.0,0.0,0.0,1.0,1232.0,3693.0,-3383.0,766.0,2,-0.9299859631882272,-0.033210218602204696,
2024-04-07 05:26:41.887000+00:00,9496.0,0.0,0.0,0.0,1.0,0.0,0.0,1.0,1232.0,3693.0,-3383.0,766.0,2,0.06972406503420077,-0.0025952226013430625,
2024-04-07 05:26:42.528000+00:00,9496.0,0.0,0.0,0.0,1.0,0.0,0.0,1.0,1232.0,3693.0,-3383.0,766.0,2,0.06972406503420077,-0.0025952226013430625,
2024-04-07 05:26:42.808000+00:00,9496.0,0.0,0.0,0.0,1.0,0.0,0.0,1.0,1232.0,3693.0,-3383.0,766.0,2,0.06972406503420077,-0.0025952226013430625,
2024-04-07 05:26:43.048000+00:00,9496.0,0.0,0.0,0.0,1.0,0.0,0.0,1.0,1232.0,3693.0,-3383.0,766.0,2,0.06972406503420077,-0.0025952226013430625,
2024-04-07 05:26:43.248000+00:00,9496.0,0.0,0.0,0.0,1.0,0.0,0.0,1.0,1232.0,3693.0,-3383.0,766.0,2,0.06972406503420077,-0.0025952226013430625,
2024-04-07 05:26:43.608000+00:00,9496.0,0.0,0.0,0.0,1.0,0.0,0.0,1.0,1232.0,3693.0,-3383.0,766.0,2,0.06972406503420077,-0.0025952226013430625,
2024-04-07 05:26:43.968000+00:00,9496.0,0.0,0.0,0.0,1.0,0.0,0.0,1.0,1232.0,3693.0,-3383.0,766.0,2,0.06972406503420077,-0.0025952226013430625,
2024-04-07 05:26:44.128000+00:00,9496.0,0.0,0.0,0.0,1.0,0.0,0.0,1.0,1232.0,3693.0,-3383.0,766.0,2,0.06972406503420077,-0.0025952226013430625,
2024-04-07 05:26:44.448000+00:00,9496.0,0.0,0.0,0.0,1.0,0.0,0.0,1.0,1232.0,3693.0,-3383.0,766.0,2,0.06972406503420077,-0.0025952226013430625,
2024-04-07 05:26:44.608000+00:00,9496.0,0.0,0.0,0.0,1.0,0.0,0.0,1.0,1232.0,3693.0,-3383.0,766.0,2,0.06972406503420077,-0.0025952226013430625,
2024-04-07 05:26:44.888000+00:00,9496.0,0.0,0.0,0.0,1.0,0.0,0.0,1.0,1232.0,3693.0,-3383.0,766.0,2,0.06972406503420077,-0.0025952226013430625,
2024-04-07 05:26:45.328000+00:00,9496.0,0.0,0.0,0.0,1.0,0.0,0.0,1.0,1232.0,3693.0,-3383.0,766.0,2,0.06972406503420077,-0.0025952226013430625,
2024-04-07 05:26:45.568000+00:00,9496.0,0.0,0.0,0.0,1.0,0.0,0.0,1.0,1232.0,3693.0,-3383.0,766.0,2,0.06972406503420077,-0.0025952226013430625,
2024-04-07 05:26:45.888000+00:00,9496.0,0.0,0.0,0.0,1.0,0.0,0.0,1.0,1232.0,3693.0,-3383.0,766.0,2,0.06972406503420077,-0.0025952226013430625,
2024-04-07 05:26:46.048000+00:00,9496.0,0.0,0.0,0.0,1.0,0.0,0.0,1.0,1232.0,3693.0,-3383.0,766.0,2,0.06972406503420077,-0.0025952226013430625,
2024-04-07 05:26:46.288000+00:00,9496.0,0.0,0.0,0.0,1.0,0.0,0.0,1.0,1232.0,3693.0,-3383.0,766.0,2,0.06972406503420077,-0.0025952226013430625,
2024-04-07 05:26:46.448000+00:00,9496.0,0.0,0.0,0.0,1.0,0.0,0.0,1.0,1232.0,3693.0,-3383.0,766.0,2,0.06972406503420077,-0.0025952226013430625,
2024-04-07 05:26:46.647000+00:00,9496.0,0.0,0.0,0.0,1.0,0.0,0.0,1.0,1232.0,3693.0,-3383.0,766.0,2,0.06972406503420077,-0.0025952226013430625,
2024-04-07 05:26:46.847000+00:00,9496.0,0.0,0.0,0.0,1.0,0.0,0.0,1.0,1232.0,3693.0,-3383.0,766.0,2,0.06972406503420077,-0.0025952226013430625,
2024-04-07 05:26:47.127000+00:00,9496.0,0.0,0.0,0.0,1.0,0.0,0.0,1.0,1232.0,3693.0,-3383.0,766.0,2,0.06972406503420077,-0.0025952226013430625,
2024-04-07 05:26:47.367000+00:00,9496.0,0.0,0.0,0.0,1.0,0.0,0.0,1.0,1232.0,3693.0,-3383.0,766.0,2,0.06972406503420077,-0.0025952226013430625,
2024-04-07 05:26:47.727000+00:00,9496.0,0.0,0.0,0.0,1.0,0.0,0.0,1.0,1232.0,3693.0,-3383.0,766.0,2,0.06972406503420077,-0.0025952226013430625,
2024-04-07 05:26:48.007000+00:00,9496.0,0.0,0.0,0.0,1.0,0.0,0.0,1.0,1232.0,3693.0,-3383.0,766.0,2,0.06972406503420077,-0.0025952226013430625,
2024-04-07 05:26:48.167000+00:00,9496.0,0.0,0.0,0.0,1.0,0.0,0.0,1.0,1232.0,3693.0,-3383.0,766.0,2,0.06972406503420077,-0.0025952226013430625,
2024-04-07 05:26:48.367000+00:00,9496.0,0.0,0.0,0.0,1.0,0.0,0.0,1.0,1232.0,3693.0,-3383.0,766.0,2,0.06972406503420077,-0.0025952226013430625,
2024-04-07 05:26:48.648000+00:00,9496.0,0.0,0.0,0.0,1.0,0.0,0.0,1.0,1232.0,3693.0,-3383.0,766.0,2,0.06972406503420077,-0.0025952226013430625,
2024-04-07 05:26:48.928000+00:00,9496.0,0.0,0.0,0.0,1.0,0.0,0.0,1.0,1232.0,3693.0,-3383.0,766.0,2,0.06972406503420077,-0.0025952226013430625,
2024-04-07 05:26:49.248000+00:00,9496.0,0.0,0.0,0.0,1.0,0.0,0.0,1.0,1232.0,3693.0,-3383.0,766.0,2,0.06972406503420077,-0.0025952226013430625,
2024-04-07 05:26:49.488000+00:00,9496.0,0.0,0.0,0.0,1.0,0.0,0.0,1.0,1232.0,3693.0,-3383.0,766.0,2,0.06972406503420077,-0.0025952226013430625,
2024-04-07 05:26:49.648000+00:00,9496.0,0.0,0.0,0.0,1.0,0.0,0.0,1.0,1232.0,3693.0,-3383.0,766.0,2,0.06972406503420077,-0.0025952226013430625,
2024-04-07 05:26:49.848000+00:00,9496.0,0.0,0.0,0.0,1.0,0.0,0.0,1.0,1232.0,3693.0,-3383.0,766.0,2,0.06972406503420077,-0.0025952226013430625,
2024-04-07 05:26:50.048000+00:00,9496.0,0.0,0.0,0.0,1.0,0.0,0.0,1.0,1232.0,3693.0,-3383.0,766.0,2,0.06972406503420077,-0.0025952226013430625,
2024-04-07 05:26:50.448000+00:00,9496.0,0.0,0.0,0.0,1.0,0.0,0.0,1.0,1232.0,3693.0,-3383.0,766.0,2,0.06972406503420077,-0.0025952226013430625,
2024-04-07 05:26:50.888000+00:00,9496.0,0.0,0.0,0.0,1.0,0.0,0.0,1.0,1232.0,3693.0,-3383.0,766.0,2,0.06972406503420077,-0.0025952226013430625,
2024-04-07 05:26:51.048000+00:00,9496.0,0.0,0.0,0.0,1.0,0.0,0.0,1.0,1232.0,3693.0,-3383.0,766.0,2,0.06972406503420077,-0.0025952226013430625,
2024-04-07 05:26:51.328000+00:00,9496.0,0.0,0.0,0.0,1.0,0.0,0.0,1.0,1232.0,3693.0,-3383.0,766.0,2,0.06972406503420077,-0.0025952226013430625,
2024-04-07 05:26:51.488000+00:00,9496.0,0.0,0.0,0.0,1.0,0.0,0.0,1.0,1232.0,3693.0,-3383.0,766.0,2,0.06972406503420077,-0.0025952226013430625,
2024-04-07 05:26:51.648000+00:00,9496.0,0.0,0.0,0.0,1.0,0.0,0.0,1.0,1232.0,3693.0,-3383.0,766.0,2,0.06972406503420077,-0.0025952226013430625,
2024-04-07 05:26:51.968000+00:00,9496.0,0.0,0.0,0.0,1.0,0.0,0.0,1.0,1232.0,3693.0,-3383.0,766.0,2,0.06972406503420077,-0.0025952226013430625,
2024-04-07 05:26:52.168000+00:00,9496.0,0.0,0.0,0.0,1.0,0.0,0.0,1.0,1232.0,3693.0,-3383.0,766.0,2,0.06972406503420077,-0.0025952226013430625,
2024-04-07 05:26:52.368000+00:00,9496.0,0.0,0.0,0.0,1.0,0.0,0.0,1.0,1232.0,3693.0,-3383.0,766.0,2,0.06972406503420077,-0.0025952226013430625,
2024-04-07 05:26:52.528000+00:00,9496.0,0.0,0.0,0.0,1.0,0.0,0.0,1.0,1232.0,3693.0,-3383.0,766.0,2,0.06972406503420077,-0.0025952226013430625,
2024-04-07 05:26:52.968000+00:00,9496.0,0.0,0.0,0.0,1.0,0.0,0.0,1.0,1232.0,3693.0,-3383.0,766.0,2,0.06972406503420077,-0.0025952226013430625,
2024-04-07 05:26:53.208000+00:00,9496.0,0.0,0.0,0.0,1.0,0.0,0.0,1.0,1232.0,3693.0,-3383.0,766.0,2,0.06972406503420077,-0.0025952226013430625,
2024-04-07 05:26:53.407000+00:00,9496.0,0.0,0.0,0.0,1.0,0.0,0.0,1.0,1232.0,3693.0,-3383.0,766.0,2,0.06972406503420077,-0.0025952226013430625,
2024-04-07 05:26:53.567000+00:00,9496.0,0.0,0.0,0.0,1.0,0.0,0.0,1.0,1232.0,3693.0,-3383.0,766.0,2,0.06972406503420077,-0.0025952226013430625,
2024-04-07 05:26:53.727000+00:00,9496.0,0.0,0.0,0.0,1.0,0.0,0.0,1.0,1232.0,3693.0,-3383.0,766.0,2,0.06972406503420077,-0.0025952226013430625,
2024-04-07 05:26:54.167000+00:00,9496.0,0.0,0.0,0.0,1.0,0.0,0.0,1.0,1232.0,3693.0,-3383.0,766.0,2,0.06972406503420077,-0.0025952226013430625,
2024-04-07 05:26:54.567000+00:00,9496.0,0.0,0.0,0.0,1.0,0.0,0.0,1.0,1232.0,3693.0,-3383.0,766.0,2,0.06972406503420077,-0.0025952226013430625,
2024-04-07 05:26:54.727000+00:00,9496.0,0.0,0.0,0.0,1.0,0.0,0.0,1.0,1232.0,3693.0,-3383.0,766.0,2,0.06972406503420077,-0.0025952226013430625,
2024-04-07 05:26:54.887000+00:00,9496.0,0.0,0.0,0.0,1.0,0.0,0.0,1.0,1232.0,3693.0,-3383.0,766.0,2,0.06972406503420077,-0.0025952226013430625,
2024-04-07 05:26:55.168000+00:00,9496.0,0.0,0.0,0.0,1.0,0.0,0.0,1.0,1232.0,3693.0,-3383.0,766.0,2,0.06972406503420077,-0.0025952226013430625,
2024-04-07 05:26:55.328000+00:00,9496.0,0.0,0.0,0.0,1.0,0.0,0.0,1.0,1232.0,3693.0,-3383.0,766.0,2,0.06972406503420077,-0.0025952226013430625,
2024-04-07 05:26:55.728000+00:00,9496.0,0.0,0.0,0.0,1.0,0.0,0.0,1.0,1232.0,3693.0,-3383.0,766.0,2,0.06972406503420077,-0.0025952226013430625,
2024-04-07 05:26:56.008000+00:00,9496.0,0.0,0.0,0.0,1.0,0.0,0.0,1.0,1232.0,3693.0,-3383.0,766.0,2,0.06972406503420077,-0.0025952226013430625,
2024-04-07 05:26:56.168000+00:00,9496.0,0.0,0.0,0.0,1.0,0.0,0.0,1.0,1232.0,3693.0,-3383.0,766.0,2,0.06972406503420077,-0.0025952226013430625,
2024-04-07 05:26:56.368000+00:00,9496.0,0.0,0.0,0.0,1.0,0.0,0.0,1.0,1232.0,3693.0,-3383.0,766.0,2,0.06972406503420077,-0.0025952226013430625,
2024-04-07 05:26:56.528000+00:00,9496.0,0.0,0.0,0.0,1.0,0.0,0.0,1.0,1232.0,3693.0,-3383.0,766.0,2,0.06972406503420077,-0.0025952226013430625,
2024-04-07 05:26:56.808000+00:00,9496.0,0.0,0.0,0.0,1.0,0.0,0.0,1.0,1232.0,3693.0,-3383.0,766.0,2,0.06972406503420077,-0.0025952226013430625,
2024-04-07 05:26:57.008000+00:00,9496.0,0.0,0.0,0.0,1.0,0.0,0.0,1.0,1232.0,3693.0,-3383.0,766.0,2,0.06972406503420077,-0.0025952226013430625,
2024-04-07 05:26:57.288000+00:00,9496.0,0.0,0.0,0.0,1.0,0.0,0.0,1.0,1232.0,3693.0,-3383.0,766.0,2,0.06972406503420077,-0.0025952226013430625,
2024-04-07 05:26:57.528000+00:00,9496.0,0.0,0.0,0.0,1.0,0.0,0.0,1.0,1232.0,3693.0,-3383.0,766.0,2,0.06972406503420077,-0.0025952226013430625,
2024-04-07 05:26:57.888000+00:00,9496.0,0.0,0.0,0.0,1.0,0.0,0.0,1.0,1232.0,3693.0,-3383.0,766.0,2,0.06972406503420077,-0.0025952226013430625,
2024-04-07 05:26:58.088000+00:00,9496.0,0.0,0.0,0.0,1.0,0.0,0.0,1.0,1232.0,3693.0,-3383.0,766.0,2,0.06972406503420077,-0.0025952226013430625,
2024-04-07 05:26:58.528000+00:00,9496.0,0.0,0.0,0.0,1.0,0.0,0.0,1.0,1232.0,3693.0,-3383.0,766.0,2,0.06972406503420077,-0.0025952226013430625,
2024-04-07 05:26:58.848000+00:00,9496.0,0.0,0.0,0.0,1.0,0.0,0.0,1.0,1232.0,3693.0,-3383.0,766.0,2,0.06972406503420077,-0.0025952226013430625,
2024-04-07 05:26:59.048000+00:00,9496.0,0.0,0.0,0.0,1.0,0.0,0.0,1.0,1232.0,3693.0,-3383.0,766.0,2,0.06972406503420077,-0.0025952226013430625,
2024-04-07 05:26:59.368000+00:00,9496.0,0.0,0.0,0.0,1.0,0.0,0.0,1.0,1232.0,3693.0,-3383.0,766.0,2,0.06972406503420077,-0.0025952226013430625,
2024-04-07 05:26:59.728000+00:00,9496.0,0.0,0.0,0.0,1.0,0.0,0.0,1.0,1232.0,3693.0,-3383.0,766.0,2,0.06972406503420077,-0.0025952226013430625,
2024-04-07 05:26:59.968000+00:00,9496.0,0.0,0.0,0.0,1.0,0.0,0.0,1.0,1232.0,3693.0,-3383.0,766.0,2,0.06972406503420077,-0.0025952226013430625,
2024-04-07 05:27:01.087000+00:00,9496.0,0.0,0.0,0.0,1.0,0.0,0.0,1.0,1232.0,3693.0,-3383.0,766.0,2,0.06972406503420077,-0.0025952226013430625,
2024-04-07 05:27:01.247000+00:00,9496.0,0.0,0.0,0.0,1.0,0.0,0.0,1.0,1232.0,3693.0,-3383.0,766.0,2,0.06972406503420077,-0.0025952226013430625,
2024-04-07 05:27:01.607000+00:00,9496.0,0.0,0.0,0.0,1.0,0.0,0.0,1.0,1232.0,3693.0,-3383.0,766.0,2,0.06972406503420077,-0.0025952226013430625,
2024-04-07 05:27:01.848000+00:00,9496.0,0.0,0.0,0.0,1.0,0.0,0.0,1.0,1232.0,3693.0,-3383.0,766.0,2,0.06972406503420077,-0.0025952226013430625,
2024-04-07 05:27:02.008000+00:00,9496.0,0.0,0.0,0.0,1.0,0.0,0.0,1.0,1232.0,3693.0,-3383.0,766.0,2,0.06972406503420077,-0.0025952226013430625,
2024-04-07 05:27:02.328000+00:00,9496.0,0.0,0.0,0.0,1.0,0.0,0.0,1.0,1232.0,3693.0,-3383.0,766.0,2,0.06972406503420077,-0.0025952226013430625,
2024-04-07 05:27:02.608000+00:00,9496.0,0.0,0.0,0.0,1.0,0.0,0.0,1.0,1232.0,3693.0,-3383.0,766.0,2,0.06972406503420077,-0.0025952226013430625,
2024-04-07 05:27:02.768000+00:00,9496.0,0.0,0.0,0.0,1.0,0.0,0.0,1.0,1232.0,3693.0,-3383.0,766.0,2,0.06972406503420077,-0.0025952226013430625,
2024-04-07 05:27:03.048000+00:00,9496.0,0.0,0.0,0.0,1.0,0.0,0.0,1.0,1232.0,3693.0,-3383.0,766.0,2,0.06972406503420077,-0.0025952226013430625,
2024-04-07 05:27:03.408000+00:00,9496.0,0.0,0.0,0.0,1.0,0.0,0.0,1.0,1232.0,3693.0,-3383.0,766.0,2,0.06972406503420077,-0.0025952226013430625,
2024-04-07 05:27:03.608000+00:00,9496.0,0.0,0.0,0.0,1.0,0.0,0.0,1.0,1232.0,3693.0,-3383.0,766.0,2,0.06972406503420077,-0.0025952226013430625,
2024-04-07 05:27:03.848000+00:00,9496.0,0.0,0.0,0.0,1.0,0.0,0.0,1.0,1232.0,3693.0,-3383.0,766.0,2,0.06972406503420077,-0.0025952226013430625,
2024-04-07 05:27:04.208000+00:00,9496.0,0.0,0.0,0.0,1.0,0.0,0.0,1.0,1232.0,3693.0,-3383.0,766.0,2,0.06972406503420077,-0.0025952226013430625,
2024-04-07 05:27:04.448000+00:00,9496.0,0.0,0.0,0.0,1.0,0.0,0.0,1.0,1232.0,3693.0,-3383.0,766.0,2,0.06972406503420077,-0.0025952226013430625,
2024-04-07 05:27:04.608000+00:00,9496.0,0.0,0.0,0.0,1.0,0.0,0.0,1.0,1232.0,3693.0,-3383.0,766.0,2,0.06972406503420077,-0.0025952226013430625,
2024-04-07 05:27:04.768000+00:00,9496.0,0.0,0.0,0.0,1.0,0.0,0.0,1.0,1232.0,3693.0,-3383.0,766.0,2,0.06972406503420077,-0.0025952226013430625,
2024-04-07 05:27:05.048000+00:00,9496.0,0.0,0.0,0.0,1.0,0.0,0.0,1.0,1232.0,3693.0,-3383.0,766.0,2,0.06972406503420077,-0.0025952226013430625,
2024-04-07 05:27:05.288000+00:00,9496.0,0.0,0.0,0.0,1.0,0.0,0.0,1.0,1232.0,3693.0,-3383.0,766.0,2,0.06972406503420077,-0.0025952226013430625,
2024-04-07 05:27:05.688000+00:00,9496.0,0.0,0.0,0.0,1.0,0.0,0.0,1.0,1232.0,3693.0,-3383.0,766.0,2,0.06972406503420077,-0.0025952226013430625,
2024-04-07 05:27:05.848000+00:00,9496.0,0.0,0.0,0.0,1.0,0.0,0.0,1.0,1232.0,3693.0,-3383.0,766.0,2,0.06972406503420077,-0.0025952226013430625,
2024-04-07 05:27:06.208000+00:00,9496.0,0.0,0.0,0.0,1.0,0.0,0.0,1.0,1232.0,3693.0,-3383.0,766.0,2,0.06972406503420077,-0.0025952226013430625,
2024-04-07 05:27:06.528000+00:00,9496.0,0.0,0.0,0.0,1.0,0.0,0.0,1.0,1232.0,3693.0,-3383.0,766.0,2,0.06972406503420077,-0.0025952226013430625,
2024-04-07 05:27:06.847000+00:00,9496.0,0.0,0.0,0.0,1.0,0.0,0.0,1.0,1232.0,3693.0,-3383.0,766.0,2,0.06972406503420077,-0.0025952226013430625,
2024-04-07 05:27:07.087000+00:00,9496.0,0.0,0.0,0.0,1.0,0.0,0.0,1.0,1232.0,3693.0,-3383.0,766.0,2,0.06972406503420077,-0.0025952226013430625,
2024-04-07 05:27:07.327000+00:00,9496.0,0.0,0.0,0.0,1.0,0.0,0.0,1.0,1232.0,3693.0,-3383.0,766.0,2,0.06972406503420077,-0.0025952226013430625,
2024-04-07 05:27:07.807000+00:00,9496.0,0.0,0.0,0.0,1.0,0.0,0.0,1.0,1232.0,3693.0,-3383.0,766.0,2,0.06972406503420077,-0.0025952226013430625,
2024-04-07 05:27:08.167000+00:00,9496.0,0.0,0.0,0.0,1.0,0.0,0.0,1.0,1232.0,3693.0,-3383.0,766.0,2,0.06972406503420077,-0.0025952226013430625,
2024-04-07 05:27:08.368000+00:00,9496.0,0.0,0.0,0.0,1.0,0.0,0.0,1.0,1232.0,3693.0,-3383.0,766.0,2,0.06972406503420077,-0.0025952226013430625,
2024-04-07 05:27:08.728000+00:00,9496.0,0.0,0.0,0.0,1.0,0.0,0.0,1.0,1232.0,3693.0,-3383.0,766.0,2,0.06972406503420077,-0.0025952226013430625,
2024-04-07 05:27:08.928000+00:00,9496.0,0.0,0.0,0.0,1.0,0.0,0.0,1.0,1232.0,3693.0,-3383.0,766.0,2,0.06972406503420077,-0.0025952226013430625,
2024-04-07 05:27:09.248000+00:00,9496.0,0.0,0.0,0.0,1.0,0.0,0.0,1.0,1232.0,3693.0,-3383.0,766.0,2,0.06972406503420077,-0.0025952226013430625,
2024-04-07 05:27:09.608000+00:00,9496.0,0.0,0.0,0.0,1.0,0.0,0.0,1.0,1232.0,3693.0,-3383.0,766.0,2,0.06972406503420077,-0.0025952226013430625,
2024-04-07 05:27:09.848000+00:00,9496.0,0.0,0.0,0.0,1.0,0.0,0.0,1.0,1232.0,3693.0,-3383.0,766.0,2,0.06972406503420077,-0.0025952226013430625,
2024-04-07 05:27:10.288000+00:00,9496.0,0.0,0.0,0.0,1.0,0.0,0.0,1.0,1232.0,3693.0,-3383.0,766.0,2,0.06972406503420077,-0.0025952226013430625,
2024-04-07 05:27:10.448000+00:00,9496.0,0.0,0.0,0.0,1.0,0.0,0.0,1.0,1232.0,3693.0,-3383.0,766.0,2,0.06972406503420077,-0.0025952226013430625,
2024-04-07 05:27:10.768000+00:00,9496.0,0.0,0.0,0.0,1.0,0.0,0.0,1.0,1232.0,3693.0,-3383.0,766.0,2,0.06972406503420077,-0.0025952226013430625,
2024-04-07 05:27:11.008000+00:00,9496.0,0.0,0.0,0.0,1.0,0.0,0.0,1.0,1232.0,3693.0,-3383.0,766.0,2,0.06972406503420077,-0.0025952226013430625,
2024-04-07 05:27:11.288000+00:00,9496.0,0.0,0.0,0.0,1.0,0.0,0.0,1.0,1232.0,3693.0,-3383.0,766.0,2,0.06972406503420077,-0.0025952226013430625,
2024-04-07 05:27:11.448000+00:00,9496.0,0.0,0.0,0.0,1.0,0.0,0.0,1.0,1232.0,3693.0,-3383.0,766.0,2,0.06972406503420077,-0.0025952226013430625,
2024-04-07 05:27:12.008000+00:00,9496.0,0.0,0.0,0.0,1.0,0.0,0.0,1.0,1232.0,3693.0,-3383.0,766.0,2,0.06972406503420077,-0.0025952226013430625,
2024-04-07 05:27:12.168000+00:00,9496.0,0.0,0.0,0.0,1.0,0.0,0.0,1.0,1232.0,3693.0,-3383.0,766.0,2,0.06972406503420077,-0.0025952226013430625,
2024-04-07 05:27:12.488000+00:00,9496.0,0.0,0.0,0.0,1.0,0.0,0.0,1.0,1232.0,3693.0,-3383.0,766.0,2,0.06972406503420077,-0.0025952226013430625,
2024-04-07 05:27:12.728000+00:00,9496.0,0.0,0.0,0.0,1.0,0.0,0.0,1.0,1232.0,3693.0,-3383.0,766.0,2,0.06972406503420077,-0.0025952226013430625,
2024-04-07 05:27:13.088000+00:00,9496.0,0.0,0.0,0.0,1.0,0.0,0.0,1.0,1232.0,3693.0,-3383.0,766.0,2,0.06972406503420077,-0.0025952226013430625,
2024-04-07 05:27:13.368000+00:00,9496.0,0.0,0.0,0.0,1.0,0.0,0.0,1.0,1232.0,3693.0,-3383.0,766.0,2,0.06972406503420077,-0.0025952226013430625,
2024-04-07 05:27:13.567000+00:00,9496.0,0.0,0.0,0.0,1.0,0.0,0.0,1.0,1232.0,3693.0,-3383.0,766.0,2,0.06972406503420077,-0.0025952226013430625,
2024-04-07 05:27:13.767000+00:00,9496.0,0.0,0.0,0.0,1.0,0.0,0.0,1.0,1232.0,3693.0,-3383.0,766.0,2,0.06972406503420077,-0.0025952226013430625,
2024-04-07 05:27:14.167000+00:00,9496.0,0.0,0.0,0.0,1.0,0.0,0.0,1.0,1232.0,3693.0,-3383.0,766.0,2,0.06972406503420077,-0.0025952226013430625,
2024-04-07 05:27:14.367000+00:00,9496.0,0.0,0.0,0.0,1.0,0.0,0.0,1.0,1232.0,3693.0,-3383.0,766.0,2,0.06972406503420077,-0.0025952226013430625,
2024-04-07 05:27:14.567000+00:00,9496.0,0.0,0.0,0.0,1.0,0.0,0.0,1.0,1232.0,3693.0,-3383.0,766.0,2,0.06972406503420077,-0.0025952226013430625,
2024-04-07 05:27:14.848000+00:00,9496.0,0.0,0.0,0.0,1.0,0.0,0.0,1.0,1232.0,3693.0,-3383.0,766.0,2,0.06972406503420077,-0.0025952226013430625,
2024-04-07 05:27:15.048000+00:00,9496.0,0.0,0.0,0.0,1.0,0.0,0.0,1.0,1232.0,3693.0,-3383.0,766.0,2,0.06972406503420077,-0.0025952226013430625,
2024-04-07 05:27:15.248000+00:00,9496.0,0.0,0.0,0.0,1.0,0.0,0.0,1.0,1232.0,3693.0,-3383.0,766.0,2,0.06972406503420077,-0.0025952226013430625,
2024-04-07 05:27:15.488000+00:00,9496.0,0.0,0.0,0.0,1.0,0.0,0.0,1.0,1232.0,3693.0,-3383.0,766.0,2,0.06972406503420077,-0.0025952226013430625,
2024-04-07 05:27:15.768000+00:00,9496.0,0.0,0.0,0.0,1.0,0.0,0.0,1.0,1232.0,3693.0,-3383.0,766.0,2,0.06972406503420077,-0.0025952226013430625,
2024-04-07 05:27:16.048000+00:00,9496.0,0.0,0.0,0.0,1.0,0.0,0.0,1.0,1232.0,3693.0,-3383.0,766.0,2,0.06972406503420077,-0.0025952226013430625,
2024-04-07 05:27:16.368000+00:00,9496.0,0.0,0.0,0.0,1.0,0.0,0.0,1.0,1232.0,3693.0,-3383.0,766.0,2,0.06972406503420077,-0.0025952226013430625,
2024-04-07 05:27:16.608000+00:00,9496.0,0.0,0.0,0.0,1.0,0.0,0.0,1.0,1232.0,3693.0,-3383.0,766.0,2,0.06972406503420077,-0.0025952226013430625,
2024-04-07 05:27:16.848000+00:00,9496.0,0.0,0.0,0.0,1.0,0.0,0.0,1.0,1232.0,3693.0,-3383.0,766.0,2,0.06972406503420077,-0.0025952226013430625,
2024-04-07 05:27:17.168000+00:00,9496.0,0.0,0.0,0.0,1.0,0.0,0.0,1.0,1232.0,3693.0,-3383.0,766.0,2,0.06972406503420077,-0.0025952226013430625,
2024-04-07 05:27:17.448000+00:00,9496.0,0.0,0.0,0.0,1.0,0.0,0.0,1.0,1232.0,3693.0,-3383.0,766.0,2,0.06972406503420077,-0.0025952226013430625,
2024-04-07 05:27:17.968000+00:00,9496.0,0.0,0.0,0.0,1.0,0.0,0.0,1.0,1232.0,3693.0,-3383.0,766.0,2,0.06972406503420077,-0.0025952226013430625,
2024-04-07 05:27:18.248000+00:00,9496.0,0.0,0.0,0.0,1.0,0.0,0.0,1.0,1232.0,3693.0,-3383.0,766.0,2,0.06972406503420077,-0.0025952226013430625,
2024-04-07 05:27:18.408000+00:00,9496.0,0.0,0.0,0.0,1.0,0.0,0.0,1.0,1232.0,3693.0,-3383.0,766.0,2,0.06972406503420077,-0.0025952226013430625,
2024-04-07 05:27:18.568000+00:00,9496.0,0.0,0.0,0.0,1.0,0.0,0.0,1.0,1232.0,3693.0,-3383.0,766.0,2,0.06972406503420077,-0.0025952226013430625,
2024-04-07 05:27:18.768000+00:00,9496.0,0.0,0.0,0.0,1.0,0.0,0.0,1.0,1232.0,3693.0,-3383.0,766.0,2,0.06972406503420077,-0.0025952226013430625,
2024-04-07 05:27:18.968000+00:00,9496.0,0.0,0.0,0.0,1.0,0.0,0.0,1.0,1232.0,3693.0,-3383.0,766.0,2,0.06972406503420077,-0.0025952226013430625,
2024-04-07 05:27:19.248000+00:00,9496.0,0.0,0.0,0.0,1.0,0.0,0.0,1.0,1232.0,3693.0,-3383.0,766.0,2,0.06972406503420077,-0.0025952226013430625,
2024-04-07 05:27:19.408000+00:00,9496.0,0.0,100.0,0.0,1.0,0.0,0.0,1.0,1232.0,3693.0,-3383.0,766.0,2,-0.9299859690225485,-0.03321004417281403,
2024-04-07 05:27:20.647000+00:00,9496.0,0.0,0.0,0.0,1.0,0.0,0.0,1.0,1232.0,3693.0,-3383.0,766.0,2,0.06972406503420077,-0.0025952226013430625,
2024-04-07 05:27:20.847000+00:00,9496.0,0.0,0.0,0.0,1.0,0.0,0.0,1.0,1232.0,3693.0,-3383.0,766.0,2,0.06972406503420077,-0.0025952226013430625,
2024-04-07 05:27:21.087000+00:00,9496.0,0.0,0.0,0.0,1.0,0.0,0.0,1.0,1232.0,3693.0,-3383.0,766.0,2,0.06972406503420077,-0.0025952226013430625,
2024-04-07 05:27:21.287000+00:00,9496.0,0.0,0.0,0.0,1.0,0.0,0.0,1.0,1232.0,3693.0,-3383.0,766.0,2,0.06972406503420077,-0.0025952226013430625,
2024-04-07 05:27:21.688000+00:00,9496.0,0.0,0.0,0.0,1.0,0.0,0.0,1.0,1232.0,3693.0,-3383.0,766.0,2,0.06972406503420077,-0.0025952226013430625,
2024-04-07 05:27:22.048000+00:00,9496.0,0.0,0.0,0.0,1.0,0.0,0.0,1.0,1232.0,3693.0,-3383.0,766.0,2,0.06972406503420077,-0.0025952226013430625,
2024-04-07 05:27:22.288000+00:00,9496.0,0.0,0.0,0.0,1.0,0.0,0.0,1.0,1232.0,3693.0,-3383.0,766.0,2,0.06972406503420077,-0.0025952226013430625,
2024-04-07 05:27:22.488000+00:00,9496.0,0.0,0.0,0.0,1.0,0.0,0.0,1.0,1232.0,3693.0,-3383.0,766.0,2,0.06972406503420077,-0.0025952226013430625,
2024-04-07 05:27:22.728000+00:00,9496.0,0.0,0.0,0.0,1.0,0.0,0.0,1.0,1232.0,3693.0,-3383.0,766.0,2,0.06972406503420077,-0.0025952226013430625,
2024-04-07 05:27:23.048000+00:00,9496.0,0.0,0.0,0.0,1.0,0.0,0.0,1.0,1232.0,3693.0,-3383.0,766.0,2,0.06972406503420077,-0.0025952226013430625,
2024-04-07 05:27:23.408000+00:00,9496.0,0.0,0.0,0.0,1.0,0.0,0.0,1.0,1232.0,3693.0,-3383.0,766.0,2,0.06972406503420077,-0.0025952226013430625,
2024-04-07 05:27:23.728000+00:00,9496.0,0.0,0.0,0.0,1.0,0.0,0.0,1.0,1232.0,3693.0,-3383.0,766.0,2,0.06972406503420077,-0.0025952226013430625,
2024-04-07 05:27:24.088000+00:00,9496.0,0.0,0.0,0.0,1.0,0.0,0.0,1.0,1232.0,3693.0,-3383.0,766.0,2,0.06972406503420077,-0.0025952226013430625,
2024-04-07 05:27:24.488000+00:00,9496.0,0.0,0.0,0.0,1.0,0.0,0.0,1.0,1232.0,3693.0,-3383.0,766.0,2,0.06972406503420077,-0.0025952226013430625,
2024-04-07 05:27:24.768000+00:00,9496.0,0.0,0.0,0.0,1.0,0.0,0.0,1.0,1232.0,3693.0,-3383.0,766.0,2,0.06972406503420077,-0.0025952226013430625,
2024-04-07 05:27:25.128000+00:00,9496.0,0.0,0.0,0.0,1.0,0.0,0.0,1.0,1232.0,3693.0,-3383.0,766.0,2,0.06972406503420077,-0.0025952226013430625,
2024-04-07 05:27:25.368000+00:00,9496.0,0.0,0.0,0.0,1.0,0.0,0.0,1.0,1232.0,3693.0,-3383.0,766.0,2,0.06972406503420077,-0.0025952226013430625,
2024-04-07 05:27:25.528000+00:00,9496.0,0.0,0.0,0.0,1.0,0.0,0.0,1.0,1232.0,3693.0,-3383.0,766.0,2,0.06972406503420077,-0.0025952226013430625,
2024-04-07 05:27:25.728000+00:00,9496.0,0.0,0.0,0.0,1.0,0.0,0.0,1.0,1232.0,3693.0,-3383.0,766.0,2,0.06972406503420077,-0.0025952226013430625,
2024-04-07 05:27:26.048000+00:00,9496.0,0.0,0.0,0.0,1.0,0.0,0.0,1.0,1232.0,3693.0,-3383.0,766.0,2,0.06972406503420077,-0.0025952226013430625,
2024-04-07 05:27:26.248000+00:00,9496.0,0.0,0.0,0.0,1.0,0.0,0.0,1.0,1232.0,3693.0,-3383.0,766.0,2,0.06972406503420077,-0.0025952226013430625,
2024-04-07 05:27:26.528000+00:00,9496.0,0.0,0.0,0.0,1.0,0.0,0.0,1.0,1232.0,3693.0,-3383.0,766.0,2,0.06972406503420077,-0.0025952226013430625,
2024-04-07 05:27:26.768000+00:00,9496.0,0.0,0.0,0.0,1.0,0.0,0.0,1.0,1232.0,3693.0,-3383.0,766.0,2,0.06972406503420077,-0.0025952226013430625,
2024-04-07 05:27:27.087000+00:00,9496.0,0.0,0.0,0.0,1.0,0.0,0.0,1.0,1232.0,3693.0,-3383.0,766.0,2,0.06972406503420077,-0.0025952226013430625,
2024-04-07 05:27:27.287000+00:00,9496.0,0.0,0.0,0.0,1.0,0.0,0.0,1.0,1232.0,3693.0,-3383.0,766.0,2,0.06972406503420077,-0.0025952226013430625,
2024-04-07 05:27:27.527000+00:00,9496.0,0.0,0.0,0.0,1.0,0.0,0.0,1.0,1232.0,3693.0,-3383.0,766.0,2,0.06972406503420077,-0.0025952226013430625,
2024-04-07 05:27:27.727000+00:00,9496.0,0.0,0.0,0.0,1.0,0.0,0.0,1.0,1232.0,3693.0,-3383.0,766.0,2,0.06972406503420077,-0.0025952226013430625,
2024-04-07 05:27:27.927000+00:00,9496.0,0.0,0.0,0.0,1.0,0.0,0.0,1.0,1232.0,3693.0,-3383.0,766.0,2,0.06972406503420077,-0.0025952226013430625,
2024-04-07 05:27:28.208000+00:00,9496.0,0.0,0.0,0.0,1.0,0.0,0.0,1.0,1232.0,3693.0,-3383.0,766.0,2,0.06972406503420077,-0.0025952226013430625,
2024-04-07 05:27:28.568000+00:00,9496.0,0.0,0.0,0.0,1.0,0.0,0.0,1.0,1232.0,3693.0,-3383.0,766.0,2,0.06972406503420077,-0.0025952226013430625,
2024-04-07 05:27:28.848000+00:00,9496.0,0.0,0.0,0.0,1.0,0.0,0.0,1.0,1232.0,3693.0,-3383.0,766.0,2,0.06972406503420077,-0.0025952226013430625,
2024-04-07 05:27:29.128000+00:00,9496.0,0.0,0.0,0.0,1.0,0.0,0.0,1.0,1232.0,3693.0,-3383.0,766.0,2,0.06972406503420077,-0.0025952226013430625,
2024-04-07 05:27:29.608000+00:00,9496.0,0.0,0.0,0.0,1.0,0.0,0.0,1.0,1232.0,3693.0,-3383.0,766.0,2,0.06972406503420077,-0.0025952226013430625,
2024-04-07 05:27:30.008000+00:00,9496.0,0.0,0.0,0.0,1.0,0.0,0.0,1.0,1232.0,3693.0,-3383.0,766.0,2,0.06972406503420077,-0.0025952226013430625,
2024-04-07 05:27:30.208000+00:00,9496.0,0.0,0.0,0.0,1.0,0.0,0.0,1.0,1232.0,3693.0,-3383.0,766.0,2,0.06972406503420077,-0.0025952226013430625,
2024-04-07 05:27:30.368000+00:00,9496.0,0.0,0.0,0.0,1.0,0.0,0.0,1.0,1232.0,3693.0,-3383.0,766.0,2,0.06972406503420077,-0.0025952226013430625,
2024-04-07 05:27:30.528000+00:00,9496.0,0.0,0.0,0.0,1.0,0.0,0.0,1.0,1232.0,3693.0,-3383.0,766.0,2,0.06972406503420077,-0.0025952226013430625,
2024-04-07 05:27:30.808000+00:00,9496.0,0.0,0.0,0.0,1.0,0.0,0.0,1.0,1232.0,3693.0,-3383.0,766.0,2,0.06972406503420077,-0.0025952226013430625,
2024-04-07 05:27:31.128000+00:00,9496.0,0.0,0.0,0.0,1.0,0.0,0.0,1.0,1232.0,3693.0,-3383.0,766.0,2,0.06972406503420077,-0.0025952226013430625,
2024-04-07 05:27:31.448000+00:00,9496.0,0.0,0.0,0.0,1.0,0.0,0.0,1.0,1232.0,3693.0,-3383.0,766.0,2,0.06972406503420077,-0.0025952226013430625,
2024-04-07 05:27:31.608000+00:00,9496.0,0.0,0.0,0.0,1.0,0.0,0.0,1.0,1232.0,3693.0,-3383.0,766.0,2,0.06972406503420077,-0.0025952226013430625,
2024-04-07 05:27:31.808000+00:00,9496.0,0.0,0.0,0.0,1.0,0.0,0.0,1.0,1232.0,3693.0,-3383.0,766.0,2,0.06972406503420077,-0.0025952226013430625,
2024-04-07 05:27:32.088000+00:00,9496.0,0.0,0.0,0.0,1.0,0.0,0.0,1.0,1232.0,3693.0,-3383.0,766.0,2,0.06972406503420077,-0.0025952226013430625,
2024-04-07 05:27:32.328000+00:00,9496.0,0.0,0.0,0.0,1.0,0.0,0.0,1.0,1232.0,3693.0,-3383.0,766.0,2,0.06972406503420077,-0.0025952226013430625,
2024-04-07 05:27:32.568000+00:00,9496.0,0.0,0.0,0.0,1.0,0.0,0.0,1.0,1232.0,3693.0,-3383.0,766.0,2,0.06972406503420077,-0.0025952226013430625,
2024-04-07 05:27:32.728000+00:00,9496.0,0.0,0.0,0.0,1.0,0.0,0.0,1.0,1232.0,3693.0,-3383.0,766.0,2,0.06972406503420077,-0.0025952226013430625,
2024-04-07 05:27:33.088000+00:00,9496.0,0.0,0.0,0.0,1.0,0.0,0.0,1.0,1232.0,3693.0,-3383.0,766.0,2,0.06972406503420077,-0.0025952226013430625,
2024-04-07 05:27:33.288000+00:00,9496.0,0.0,0.0,0.0,1.0,0.0,0.0,1.0,1232.0,3693.0,-3383.0,766.0,2,0.06972406503420077,-0.0025952226013430625,
2024-04-07 05:27:33.528000+00:00,9496.0,0.0,0.0,0.0,1.0,0.0,0.0,1.0,1232.0,3693.0,-3383.0,766.0,2,0.06972406503420077,-0.0025952226013430625,
2024-04-07 05:27:33.927000+00:00,9496.0,0.0,0.0,0.0,1.0,0.0,0.0,1.0,1232.0,3693.0,-3383.0,766.0,2,0.06972406503420077,-0.0025952226013430625,
2024-04-07 05:27:34.087000+00:00,9496.0,0.0,0.0,0.0,1.0,0.0,0.0,1.0,1232.0,3693.0,-3383.0,766.0,2,0.06972406503420077,-0.0025952226013430625,
2024-04-07 05:27:34.568000+00:00,9496.0,0.0,0.0,0.0,1.0,0.0,0.0,1.0,1232.0,3693.0,-3383.0,766.0,2,0.06972406503420077,-0.0025952226013430625,
2024-04-07 05:27:34.768000+00:00,9496.0,0.0,0.0,0.0,1.0,0.0,0.0,1.0,1232.0,3693.0,-3383.0,766.0,2,0.06972406503420077,-0.0025952226013430625,
2024-04-07 05:27:34.928000+00:00,9496.0,0.0,0.0,0.0,1.0,0.0,0.0,1.0,1232.0,3693.0,-3383.0,766.0,2,0.06972406503420077,-0.0025952226013430625,
2024-04-07 05:27:35.208000+00:00,9496.0,0.0,0.0,0.0,1.0,0.0,0.0,1.0,1232.0,3693.0,-3383.0,766.0,2,0.06972406503420077,-0.0025952226013430625,
2024-04-07 05:27:35.608000+00:00,9496.0,0.0,0.0,0.0,1.0,0.0,0.0,1.0,1232.0,3693.0,-3383.0,766.0,2,0.06972406503420077,-0.0025952226013430625,
2024-04-07 05:27:35.768000+00:00,9496.0,0.0,0.0,0.0,1.0,0.0,0.0,1.0,1232.0,3693.0,-3383.0,766.0,2,0.06972406503420077,-0.0025952226013430625,
2024-04-07 05:27:35.928000+00:00,9496.0,0.0,0.0,0.0,1.0,0.0,0.0,1.0,1232.0,3693.0,-3383.0,766.0,2,0.06972406503420077,-0.0025952226013430625,
2024-04-07 05:27:36.088000+00:00,9496.0,0.0,0.0,0.0,1.0,0.0,0.0,1.0,1232.0,3693.0,-3383.0,766.0,2,0.06972406503420077,-0.0025952226013430625,
2024-04-07 05:27:36.248000+00:00,9496.0,0.0,0.0,0.0,1.0,0.0,0.0,1.0,1232.0,3693.0,-3383.0,766.0,2,0.06972406503420077,-0.0025952226013430625,
2024-04-07 05:27:36.488000+00:00,9496.0,0.0,0.0,0.0,1.0,0.0,0.0,1.0,1232.0,3693.0,-3383.0,766.0,2,0.06972406503420077,-0.0025952226013430625,
2024-04-07 05:27:36.768000+00:00,9496.0,0.0,0.0,0.0,1.0,0.0,0.0,1.0,1232.0,3693.0,-3383.0,766.0,2,0.06972406503420077,-0.0025952226013430625,
2024-04-07 05:27:37.048000+00:00,9496.0,0.0,0.0,0.0,1.0,0.0,0.0,1.0,1232.0,3693.0,-3383.0,766.0,2,0.06972406503420077,-0.0025952226013430625,
2024-04-07 05:27:37.408000+00:00,9496.0,0.0,0.0,0.0,1.0,0.0,0.0,1.0,1232.0,3693.0,-3383.0,766.0,2,0.06972406503420077,-0.0025952226013430625,
2024-04-07 05:27:37.568000+00:00,9496.0,0.0,0.0,0.0,1.0,0.0,0.0,1.0,1232.0,3693.0,-3383.0,766.0,2,0.06972406503420077,-0.0025952226013430625,
2024-04-07 05:27:37.968000+00:00,9496.0,0.0,100.0,0.0,1.0,0.0,0.0,1.0,1232.0,3693.0,-3383.0,766.0,2,-0.9299859796386933,-0.033209726777785054,
2024-04-07 05:27:38.248000+00:00,9496.0,0.0,100.0,0.0,1.0,0.0,0.0,1.0,1232.0,3693.0,-3383.0,766.0,2,-0.9299859720266997,-0.03320995435683738,
2024-04-07 05:27:38.408000+00:00,9496.0,0.0,100.0,0.0,1.0,0.0,0.0,1.0,1232.0,3693.0,-3383.0,766.0,2,-0.9299861262921694,-0.03320534186016684,
2024-04-07 05:27:38.688000+00:00,9496.0,0.0,100.0,0.0,1.0,0.0,0.0,1.0,1232.0,3693.0,-3383.0,766.0,2,-0.9299859718256643,-0.03320996036710678,
2024-04-07 05:27:38.848000+00:00,9496.0,0.0,100.0,0.0,1.0,0.0,0.0,1.0,1232.0,3693.0,-3383.0,766.0,2,-0.9299859717622202,-0.03320996226417784,
2024-04-07 05:27:39.168000+00:00,9496.0,0.0,100.0,0.0,1.0,0.0,0.0,1.0,1232.0,3693.0,-3383.0,766.0,2,-0.9299859773994313,-0.033209793726257035,
2024-04-07 05:27:39.528000+00:00,9496.0,0.0,100.0,0.0,1.0,0.0,0.0,1.0,1232.0,3693.0,-3383.0,766.0,2,-0.9299859717089386,-0.03320996385695577,
2024-04-07 05:27:39.888000+00:00,9496.0,0.0,100.0,0.0,1.0,0.0,0.0,1.0,1232.0,3693.0,-3383.0,766.0,2,-0.9299859719652679,-0.03320995619328077,
2024-04-07 05:27:40.168000+00:00,9496.0,0.0,100.0,0.0,1.0,0.0,0.0,1.0,1232.0,3693.0,-3383.0,766.0,2,-0.929985973044727,-0.03320992392065649,
2024-04-07 05:27:40.407000+00:00,9496.0,0.0,100.0,0.0,1.0,0.0,0.0,1.0,1232.0,3693.0,-3383.0,766.0,2,-0.9299859718236253,-0.033209960428068695,
2024-04-07 05:27:40.927000+00:00,9496.0,0.0,100.0,0.0,1.0,0.0,0.0,1.0,1232.0,3693.0,-3383.0,766.0,2,-0.9299859726404278,-0.03320993600792439,
2024-04-07 05:27:41.328000+00:00,9496.0,0.0,0.0,0.0,1.0,0.0,0.0,1.0,1232.0,3693.0,-3383.0,766.0,2,0.06972406503420077,-0.0025952226013430625,
2024-04-07 05:27:41.528000+00:00,9496.0,0.0,0.0,0.0,1.0,0.0,0.0,1.0,1232.0,3693.0,-3383.0,766.0,2,0.06972406503420077,-0.0025952226013430625,
2024-04-07 05:27:41.808000+00:00,9496.0,0.0,0.0,0.0,1.0,0.0,0.0,1.0,1232.0,3693.0,-3383.0,766.0,2,0.06972406503420077,-0.0025952226013430625,
2024-04-07 05:27:42.048000+00:00,9496.0,0.0,0.0,0.0,1.0,0.0,0.0,1.0,1232.0,3693.0,-3383.0,766.0,2,0.06972406503420077,-0.0025952226013430625,
2024-04-07 05:27:42.408000+00:00,9496.0,0.0,0.0,0.0,1.0,0.0,0.0,1.0,1232.0,3693.0,-3383.0,766.0,2,0.06972406503420077,-0.0025952226013430625,
2024-04-07 05:27:42.768000+00:00,9496.0,0.0,0.0,0.0,1.0,0.0,0.0,1.0,1232.0,3693.0,-3383.0,766.0,2,0.06972406503420077,-0.0025952226013430625,
2024-04-07 05:27:43.048000+00:00,9496.0,0.0,0.0,0.0,1.0,0.0,0.0,1.0,1232.0,3693.0,-3383.0,766.0,2,0.06972406503420077,-0.0025952226013430625,
2024-04-07 05:27:43.248000+00:00,9496.0,0.0,0.0,0.0,1.0,0.0,0.0,1.0,1232.0,3693.0,-3383.0,766.0,2,0.06972406503420077,-0.0025952226013430625,
2024-04-07 05:27:43.648000+00:00,9496.0,0.0,0.0,0.0,1.0,0.0,0.0,1.0,1232.0,3693.0,-3383.0,766.0,2,0.06972406503420077,-0.0025952226013430625,
2024-04-07 05:27:43.808000+00:00,9496.0,0.0,0.0,0.0,1.0,0.0,0.0,1.0,1232.0,3693.0,-3383.0,766.0,2,0.06972406503420077,-0.0025952226013430625,
2024-04-07 05:27:43.968000+00:00,9496.0,0.0,0.0,0.0,1.0,0.0,0.0,1.0,1232.0,3693.0,-3383.0,766.0,2,0.06972406503420077,-0.0025952226013430625,
2024-04-07 05:27:44.248000+00:00,9496.0,0.0,0.0,0.0,1.0,0.0,0.0,1.0,1232.0,3693.0,-3383.0,766.0,2,0.06972406503420077,-0.0025952226013430625,
2024-04-07 05:27:44.448000+00:00,9496.0,0.0,0.0,0.0,1.0,0.0,0.0,1.0,1232.0,3693.0,-3383.0,766.0,2,0.06972406503420077,-0.0025952226013430625,
2024-04-07 05:27:44.648000+00:00,9496.0,0.0,0.0,0.0,1.0,0.0,0.0,1.0,1232.0,3693.0,-3383.0,766.0,2,0.06972406503420077,-0.0025952226013430625,
2024-04-07 05:27:44.808000+00:00,9496.0,0.0,0.0,0.0,1.0,0.0,0.0,1.0,1232.0,3693.0,-3383.0,766.0,2,0.06972406503420077,-0.0025952226013430625,
2024-04-07 05:27:44.968000+00:00,9496.0,0.0,0.0,0.0,1.0,0.0,0.0,1.0,1232.0,3693.0,-3383.0,766.0,2,0.06972406503420077,-0.0025952226013430625,
2024-04-07 05:27:45.328000+00:00,9496.0,0.0,0.0,0.0,1.0,0.0,0.0,1.0,1232.0,3693.0,-3383.0,766.0,2,0.06972406503420077,-0.0025952226013430625,
2024-04-07 05:27:45.688000+00:00,9496.0,0.0,0.0,0.0,1.0,0.0,0.0,1.0,1232.0,3693.0,-3383.0,766.0,2,0.06972406503420077,-0.0025952226013430625,
2024-04-07 05:27:46.048000+00:00,9496.0,0.0,0.0,0.0,1.0,0.0,0.0,1.0,1232.0,3693.0,-3383.0,766.0,2,0.06972406503420077,-0.0025952226013430625,
2024-04-07 05:27:46.288000+00:00,9496.0,0.0,0.0,0.0,1.0,0.0,0.0,1.0,1232.0,3693.0,-3383.0,766.0,2,0.06972406503420077,-0.0025952226013430625,
2024-04-07 05:27:46.488000+00:00,9496.0,0.0,0.0,0.0,1.0,0.0,0.0,1.0,1232.0,3693.0,-3383.0,766.0,2,0.06972406503420077,-0.0025952226013430625,
2024-04-07 05:27:46.768000+00:00,9496.0,0.0,0.0,0.0,1.0,0.0,0.0,1.0,1232.0,3693.0,-3383.0,766.0,2,0.06972406503420077,-0.0025952226013430625,
2024-04-07 05:27:47.048000+00:00,9496.0,0.0,0.0,0.0,1.0,0.0,0.0,1.0,1232.0,3693.0,-3383.0,766.0,2,0.06972406503420077,-0.0025952226013430625,
2024-04-07 05:27:47.247000+00:00,9496.0,0.0,0.0,0.0,1.0,0.0,0.0,1.0,1232.0,3693.0,-3383.0,766.0,2,0.06972406503420077,-0.0025952226013430625,
2024-04-07 05:27:47.607000+00:00,9496.0,0.0,0.0,0.0,1.0,0.0,0.0,1.0,1232.0,3693.0,-3383.0,766.0,2,0.06972406503420077,-0.0025952226013430625,
2024-04-07 05:27:47.768000+00:00,9496.0,0.0,0.0,0.0,1.0,0.0,0.0,1.0,1232.0,3693.0,-3383.0,766.0,2,0.06972406503420077,-0.0025952226013430625,
2024-04-07 05:27:47.928000+00:00,9496.0,0.0,0.0,0.0,1.0,0.0,0.0,1.0,1232.0,3693.0,-3383.0,766.0,2,0.06972406503420077,-0.0025952226013430625,
2024-04-07 05:27:48.128000+00:00,9496.0,0.0,0.0,0.0,1.0,0.0,0.0,1.0,1232.0,3693.0,-3383.0,766.0,2,0.06972406503420077,-0.0025952226013430625,
2024-04-07 05:27:48.368000+00:00,9496.0,0.0,0.0,0.0,1.0,0.0,0.0,1.0,1232.0,3693.0,-3383.0,766.0,2,0.06972406503420077,-0.0025952226013430625,
2024-04-07 05:27:48.808000+00:00,9496.0,0.0,0.0,0.0,1.0,0.0,0.0,1.0,1232.0,3693.0,-3383.0,766.0,2,0.06972406503420077,-0.0025952226013430625,
2024-04-07 05:27:49.208000+00:00,9496.0,0.0,0.0,0.0,1.0,0.0,0.0,1.0,1232.0,3693.0,-3383.0,766.0,2,0.06972406503420077,-0.0025952226013430625,
2024-04-07 05:27:49.648000+00:00,9496.0,0.0,0.0,0.0,1.0,0.0,0.0,1.0,1232.0,3693.0,-3383.0,766.0,2,0.06972406503420077,-0.0025952226013430625,
2024-04-07 05:27:49.808000+00:00,9496.0,0.0,0.0,0.0,1.0,0.0,0.0,1.0,1232.0,3693.0,-3383.0,766.0,2,0.06972406503420077,-0.0025952226013430625,
2024-04-07 05:27:50.408000+00:00,9496.0,0.0,0.0,0.0,1.0,0.0,0.0,1.0,1232.0,3693.0,-3383.0,766.0,2,0.06972406503420077,-0.0025952226013430625,
2024-04-07 05:27:50.888000+00:00,9496.0,0.0,0.0,0.0,1.0,0.0,0.0,1.0,1232.0,3693.0,-3383.0,766.0,2,0.06972406503420077,-0.0025952226013430625,
2024-04-07 05:27:51.088000+00:00,9496.0,0.0,0.0,0.0,1.0,0.0,0.0,1.0,1232.0,3693.0,-3383.0,766.0,2,0.06972406503420077,-0.0025952226013430625,
2024-04-07 05:27:51.328000+00:00,9496.0,0.0,0.0,0.0,1.0,0.0,0.0,1.0,1232.0,3693.0,-3383.0,766.0,2,0.06972406503420077,-0.0025952226013430625,
2024-04-07 05:27:51.648000+00:00,9496.0,0.0,0.0,0.0,1.0,0.0,0.0,1.0,1232.0,3693.0,-3383.0,766.0,2,0.06972406503420077,-0.0025952226013430625,
2024-04-07 05:27:51.848000+00:00,9496.0,0.0,0.0,0.0,1.0,0.0,0.0,1.0,1232.0,3693.0,-3383.0,766.0,2,0.06972406503420077,-0.0025952226013430625,
2024-04-07 05:27:52.048000+00:00,9496.0,0.0,0.0,0.0,1.0,0.0,0.0,1.0,1232.0,3693.0,-3383.0,766.0,2,0.06972406503420077,-0.0025952226013430625,
2024-04-07 05:27:52.208000+00:00,9496.0,0.0,0.0,0.0,1.0,0.0,0.0,1.0,1232.0,3693.0,-3383.0,766.0,2,0.06972406503420077,-0.0025952226013430625,
2024-04-07 05:27:52.488000+00:00,9496.0,0.0,0.0,0.0,1.0,0.0,0.0,1.0,1232.0,3693.0,-3383.0,766.0,2,0.06972406503420077,-0.0025952226013430625,
2024-04-07 05:27:52.648000+00:00,9496.0,0.0,0.0,0.0,1.0,0.0,0.0,1.0,1232.0,3693.0,-3383.0,766.0,2,0.06972406503420077,-0.0025952226013430625,
2024-04-07 05:27:52.928000+00:00,9496.0,0.0,0.0,0.0,1.0,0.0,0.0,1.0,1232.0,3693.0,-3383.0,766.0,2,0.06972406503420077,-0.0025952226013430625,
2024-04-07 05:27:53.328000+00:00,9496.0,0.0,0.0,0.0,1.0,0.0,0.0,1.0,1232.0,3693.0,-3383.0,766.0,2,0.06972406503420077,-0.0025952226013430625,
2024-04-07 05:27:53.648000+00:00,9496.0,0.0,0.0,0.0,1.0,0.0,0.0,1.0,1232.0,3693.0,-3383.0,766.0,2,0.06972406503420077,-0.0025952226013430625,
2024-04-07 05:27:53.967000+00:00,9496.0,0.0,0.0,0.0,1.0,0.0,0.0,1.0,1232.0,3693.0,-3383.0,766.0,2,0.06972406503420077,-0.0025952226013430625,
2024-04-07 05:27:54.167000+00:00,9496.0,0.0,0.0,0.0,1.0,0.0,0.0,1.0,1232.0,3693.0,-3383.0,766.0,2,0.06972406503420077,-0.0025952226013430625,
2024-04-07 05:27:54.328000+00:00,9496.0,0.0,0.0,0.0,1.0,0.0,0.0,1.0,1232.0,3693.0,-3383.0,766.0,2,0.06972406503420077,-0.0025952226013430625,
2024-04-07 05:27:54.528000+00:00,9496.0,0.0,0.0,0.0,1.0,0.0,0.0,1.0,1232.0,3693.0,-3383.0,766.0,2,0.06972406503420077,-0.0025952226013430625,
2024-04-07 05:27:54.768000+00:00,9496.0,0.0,0.0,0.0,1.0,0.0,0.0,1.0,1232.0,3693.0,-3383.0,766.0,2,0.06972406503420077,-0.0025952226013430625,
2024-04-07 05:27:54.928000+00:00,9496.0,0.0,0.0,0.0,1.0,0.0,0.0,1.0,1232.0,3693.0,-3383.0,766.0,2,0.06972406503420077,-0.0025952226013430625,
2024-04-07 05:27:55.248000+00:00,9496.0,0.0,0.0,0.0,1.0,0.0,0.0,1.0,1232.0,3693.0,-3383.0,766.0,2,0.06972406503420077,-0.0025952226013430625,
2024-04-07 05:27:55.568000+00:00,9496.0,0.0,0.0,0.0,1.0,0.0,0.0,1.0,1232.0,3693.0,-3383.0,766.0,2,0.06972406503420077,-0.0025952226013430625,
2024-04-07 05:27:55.728000+00:00,9496.0,0.0,0.0,0.0,1.0,0.0,0.0,1.0,1232.0,3693.0,-3383.0,766.0,2,0.06972406503420077,-0.0025952226013430625,
2024-04-07 05:27:55.928000+00:00,9496.0,0.0,0.0,0.0,1.0,0.0,0.0,1.0,1232.0,3693.0,-3383.0,766.0,2,0.06972406503420077,-0.0025952226013430625,
2024-04-07 05:27:56.168000+00:00,9496.0,0.0,0.0,0.0,1.0,0.0,0.0,1.0,1232.0,3693.0,-3383.0,766.0,2,0.06972406503420077,-0.0025952226013430625,
2024-04-07 05:27:56.408000+00:00,9496.0,0.0,0.0,0.0,1.0,0.0,0.0,1.0,1232.0,3693.0,-3383.0,766.0,2,0.06972406503420077,-0.0025952226013430625,
2024-04-07 05:27:56.648000+00:00,9496.0,0.0,0.0,0.0,1.0,0.0,0.0,1.0,1232.0,3693.0,-3383.0,766.0,2,0.06972406503420077,-0.0025952226013430625,
2024-04-07 05:27:57.048000+00:00,9496.0,0.0,0.0,0.0,1.0,0.0,0.0,1.0,1232.0,3693.0,-3383.0,766.0,2,0.06972406503420077,-0.0025952226013430625,
2024-04-07 05:27:57.248000+00:00,9496.0,0.0,0.0,0.0,1.0,0.0,0.0,1.0,1232.0,3693.0,-3383.0,766.0,2,0.06972406503420077,-0.0025952226013430625,
2024-04-07 05:27:57.408000+00:00,9496.0,0.0,0.0,0.0,1.0,0.0,0.0,1.0,1232.0,3693.0,-3383.0,766.0,2,0.06972406503420077,-0.0025952226013430625,
2024-04-07 05:27:57.728000+00:00,9496.0,0.0,0.0,0.0,1.0,0.0,0.0,1.0,1232.0,3693.0,-3383.0,766.0,2,0.06972406503420077,-0.0025952226013430625,
2024-04-07 05:27:57.888000+00:00,9496.0,0.0,0.0,0.0,1.0,0.0,0.0,1.0,1232.0,3693.0,-3383.0,766.0,2,0.06972406503420077,-0.0025952226013430625,
2024-04-07 05:27:58.288000+00:00,9496.0,0.0,0.0,0.0,1.0,0.0,0.0,1.0,1232.0,3693.0,-3383.0,766.0,2,0.06972406503420077,-0.0025952226013430625,
2024-04-07 05:27:58.688000+00:00,9496.0,0.0,0.0,0.0,1.0,0.0,0.0,1.0,1232.0,3693.0,-3383.0,766.0,2,0.06972406503420077,-0.0025952226013430625,
2024-04-07 05:27:58.928000+00:00,9496.0,0.0,0.0,0.0,1.0,0.0,0.0,1.0,1232.0,3693.0,-3383.0,766.0,2,0.06972406503420077,-0.0025952226013430625,
2024-04-07 05:27:59.088000+00:00,9496.0,0.0,0.0,0.0,1.0,0.0,0.0,1.0,1232.0,3693.0,-3383.0,766.0,2,0.06972406503420077,-0.0025952226013430625,
2024-04-07 05:27:59.568000+00:00,9496.0,0.0,0.0,0.0,1.0,0.0,0.0,1.0,1232.0,3693.0,-3383.0,766.0,2,0.06972406503420077,-0.0025952226013430625,
2024-04-07 05:27:59.808000+00:00,9496.0,0.0,0.0,0.0,1.0,0.0,0.0,1.0,1232.0,3693.0,-3383.0,766.0,2,0.06972406503420077,-0.0025952226013430625,
2024-04-07 05:28:00.048000+00:00,9496.0,0.0,0.0,0.0,1.0,0.0,0.0,1.0,1232.0,3693.0,-3383.0,766.0,2,0.06972406503420077,-0.0025952226013430625,
2024-04-07 05:28:00.248000+00:00,9496.0,0.0,0.0,0.0,1.0,0.0,0.0,1.0,1232.0,3693.0,-3383.0,766.0,2,0.06972406503420077,-0.0025952226013430625,
2024-04-07 05:28:00.488000+00:00,9496.0,0.0,0.0,0.0,1.0,0.0,0.0,1.0,1232.0,3693.0,-3383.0,766.0,2,0.06972406503420077,-0.0025952226013430625,
2024-04-07 05:28:00.647000+00:00,9496.0,0.0,0.0,0.0,1.0,0.0,0.0,1.0,1232.0,3693.0,-3383.0,766.0,2,0.06972406503420077,-0.0025952226013430625,
2024-04-07 05:28:00.888000+00:00,9496.0,0.0,0.0,0.0,1.0,0.0,0.0,1.0,1232.0,3693.0,-3383.0,766.0,2,0.06972406503420077,-0.0025952226013430625,
2024-04-07 05:28:01.208000+00:00,9496.0,0.0,0.0,0.0,1.0,0.0,0.0,1.0,1232.0,3693.0,-3383.0,766.0,2,0.06972406503420077,-0.0025952226013430625,
2024-04-07 05:28:01.528000+00:00,9496.0,0.0,0.0,0.0,1.0,0.0,0.0,1.0,1232.0,3693.0,-3383.0,766.0,2,0.06972406503420077,-0.0025952226013430625,
2024-04-07 05:28:01.688000+00:00,9496.0,0.0,0.0,0.0,1.0,0.0,0.0,1.0,1232.0,3693.0,-3383.0,766.0,2,0.06972406503420077,-0.0025952226013430625,
2024-04-07 05:28:02.048000+00:00,9496.0,0.0,0.0,0.0,1.0,0.0,0.0,1.0,1232.0,3693.0,-3383.0,766.0,2,0.06972406503420077,-0.0025952226013430625,
2024-04-07 05:28:02.248000+00:00,9496.0,0.0,0.0,0.0,1.0,0.0,0.0,1.0,1232.0,3693.0,-3383.0,766.0,2,0.06972406503420077,-0.0025952226013430625,
2024-04-07 05:28:02.528000+00:00,9496.0,0.0,0.0,0.0,1.0,0.0,0.0,1.0,1232.0,3693.0,-3383.0,766.0,2,0.06972406503420077,-0.0025952226013430625,
2024-04-07 05:28:02.728000+00:00,9496.0,0.0,0.0,0.0,1.0,0.0,0.0,1.0,1232.0,3693.0,-3383.0,766.0,2,0.06972406503420077,-0.0025952226013430625,
2024-04-07 05:28:02.928000+00:00,9496.0,0.0,0.0,0.0,1.0,0.0,0.0,1.0,1232.0,3693.0,-3383.0,766.0,2,0.06972406503420077,-0.0025952226013430625,
2024-04-07 05:28:03.208000+00:00,9496.0,0.0,0.0,0.0,1.0,0.0,0.0,1.0,1232.0,3693.0,-3383.0,766.0,2,0.06972406503420077,-0.0025952226013430625,
2024-04-07 05:28:03.368000+00:00,9496.0,0.0,0.0,0.0,1.0,0.0,0.0,1.0,1232.0,3693.0,-3383.0,766.0,2,0.06972406503420077,-0.0025952226013430625,
2024-04-07 05:28:03.528000+00:00,9496.0,0.0,0.0,0.0,1.0,0.0,0.0,1.0,1232.0,3693.0,-3383.0,766.0,2,0.06972406503420077,-0.0025952226013430625,
2024-04-07 05:28:03.928000+00:00,9496.0,0.0,0.0,0.0,1.0,0.0,0.0,1.0,1232.0,3693.0,-3383.0,766.0,2,0.06972406503420077,-0.0025952226013430625,
2024-04-07 05:28:04.088000+00:00,9496.0,0.0,0.0,0.0,1.0,0.0,0.0,1.0,1232.0,3693.0,-3383.0,766.0,2,0.06972406503420077,-0.0025952226013430625,
2024-04-07 05:28:04.368000+00:00,9496.0,0.0,0.0,0.0,1.0,0.0,0.0,1.0,1232.0,3693.0,-3383.0,766.0,2,0.06972406503420077,-0.0025952226013430625,
2024-04-07 05:28:04.688000+00:00,9496.0,0.0,0.0,0.0,1.0,0.0,0.0,1.0,1232.0,3693.0,-3383.0,766.0,2,0.06972406503420077,-0.0025952226013430625,
2024-04-07 05:28:04.848000+00:00,9496.0,0.0,0.0,0.0,1.0,0.0,0.0,1.0,1232.0,3693.0,-3383.0,766.0,2,0.06972406503420077,-0.0025952226013430625,
2024-04-07 05:28:05.088000+00:00,9496.0,0.0,0.0,0.0,1.0,0.0,0.0,1.0,1232.0,3693.0,-3383.0,766.0,2,0.06972406503420077,-0.0025952226013430625,
2024-04-07 05:28:05.328000+00:00,9496.0,0.0,0.0,0.0,1.0,0.0,0.0,1.0,1232.0,3693.0,-3383.0,766.0,2,0.06972406503420077,-0.0025952226013430625,
2024-04-07 05:28:05.728000+00:00,9496.0,0.0,0.0,0.0,1.0,0.0,0.0,1.0,1232.0,3693.0,-3383.0,766.0,2,0.06972406503420077,-0.0025952226013430625,
2024-04-07 05:28:05.968000+00:00,9496.0,0.0,0.0,0.0,1.0,0.0,0.0,1.0,1232.0,3693.0,-3383.0,766.0,2,0.06972406503420077,-0.0025952226013430625,
2024-04-07 05:28:06.288000+00:00,9496.0,0.0,0.0,0.0,1.0,0.0,0.0,1.0,1232.0,3693.0,-3383.0,766.0,2,0.06972406503420077,-0.0025952226013430625,
2024-04-07 05:28:06.488000+00:00,9496.0,0.0,0.0,0.0,1.0,0.0,0.0,1.0,1232.0,3693.0,-3383.0,766.0,2,0.06972406503420077,-0.0025952226013430625,
2024-04-07 05:28:06.768000+00:00,9496.0,0.0,0.0,0.0,1.0,0.0,0.0,1.0,1232.0,3693.0,-3383.0,766.0,2,0.06972406503420077,-0.0025952226013430625,
2024-04-07 05:28:07.048000+00:00,9496.0,0.0,0.0,0.0,1.0,0.0,0.0,1.0,1232.0,3693.0,-3383.0,766.0,2,0.06972406503420077,-0.0025952226013430625,
2024-04-07 05:28:07.208000+00:00,9496.0,0.0,0.0,0.0,1.0,0.0,0.0,1.0,1232.0,3693.0,-3383.0,766.0,2,0.06972406503420077,-0.0025952226013430625,
2024-04-07 05:28:07.528000+00:00,9496.0,0.0,0.0,0.0,1.0,0.0,0.0,1.0,1232.0,3693.0,-3383.0,766.0,2,0.06972406503420077,-0.0025952226013430625,
2024-04-07 05:28:07.768000+00:00,9496.0,0.0,0.0,0.0,1.0,0.0,0.0,1.0,1232.0,3693.0,-3383.0,766.0,2,0.06972406503420077,-0.0025952226013430625,
2024-04-07 05:28:08.048000+00:00,9496.0,0.0,0.0,0.0,1.0,0.0,0.0,1.0,1232.0,3693.0,-3383.0,766.0,2,0.06972406503420077,-0.0025952226013430625,
2024-04-07 05:28:08.368000+00:00,9496.0,0.0,0.0,0.0,1.0,0.0,0.0,1.0,1232.0,3693.0,-3383.0,766.0,2,0.06972406503420077,-0.0025952226013430625,
2024-04-07 05:28:08.768000+00:00,9496.0,0.0,0.0,0.0,1.0,0.0,0.0,1.0,1232.0,3693.0,-3383.0,766.0,2,0.06972406503420077,-0.0025952226013430625,
2024-04-07 05:28:08.928000+00:00,9496.0,0.0,0.0,0.0,1.0,0.0,0.0,1.0,1232.0,3693.0,-3383.0,766.0,2,0.06972406503420077,-0.0025952226013430625,
2024-04-07 05:28:09.248000+00:00,9496.0,0.0,0.0,0.0,1.0,0.0,0.0,1.0,1232.0,3693.0,-3383.0,766.0,2,0.06972406503420077,-0.0025952226013430625,
2024-04-07 05:28:09.648000+00:00,9496.0,0.0,0.0,0.0,1.0,0.0,0.0,1.0,1232.0,3693.0,-3383.0,766.0,2,0.06972406503420077,-0.0025952226013430625,
2024-04-07 05:28:10.048000+00:00,9496.0,0.0,0.0,0.0,1.0,0.0,0.0,1.0,1232.0,3693.0,-3383.0,766.0,2,0.06972406503420077,-0.0025952226013430625,
2024-04-07 05:28:10.648000+00:00,9496.0,0.0,0.0,0.0,1.0,0.0,0.0,1.0,1232.0,3693.0,-3383.0,766.0,2,0.06972406503420077,-0.0025952226013430625,
2024-04-07 05:28:10.848000+00:00,9496.0,0.0,0.0,0.0,1.0,0.0,0.0,1.0,1232.0,3693.0,-3383.0,766.0,2,0.06972406503420077,-0.0025952226013430625,
2024-04-07 05:28:11.088000+00:00,9496.0,0.0,0.0,0.0,1.0,0.0,0.0,1.0,1232.0,3693.0,-3383.0,766.0,2,0.06972406503420077,-0.0025952226013430625,
2024-04-07 05:28:11.448000+00:00,9496.0,0.0,0.0,0.0,1.0,0.0,0.0,1.0,1232.0,3693.0,-3383.0,766.0,2,0.06972406503420077,-0.0025952226013430625,
2024-04-07 05:28:11.648000+00:00,9496.0,0.0,0.0,0.0,1.0,0.0,0.0,1.0,1232.0,3693.0,-3383.0,766.0,2,0.06972406503420077,-0.0025952226013430625,
2024-04-07 05:28:12.048000+00:00,9496.0,0.0,0.0,0.0,1.0,0.0,0.0,1.0,1232.0,3693.0,-3383.0,766.0,2,0.06972406503420077,-0.0025952226013430625,
2024-04-07 05:28:12.288000+00:00,9496.0,0.0,0.0,0.0,1.0,0.0,0.0,1.0,1232.0,3693.0,-3383.0,766.0,2,0.06972406503420077,-0.0025952226013430625,
2024-04-07 05:28:12.488000+00:00,9496.0,0.0,0.0,0.0,1.0,0.0,0.0,1.0,1232.0,3693.0,-3383.0,766.0,2,0.06972406503420077,-0.0025952226013430625,
2024-04-07 05:28:12.768000+00:00,9496.0,0.0,0.0,0.0,1.0,0.0,0.0,1.0,1232.0,3693.0,-3383.0,766.0,2,0.06972406503420077,-0.0025952226013430625,
2024-04-07 05:28:12.928000+00:00,9496.0,0.0,0.0,0.0,1.0,0.0,0.0,1.0,1232.0,3693.0,-3383.0,766.0,2,0.06972406503420077,-0.0025952226013430625,
2024-04-07 05:28:13.288000+00:00,9496.0,0.0,0.0,0.0,1.0,0.0,0.0,1.0,1232.0,3693.0,-3383.0,766.0,2,0.06972406503420077,-0.0025952226013430625,
2024-04-07 05:28:13.608000+00:00,9496.0,0.0,0.0,0.0,1.0,0.0,0.0,1.0,1232.0,3693.0,-3383.0,766.0,2,0.06972406503420077,-0.0025952226013430625,
2024-04-07 05:28:13.768000+00:00,9496.0,0.0,0.0,0.0,1.0,0.0,0.0,1.0,1232.0,3693.0,-3383.0,766.0,2,0.06972406503420077,-0.0025952226013430625,
2024-04-07 05:28:13.968000+00:00,9496.0,0.0,0.0,0.0,1.0,0.0,0.0,1.0,1232.0,3693.0,-3383.0,766.0,2,0.06972406503420077,-0.0025952226013430625,
2024-04-07 05:28:14.208000+00:00,9496.0,0.0,0.0,0.0,1.0,0.0,0.0,1.0,1232.0,3693.0,-3383.0,766.0,2,0.06972406503420077,-0.0025952226013430625,
2024-04-07 05:28:14.648000+00:00,9496.0,0.0,0.0,0.0,1.0,0.0,0.0,1.0,1232.0,3693.0,-3383.0,766.0,2,0.06972406503420077,-0.0025952226013430625,
2024-04-07 05:28:14.848000+00:00,9496.0,0.0,0.0,0.0,1.0,0.0,0.0,1.0,1232.0,3693.0,-3383.0,766.0,2,0.06972406503420077,-0.0025952226013430625,
2024-04-07 05:28:15.128000+00:00,9496.0,0.0,0.0,0.0,1.0,0.0,0.0,1.0,1232.0,3693.0,-3383.0,766.0,2,0.06972406503420077,-0.0025952226013430625,
2024-04-07 05:28:15.448000+00:00,9496.0,0.0,0.0,0.0,1.0,0.0,0.0,1.0,1232.0,3693.0,-3383.0,766.0,2,0.06972406503420077,-0.0025952226013430625,
2024-04-07 05:28:15.608000+00:00,9496.0,0.0,0.0,0.0,1.0,0.0,0.0,1.0,1232.0,3693.0,-3383.0,766.0,2,0.06972406503420077,-0.0025952226013430625,
2024-04-07 05:28:15.848000+00:00,9496.0,0.0,0.0,0.0,1.0,0.0,0.0,1.0,1232.0,3693.0,-3383.0,766.0,2,0.06972406503420077,-0.0025952226013430625,
2024-04-07 05:28:16.048000+00:00,9496.0,0.0,0.0,0.0,1.0,0.0,0.0,1.0,1232.0,3693.0,-3383.0,766.0,2,0.06972406503420077,-0.0025952226013430625,
2024-04-07 05:28:16.448000+00:00,9496.0,0.0,0.0,0.0,1.0,0.0,0.0,1.0,1232.0,3693.0,-3383.0,766.0,2,0.06972406503420077,-0.0025952226013430625,
2024-04-07 05:28:16.728000+00:00,9496.0,0.0,0.0,0.0,1.0,0.0,0.0,1.0,1232.0,3693.0,-3383.0,766.0,2,0.06972406503420077,-0.0025952226013430625,
2024-04-07 05:28:17.048000+00:00,9496.0,0.0,0.0,0.0,1.0,0.0,0.0,1.0,1232.0,3693.0,-3383.0,766.0,2,0.06972406503420077,-0.0025952226013430625,
2024-04-07 05:28:17.248000+00:00,9496.0,0.0,0.0,0.0,1.0,0.0,0.0,1.0,1232.0,3693.0,-3383.0,766.0,2,0.06972406503420077,-0.0025952226013430625,
2024-04-07 05:28:17.488000+00:00,9496.0,0.0,0.0,0.0,1.0,0.0,0.0,1.0,1232.0,3693.0,-3383.0,766.0,2,0.06972406503420077,-0.0025952226013430625,
2024-04-07 05:28:17.888000+00:00,9496.0,0.0,0.0,0.0,1.0,0.0,0.0,1.0,1232.0,3693.0,-3383.0,766.0,2,0.06972406503420077,-0.0025952226013430625,
2024-04-07 05:28:18.168000+00:00,9496.0,0.0,0.0,0.0,1.0,0.0,0.0,1.0,1232.0,3693.0,-3383.0,766.0,2,0.06972406503420077,-0.0025952226013430625,
2024-04-07 05:28:18.408000+00:00,9496.0,0.0,0.0,0.0,1.0,0.0,0.0,1.0,1232.0,3693.0,-3383.0,766.0,2,0.06972406503420077,-0.0025952226013430625,
2024-04-07 05:28:18.648000+00:00,9496.0,0.0,0.0,0.0,1.0,0.0,0.0,1.0,1232.0,3693.0,-3383.0,766.0,2,0.06972406503420077,-0.0025952226013430625,
2024-04-07 05:28:18.928000+00:00,9496.0,0.0,0.0,0.0,1.0,0.0,0.0,1.0,1232.0,3693.0,-3383.0,766.0,2,0.06972406503420077,-0.0025952226013430625,
2024-04-07 05:28:19.208000+00:00,9496.0,0.0,0.0,0.0,1.0,0.0,0.0,1.0,1232.0,3693.0,-3383.0,766.0,2,0.06972406503420077,-0.0025952226013430625,
2024-04-07 05:28:19.368000+00:00,9496.0,0.0,0.0,0.0,1.0,0.0,0.0,1.0,1232.0,3693.0,-3383.0,766.0,2,0.06972406503420077,-0.0025952226013430625,
2024-04-07 05:28:19.568000+00:00,9496.0,0.0,0.0,0.0,1.0,0.0,0.0,1.0,1232.0,3693.0,-3383.0,766.0,2,0.06972406503420077,-0.0025952226013430625,
2024-04-07 05:28:19.768000+00:00,9496.0,0.0,0.0,0.0,1.0,0.0,0.0,1.0,1232.0,3693.0,-3383.0,766.0,2,0.06972406503420077,-0.0025952226013430625,
2024-04-07 05:28:19.968000+00:00,9496.0,0.0,0.0,0.0,1.0,0.0,0.0,1.0,1232.0,3693.0,-3383.0,766.0,2,0.06972406503420077,-0.0025952226013430625,
2024-04-07 05:28:20.248000+00:00,9496.0,0.0,0.0,0.0,1.0,0.0,0.0,1.0,1232.0,3693.0,-3383.0,766.0,2,0.06972406503420077,-0.0025952226013430625,
2024-04-07 05:28:20.568000+00:00,9496.0,0.0,0.0,0.0,1.0,0.0,0.0,1.0,1232.0,3693.0,-3383.0,766.0,2,0.06972406503420077,-0.0025952226013430625,
2024-04-07 05:28:20.808000+00:00,9496.0,0.0,0.0,0.0,1.0,0.0,0.0,1.0,1232.0,3693.0,-3383.0,766.0,2,0.06972406503420077,-0.0025952226013430625,
2024-04-07 05:28:21.088000+00:00,9496.0,0.0,0.0,0.0,1.0,0.0,0.0,1.0,1232.0,3693.0,-3383.0,766.0,2,0.06972406503420077,-0.0025952226013430625,
2024-04-07 05:28:21.448000+00:00,9496.0,0.0,0.0,0.0,1.0,0.0,0.0,1.0,1232.0,3693.0,-3383.0,766.0,2,0.06972406503420077,-0.0025952226013430625,
2024-04-07 05:28:21.648000+00:00,9496.0,0.0,0.0,0.0,1.0,0.0,0.0,1.0,1232.0,3693.0,-3383.0,766.0,2,0.06972406503420077,-0.0025952226013430625,
2024-04-07 05:28:21.808000+00:00,9496.0,0.0,0.0,0.0,1.0,0.0,0.0,1.0,1232.0,3693.0,-3383.0,766.0,2,0.06972406503420077,-0.0025952226013430625,
2024-04-07 05:28:21.968000+00:00,9496.0,0.0,0.0,0.0,1.0,0.0,0.0,1.0,1232.0,3693.0,-3383.0,766.0,2,0.06972406503420077,-0.0025952226013430625,
2024-04-07 05:28:22.208000+00:00,9496.0,0.0,0.0,0.0,1.0,0.0,0.0,1.0,1232.0,3693.0,-3383.0,766.0,2,0.06972406503420077,-0.0025952226013430625,
2024-04-07 05:28:22.368000+00:00,9496.0,0.0,0.0,0.0,1.0,0.0,0.0,1.0,1232.0,3693.0,-3383.0,766.0,2,0.06972406503420077,-0.0025952226013430625,
2024-04-07 05:28:22.528000+00:00,9496.0,0.0,0.0,0.0,1.0,0.0,0.0,1.0,1232.0,3693.0,-3383.0,766.0,2,0.06972406503420077,-0.0025952226013430625,
2024-04-07 05:28:22.848000+00:00,9496.0,0.0,0.0,0.0,1.0,0.0,0.0,1.0,1232.0,3693.0,-3383.0,766.0,2,0.06972406503420077,-0.0025952226013430625,
2024-04-07 05:28:23.168000+00:00,9496.0,0.0,0.0,0.0,1.0,0.0,0.0,1.0,1232.0,3693.0,-3383.0,766.0,2,0.06972406503420077,-0.0025952226013430625,
2024-04-07 05:28:23.488000+00:00,9496.0,0.0,0.0,0.0,1.0,0.0,0.0,1.0,1232.0,3693.0,-3383.0,766.0,2,0.06972406503420077,-0.0025952226013430625,
2024-04-07 05:28:23.648000+00:00,9496.0,0.0,0.0,0.0,1.0,0.0,0.0,1.0,1232.0,3693.0,-3383.0,766.0,2,0.06972406503420077,-0.0025952226013430625,
2024-04-07 05:28:23.928000+00:00,9496.0,0.0,0.0,0.0,1.0,0.0,0.0,1.0,1232.0,3693.0,-3383.0,766.0,2,0.06972406503420077,-0.0025952226013430625,
2024-04-07 05:28:24.128000+00:00,9496.0,0.0,0.0,0.0,1.0,0.0,0.0,1.0,1232.0,3693.0,-3383.0,766.0,2,0.06972406503420077,-0.0025952226013430625,
2024-04-07 05:28:24.448000+00:00,9496.0,0.0,0.0,0.0,1.0,0.0,0.0,1.0,1232.0,3693.0,-3383.0,766.0,2,0.06972406503420077,-0.0025952226013430625,
2024-04-07 05:28:24.728000+00:00,9496.0,0.0,0.0,0.0,1.0,0.0,0.0,1.0,1232.0,3693.0,-3383.0,766.0,2,0.06972406503420077,-0.0025952226013430625,
2024-04-07 05:28:25.168000+00:00,9496.0,0.0,0.0,0.0,1.0,0.0,0.0,1.0,1232.0,3693.0,-3383.0,766.0,2,0.06972406503420077,-0.0025952226013430625,
2024-04-07 05:28:25.328000+00:00,9496.0,0.0,0.0,0.0,1.0,0.0,0.0,1.0,1232.0,3693.0,-3383.0,766.0,2,0.06972406503420077,-0.0025952226013430625,
2024-04-07 05:28:25.488000+00:00,9496.0,0.0,0.0,0.0,1.0,0.0,0.0,1.0,1232.0,3693.0,-3383.0,766.0,2,0.06972406503420077,-0.0025952226013430625,
2024-04-07 05:28:25.648000+00:00,9496.0,0.0,0.0,0.0,1.0,0.0,0.0,1.0,1232.0,3693.0,-3383.0,766.0,2,0.06972406503420077,-0.0025952226013430625,
2024-04-07 05:28:25.888000+00:00,9496.0,0.0,0.0,0.0,1.0,0.0,0.0,1.0,1232.0,3693.0,-3383.0,766.0,2,0.06972406503420077,-0.0025952226013430625,
2024-04-07 05:28:26.168000+00:00,9496.0,0.0,0.0,0.0,1.0,0.0,0.0,1.0,1232.0,3693.0,-3383.0,766.0,2,0.06972406503420077,-0.0025952226013430625,
2024-04-07 05:28:26.368000+00:00,9496.0,0.0,0.0,0.0,1.0,0.0,0.0,1.0,1232.0,3693.0,-3383.0,766.0,2,0.06972406503420077,-0.0025952226013430625,
2024-04-07 05:28:26.648000+00:00,9496.0,0.0,0.0,0.0,1.0,0.0,0.0,1.0,1232.0,3693.0,-3383.0,766.0,2,0.06972406503420077,-0.0025952226013430625,
2024-04-07 05:28:27.088000+00:00,9496.0,0.0,0.0,0.0,1.0,0.0,0.0,1.0,1232.0,3693.0,-3383.0,766.0,2,0.06972406503420077,-0.0025952226013430625,
2024-04-07 05:28:27.409000+00:00,9496.0,0.0,0.0,0.0,1.0,0.0,0.0,1.0,1232.0,3693.0,-3383.0,766.0,2,0.06972406503420077,-0.0025952226013430625,
2024-04-07 05:28:27.568000+00:00,9496.0,0.0,0.0,0.0,1.0,0.0,0.0,1.0,1232.0,3693.0,-3383.0,766.0,2,0.06972406503420077,-0.0025952226013430625,
2024-04-07 05:28:27.968000+00:00,9496.0,0.0,0.0,0.0,1.0,0.0,0.0,1.0,1232.0,3693.0,-3383.0,766.0,2,0.06972406503420077,-0.0025952226013430625,
2024-04-07 05:28:28.168000+00:00,9496.0,0.0,0.0,0.0,1.0,0.0,0.0,1.0,1232.0,3693.0,-3383.0,766.0,2,0.06972406503420077,-0.0025952226013430625,
2024-04-07 05:28:28.408000+00:00,9496.0,0.0,0.0,0.0,1.0,0.0,0.0,1.0,1232.0,3693.0,-3383.0,766.0,2,0.06972406503420077,-0.0025952226013430625,
2024-04-07 05:28:28.728000+00:00,9496.0,0.0,0.0,0.0,1.0,0.0,0.0,1.0,1232.0,3693.0,-3383.0,766.0,2,0.06972406503420077,-0.0025952226013430625,
2024-04-07 05:28:28.928000+00:00,9496.0,0.0,0.0,0.0,1.0,0.0,0.0,1.0,1232.0,3693.0,-3383.0,766.0,2,0.06972406503420077,-0.0025952226013430625,
2024-04-07 05:28:29.168000+00:00,9496.0,0.0,0.0,0.0,1.0,0.0,0.0,1.0,1232.0,3693.0,-3383.0,766.0,2,0.06972406503420077,-0.0025952226013430625,
2024-04-07 05:28:29.448000+00:00,9496.0,0.0,0.0,0.0,1.0,0.0,0.0,1.0,1232.0,3693.0,-3383.0,766.0,2,0.06972406503420077,-0.0025952226013430625,
2024-04-07 05:28:29.928000+00:00,9496.0,0.0,0.0,0.0,1.0,0.0,0.0,1.0,1232.0,3693.0,-3383.0,766.0,2,0.06972406503420077,-0.0025952226013430625,
2024-04-07 05:28:30.248000+00:00,9496.0,0.0,0.0,0.0,1.0,0.0,0.0,1.0,1232.0,3693.0,-3383.0,766.0,2,0.06972406503420077,-0.0025952226013430625,
2024-04-07 05:28:30.488000+00:00,9496.0,0.0,0.0,0.0,1.0,0.0,0.0,1.0,1232.0,3693.0,-3383.0,766.0,2,0.06972406503420077,-0.0025952226013430625,
2024-04-07 05:28:30.648000+00:00,9496.0,0.0,0.0,0.0,1.0,0.0,0.0,1.0,1232.0,3693.0,-3383.0,766.0,2,0.06972406503420077,-0.0025952226013430625,
2024-04-07 05:28:30.888000+00:00,9496.0,0.0,0.0,0.0,1.0,0.0,0.0,1.0,1232.0,3693.0,-3383.0,766.0,2,0.06972406503420077,-0.0025952226013430625,
2024-04-07 05:28:31.128000+00:00,9496.0,0.0,0.0,0.0,1.0,0.0,0.0,1.0,1232.0,3693.0,-3383.0,766.0,2,0.06972406503420077,-0.0025952226013430625,
2024-04-07 05:28:31.288000+00:00,9496.0,0.0,0.0,0.0,1.0,0.0,0.0,1.0,1232.0,3693.0,-3383.0,766.0,2,0.06972406503420077,-0.0025952226013430625,
2024-04-07 05:28:31.528000+00:00,9496.0,0.0,0.0,0.0,1.0,0.0,0.0,1.0,1232.0,3693.0,-3383.0,766.0,2,0.06972406503420077,-0.0025952226013430625,
2024-04-07 05:28:31.768000+00:00,9496.0,0.0,0.0,0.0,1.0,0.0,0.0,1.0,1232.0,3693.0,-3383.0,766.0,2,0.06972406503420077,-0.0025952226013430625,
2024-04-07 05:28:31.968000+00:00,9496.0,0.0,0.0,0.0,1.0,0.0,0.0,1.0,1232.0,3693.0,-3383.0,766.0,2,0.06972406503420077,-0.0025952226013430625,
2024-04-07 05:28:32.128000+00:00,9496.0,0.0,0.0,0.0,1.0,0.0,0.0,1.0,1232.0,3693.0,-3383.0,766.0,2,0.06972406503420077,-0.0025952226013430625,
2024-04-07 05:28:32.568000+00:00,9496.0,0.0,0.0,0.0,1.0,0.0,0.0,1.0,1232.0,3693.0,-3383.0,766.0,2,0.06972406503420077,-0.0025952226013430625,
2024-04-07 05:28:32.728000+00:00,9496.0,0.0,0.0,0.0,1.0,0.0,0.0,1.0,1232.0,3693.0,-3383.0,766.0,2,0.06972406503420077,-0.0025952226013430625,
2024-04-07 05:28:32.968000+00:00,9496.0,0.0,0.0,0.0,1.0,0.0,0.0,1.0,1232.0,3693.0,-3383.0,766.0,2,0.06972406503420077,-0.0025952226013430625,
2024-04-07 05:28:33.208000+00:00,9496.0,0.0,0.0,0.0,1.0,0.0,0.0,1.0,1232.0,3693.0,-3383.0,766.0,2,0.06972406503420077,-0.0025952226013430625,
2024-04-07 05:28:33.448000+00:00,9496.0,0.0,0.0,0.0,1.0,0.0,0.0,1.0,1232.0,3693.0,-3383.0,766.0,2,0.06972406503420077,-0.0025952226013430625,
2024-04-07 05:28:33.728000+00:00,9496.0,0.0,0.0,0.0,1.0,0.0,0.0,1.0,1232.0,3693.0,-3383.0,766.0,2,0.06972406503420077,-0.0025952226013430625,
2024-04-07 05:28:34.009000+00:00,9496.0,0.0,0.0,0.0,1.0,0.0,0.0,1.0,1232.0,3693.0,-3383.0,766.0,2,0.06972406503420077,-0.0025952226013430625,
2024-04-07 05:28:34.328000+00:00,9496.0,0.0,0.0,0.0,1.0,0.0,0.0,1.0,1232.0,3693.0,-3383.0,766.0,2,0.06972406503420077,-0.0025952226013430625,
2024-04-07 05:28:34.528000+00:00,9496.0,0.0,0.0,0.0,1.0,0.0,0.0,1.0,1232.0,3693.0,-3383.0,766.0,2,0.06972406503420077,-0.0025952226013430625,
2024-04-07 05:28:34.848000+00:00,9496.0,0.0,0.0,0.0,1.0,0.0,0.0,1.0,1232.0,3693.0,-3383.0,766.0,2,0.06972406503420077,-0.0025952226013430625,
2024-04-07 05:28:35.048000+00:00,9496.0,0.0,0.0,0.0,1.0,0.0,0.0,1.0,1232.0,3693.0,-3383.0,766.0,2,0.06972406503420077,-0.0025952226013430625,
2024-04-07 05:28:35.208000+00:00,9496.0,0.0,0.0,0.0,1.0,0.0,0.0,1.0,1232.0,3693.0,-3383.0,766.0,2,0.06972406503420077,-0.0025952226013430625,
2024-04-07 05:28:35.448000+00:00,9496.0,0.0,0.0,0.0,1.0,0.0,0.0,1.0,1232.0,3693.0,-3383.0,766.0,2,0.06972406503420077,-0.0025952226013430625,
2024-04-07 05:28:35.728000+00:00,9496.0,0.0,0.0,0.0,1.0,0.0,0.0,1.0,1232.0,3693.0,-3383.0,766.0,2,0.06972406503420077,-0.0025952226013430625,
2024-04-07 05:28:35.928000+00:00,9496.0,0.0,0.0,0.0,1.0,0.0,0.0,1.0,1232.0,3693.0,-3383.0,766.0,2,0.06972406503420077,-0.0025952226013430625,
2024-04-07 05:28:36.248000+00:00,9496.0,0.0,0.0,0.0,1.0,0.0,0.0,1.0,1232.0,3693.0,-3383.0,766.0,2,0.06972406503420077,-0.0025952226013430625,
2024-04-07 05:28:36.528000+00:00,9496.0,0.0,0.0,0.0,1.0,0.0,0.0,1.0,1232.0,3693.0,-3383.0,766.0,2,0.06972406503420077,-0.0025952226013430625,
2024-04-07 05:28:36.688000+00:00,9496.0,0.0,0.0,0.0,1.0,0.0,0.0,1.0,1232.0,3693.0,-3383.0,766.0,2,0.06972406503420077,-0.0025952226013430625,
2024-04-07 05:28:36.848000+00:00,9496.0,0.0,0.0,0.0,1.0,0.0,0.0,1.0,1232.0,3693.0,-3383.0,766.0,2,0.06972406503420077,-0.0025952226013430625,
2024-04-07 05:28:37.088000+00:00,9496.0,0.0,0.0,0.0,1.0,0.0,0.0,1.0,1232.0,3693.0,-3383.0,766.0,2,0.06972406503420077,-0.0025952226013430625,
2024-04-07 05:28:37.408000+00:00,9496.0,0.0,0.0,0.0,1.0,0.0,0.0,1.0,1232.0,3693.0,-3383.0,766.0,2,0.06972406503420077,-0.0025952226013430625,
2024-04-07 05:28:37.568000+00:00,9496.0,0.0,0.0,0.0,1.0,0.0,0.0,1.0,1232.0,3693.0,-3383.0,766.0,2,0.06972406503420077,-0.0025952226013430625,
2024-04-07 05:28:37.848000+00:00,9496.0,0.0,0.0,0.0,1.0,0.0,0.0,1.0,1232.0,3693.0,-3383.0,766.0,2,0.06972406503420077,-0.0025952226013430625,
2024-04-07 05:28:38.008000+00:00,9496.0,0.0,0.0,0.0,1.0,0.0,0.0,1.0,1232.0,3693.0,-3383.0,766.0,2,0.06972406503420077,-0.0025952226013430625,
2024-04-07 05:28:38.288000+00:00,9496.0,0.0,0.0,0.0,1.0,0.0,0.0,1.0,1232.0,3693.0,-3383.0,766.0,2,0.06972406503420077,-0.0025952226013430625,
2024-04-07 05:28:38.608000+00:00,9496.0,0.0,0.0,0.0,1.0,0.0,0.0,1.0,1232.0,3693.0,-3383.0,766.0,2,0.06972406503420077,-0.0025952226013430625,
2024-04-07 05:28:38.848000+00:00,9496.0,0.0,0.0,0.0,1.0,0.0,0.0,1.0,1232.0,3693.0,-3383.0,766.0,2,0.06972406503420077,-0.0025952226013430625,
2024-04-07 05:28:39.008000+00:00,9496.0,0.0,0.0,0.0,1.0,0.0,0.0,1.0,1232.0,3693.0,-3383.0,766.0,2,0.06972406503420077,-0.0025952226013430625,
2024-04-07 05:28:39.288000+00:00,9496.0,0.0,0.0,0.0,1.0,0.0,0.0,1.0,1232.0,3693.0,-3383.0,766.0,2,0.06972406503420077,-0.0025952226013430625,
2024-04-07 05:28:39.568000+00:00,9496.0,0.0,0.0,0.0,1.0,0.0,0.0,1.0,1232.0,3693.0,-3383.0,766.0,2,0.06972406503420077,-0.0025952226013430625,
2024-04-07 05:28:39.888000+00:00,9496.0,0.0,0.0,0.0,1.0,0.0,0.0,1.0,1232.0,3693.0,-3383.0,766.0,2,0.06972406503420077,-0.0025952226013430625,
2024-04-07 05:28:40.208000+00:00,9496.0,0.0,0.0,0.0,1.0,0.0,0.0,1.0,1232.0,3693.0,-3383.0,766.0,2,0.06972406503420077,-0.0025952226013430625,
2024-04-07 05:28:40.529000+00:00,9496.0,0.0,0.0,0.0,1.0,0.0,0.0,1.0,1232.0,3693.0,-3383.0,766.0,2,0.06972406503420077,-0.0025952226013430625,
2024-04-07 05:28:40.729000+00:00,9496.0,0.0,0.0,0.0,1.0,0.0,0.0,1.0,1232.0,3693.0,-3383.0,766.0,2,0.06972406503420077,-0.0025952226013430625,
2024-04-07 05:28:41.048000+00:00,9496.0,0.0,0.0,0.0,1.0,0.0,0.0,1.0,1232.0,3693.0,-3383.0,766.0,2,0.06972406503420077,-0.0025952226013430625,
2024-04-07 05:28:41.288000+00:00,9496.0,0.0,0.0,0.0,1.0,0.0,0.0,1.0,1232.0,3693.0,-3383.0,766.0,2,0.06972406503420077,-0.0025952226013430625,
2024-04-07 05:28:41.448000+00:00,9496.0,0.0,0.0,0.0,1.0,0.0,0.0,1.0,1232.0,3693.0,-3383.0,766.0,2,0.06972406503420077,-0.0025952226013430625,
2024-04-07 05:28:41.608000+00:00,9496.0,0.0,0.0,0.0,1.0,0.0,0.0,1.0,1232.0,3693.0,-3383.0,766.0,2,0.06972406503420077,-0.0025952226013430625,
2024-04-07 05:28:41.848000+00:00,9496.0,0.0,0.0,0.0,1.0,0.0,0.0,1.0,1232.0,3693.0,-3383.0,766.0,2,0.06972406503420077,-0.0025952226013430625,
2024-04-07 05:28:42.088000+00:00,9496.0,0.0,0.0,0.0,1.0,0.0,0.0,1.0,1232.0,3693.0,-3383.0,766.0,2,0.06972406503420077,-0.0025952226013430625,
2024-04-07 05:28:42.288000+00:00,9496.0,0.0,0.0,0.0,1.0,0.0,0.0,1.0,1232.0,3693.0,-3383.0,766.0,2,0.06972406503420077,-0.0025952226013430625,
2024-04-07 05:28:42.528000+00:00,9496.0,0.0,0.0,0.0,1.0,0.0,0.0,1.0,1232.0,3693.0,-3383.0,766.0,2,0.06972406503420077,-0.0025952226013430625,
2024-04-07 05:28:42.688000+00:00,9496.0,0.0,0.0,0.0,1.0,0.0,0.0,1.0,1232.0,3693.0,-3383.0,766.0,2,0.06972406503420077,-0.0025952226013430625,
2024-04-07 05:28:43.008000+00:00,9496.0,0.0,0.0,0.0,1.0,0.0,0.0,1.0,1232.0,3693.0,-3383.0,766.0,2,0.06972406503420077,-0.0025952226013430625,
2024-04-07 05:28:43.368000+00:00,9496.0,0.0,0.0,0.0,1.0,0.0,0.0,1.0,1232.0,3693.0,-3383.0,766.0,2,0.06972406503420077,-0.0025952226013430625,
2024-04-07 05:28:43.808000+00:00,9496.0,0.0,0.0,0.0,1.0,0.0,0.0,1.0,1232.0,3693.0,-3383.0,766.0,2,0.06972406503420077,-0.0025952226013430625,
2024-04-07 05:28:44.128000+00:00,9496.0,0.0,0.0,0.0,1.0,0.0,0.0,1.0,1232.0,3693.0,-3383.0,766.0,2,0.06972406503420077,-0.0025952226013430625,
2024-04-07 05:28:44.448000+00:00,9496.0,0.0,0.0,0.0,1.0,0.0,0.0,1.0,1232.0,3693.0,-3383.0,766.0,2,0.06972406503420077,-0.0025952226013430625,
2024-04-07 05:28:44.608000+00:00,9496.0,0.0,0.0,0.0,1.0,0.0,0.0,1.0,1232.0,3693.0,-3383.0,766.0,2,0.06972406503420077,-0.0025952226013430625,
2024-04-07 05:28:44.768000+00:00,9496.0,0.0,0.0,0.0,1.0,0.0,0.0,1.0,1232.0,3693.0,-3383.0,766.0,2,0.06972406503420077,-0.0025952226013430625,
2024-04-07 05:28:45.008000+00:00,9496.0,0.0,0.0,0.0,1.0,0.0,0.0,1.0,1232.0,3693.0,-3383.0,766.0,2,0.06972406503420077,-0.0025952226013430625,
2024-04-07 05:28:45.248000+00:00,9496.0,0.0,0.0,0.0,1.0,0.0,0.0,1.0,1232.0,3693.0,-3383.0,766.0,2,0.06972406503420077,-0.0025952226013430625,
2024-04-07 05:28:45.408000+00:00,9496.0,0.0,0.0,0.0,1.0,0.0,0.0,1.0,1232.0,3693.0,-3383.0,766.0,2,0.06972406503420077,-0.0025952226013430625,
2024-04-07 05:28:45.728000+00:00,9496.0,0.0,0.0,0.0,1.0,0.0,0.0,1.0,1232.0,3693.0,-3383.0,766.0,2,0.06972406503420077,-0.0025952226013430625,
2024-04-07 05:28:46.088000+00:00,9496.0,0.0,0.0,0.0,1.0,0.0,0.0,1.0,1232.0,3693.0,-3383.0,766.0,2,0.06972406503420077,-0.0025952226013430625,
2024-04-07 05:28:46.608000+00:00,9496.0,0.0,0.0,0.0,1.0,0.0,0.0,1.0,1232.0,3693.0,-3383.0,766.0,2,0.06972406503420077,-0.0025952226013430625,
2024-04-07 05:28:46.768000+00:00,9496.0,0.0,0.0,0.0,1.0,0.0,0.0,1.0,1232.0,3693.0,-3383.0,766.0,2,0.06972406503420077,-0.0025952226013430625,
2024-04-07 05:28:47.169000+00:00,9496.0,0.0,0.0,0.0,1.0,0.0,0.0,1.0,1232.0,3693.0,-3383.0,766.0,2,0.06972406503420077,-0.0025952226013430625,
2024-04-07 05:28:47.489000+00:00,9496.0,0.0,0.0,0.0,1.0,0.0,0.0,1.0,1232.0,3693.0,-3383.0,766.0,2,0.06972406503420077,-0.0025952226013430625,
2024-04-07 05:28:47.808000+00:00,9496.0,0.0,0.0,0.0,1.0,0.0,0.0,1.0,1232.0,3693.0,-3383.0,766.0,2,0.06972406503420077,-0.0025952226013430625,
2024-04-07 05:28:47.968000+00:00,9496.0,0.0,0.0,0.0,1.0,0.0,0.0,1.0,1232.0,3693.0,-3383.0,766.0,2,0.06972406503420077,-0.0025952226013430625,
2024-04-07 05:28:48.168000+00:00,9496.0,0.0,0.0,0.0,1.0,0.0,0.0,1.0,1232.0,3693.0,-3383.0,766.0,2,0.06972406503420077,-0.0025952226013430625,
2024-04-07 05:28:48.448000+00:00,9496.0,0.0,0.0,0.0,1.0,0.0,0.0,1.0,1232.0,3693.0,-3383.0,766.0,2,0.06972406503420077,-0.0025952226013430625,
2024-04-07 05:28:48.688000+00:00,9496.0,0.0,0.0,0.0,1.0,0.0,0.0,1.0,1232.0,3693.0,-3383.0,766.0,2,0.06972406503420077,-0.0025952226013430625,
2024-04-07 05:28:49.088000+00:00,9496.0,0.0,0.0,0.0,1.0,0.0,0.0,1.0,1232.0,3693.0,-3383.0,766.0,2,0.06972406503420077,-0.0025952226013430625,
2024-04-07 05:28:49.288000+00:00,9496.0,0.0,100.0,0.0,1.0,0.0,0.0,1.0,1232.0,3693.0,-3383.0,766.0,2,-0.9299859679577895,-0.03321007600585361,
2024-04-07 05:28:49.448000+00:00,9496.0,0.0,100.0,0.0,1.0,0.0,0.0,1.0,1232.0,3693.0,-3383.0,766.0,2,-0.9299859718711808,-0.033209959006356336,
2024-04-07 05:28:49.608000+00:00,9496.0,0.0,100.0,0.0,1.0,0.0,0.0,1.0,1232.0,3693.0,-3383.0,766.0,2,-0.9299859753584968,-0.03320985474469054,
2024-04-07 05:28:49.848000+00:00,9496.0,0.0,100.0,0.0,1.0,0.0,0.0,1.0,1232.0,3693.0,-3383.0,766.0,2,-0.929985976205691,-0.03320982941591466,
2024-04-07 05:28:50.288000+00:00,9496.0,0.0,100.0,0.0,1.0,0.0,0.0,1.0,1232.0,3693.0,-3383.0,766.0,2,-0.9299859784373379,-0.033209762695275424,
2024-04-07 05:28:50.688000+00:00,9496.0,0.0,0.0,0.0,1.0,0.0,0.0,1.0,1232.0,3693.0,-3383.0,766.0,2,0.06972406503420077,-0.0025952226013430625,
2024-04-07 05:28:50.848000+00:00,9496.0,0.0,0.0,0.0,1.0,0.0,0.0,1.0,1232.0,3693.0,-3383.0,766.0,2,0.06972406503420077,-0.0025952226013430625,
2024-04-07 05:28:51.128000+00:00,9496.0,0.0,0.0,0.0,1.0,0.0,0.0,1.0,1232.0,3693.0,-3383.0,766.0,2,0.06972406503420077,-0.0025952226013430625,
2024-04-07 05:28:51.408000+00:00,9496.0,0.0,0.0,0.0,1.0,0.0,0.0,1.0,1232.0,3693.0,-3383.0,766.0,2,0.06972406503420077,-0.0025952226013430625,
2024-04-07 05:28:51.608000+00:00,9496.0,0.0,0.0,0.0,1.0,0.0,0.0,1.0,1232.0,3693.0,-3383.0,766.0,2,0.06972406503420077,-0.0025952226013430625,
2024-04-07 05:28:51.808000+00:00,9496.0,0.0,0.0,0.0,1.0,0.0,0.0,1.0,1232.0,3693.0,-3383.0,766.0,2,0.06972406503420077,-0.0025952226013430625,
2024-04-07 05:28:52.048000+00:00,9496.0,0.0,0.0,0.0,1.0,0.0,0.0,1.0,1232.0,3693.0,-3383.0,766.0,2,0.06972406503420077,-0.0025952226013430625,
2024-04-07 05:28:52.528000+00:00,9496.0,0.0,0.0,0.0,1.0,0.0,0.0,1.0,1232.0,3693.0,-3383.0,766.0,2,0.06972406503420077,-0.0025952226013430625,
2024-04-07 05:28:52.768000+00:00,9496.0,0.0,0.0,0.0,1.0,0.0,0.0,1.0,1232.0,3693.0,-3383.0,766.0,2,0.06972406503420077,-0.0025952226013430625,
2024-04-07 05:28:53.088000+00:00,9496.0,0.0,0.0,0.0,1.0,0.0,0.0,1.0,1232.0,3693.0,-3383.0,766.0,2,0.06972406503420077,-0.0025952226013430625,
2024-04-07 05:28:53.328000+00:00,9496.0,0.0,0.0,0.0,1.0,0.0,0.0,1.0,1232.0,3693.0,-3383.0,766.0,2,0.06972406503420077,-0.0025952226013430625,
2024-04-07 05:28:53.529000+00:00,9496.0,0.0,0.0,0.0,1.0,0.0,0.0,1.0,1232.0,3693.0,-3383.0,766.0,2,0.06972406503420077,-0.0025952226013430625,
2024-04-07 05:28:53.769000+00:00,9496.0,0.0,0.0,0.0,1.0,0.0,0.0,1.0,1232.0,3693.0,-3383.0,766.0,2,0.06972406503420077,-0.0025952226013430625,
2024-04-07 05:28:53.969000+00:00,9496.0,0.0,0.0,0.0,1.0,0.0,0.0,1.0,1232.0,3693.0,-3383.0,766.0,2,0.06972406503420077,-0.0025952226013430625,
2024-04-07 05:28:54.249000+00:00,9496.0,0.0,0.0,0.0,1.0,0.0,0.0,1.0,1232.0,3693.0,-3383.0,766.0,2,0.06972406503420077,-0.0025952226013430625,
2024-04-07 05:28:54.448000+00:00,9496.0,0.0,0.0,0.0,1.0,0.0,0.0,1.0,1232.0,3693.0,-3383.0,766.0,2,0.06972406503420077,-0.0025952226013430625,
2024-04-07 05:28:54.808000+00:00,9496.0,0.0,0.0,0.0,1.0,0.0,0.0,1.0,1232.0,3693.0,-3383.0,766.0,2,0.06972406503420077,-0.0025952226013430625,
2024-04-07 05:28:55.008000+00:00,9496.0,0.0,0.0,0.0,1.0,0.0,0.0,1.0,1232.0,3693.0,-3383.0,766.0,2,0.06972406503420077,-0.0025952226013430625,
2024-04-07 05:28:55.528000+00:00,9496.0,0.0,0.0,0.0,1.0,0.0,0.0,1.0,1232.0,3693.0,-3383.0,766.0,2,0.06972406503420077,-0.0025952226013430625,
2024-04-07 05:28:55.928000+00:00,9496.0,0.0,0.0,0.0,1.0,0.0,0.0,1.0,1232.0,3693.0,-3383.0,766.0,2,0.06972406503420077,-0.0025952226013430625,
2024-04-07 05:28:56.088000+00:00,9496.0,0.0,0.0,0.0,1.0,0.0,0.0,1.0,1232.0,3693.0,-3383.0,766.0,2,0.06972406503420077,-0.0025952226013430625,
2024-04-07 05:28:56.248000+00:00,9496.0,0.0,0.0,0.0,1.0,0.0,0.0,1.0,1232.0,3693.0,-3383.0,766.0,2,0.06972406503420077,-0.0025952226013430625,
2024-04-07 05:28:56.488000+00:00,9496.0,0.0,0.0,0.0,1.0,0.0,0.0,1.0,1232.0,3693.0,-3383.0,766.0,2,0.06972406503420077,-0.0025952226013430625,
2024-04-07 05:28:56.688000+00:00,9496.0,0.0,0.0,0.0,1.0,0.0,0.0,1.0,1232.0,3693.0,-3383.0,766.0,2,0.06972406503420077,-0.0025952226013430625,
2024-04-07 05:28:57.168000+00:00,9496.0,0.0,0.0,0.0,1.0,0.0,0.0,1.0,1232.0,3693.0,-3383.0,766.0,2,0.06972406503420077,-0.0025952226013430625,
2024-04-07 05:28:57.328000+00:00,9496.0,0.0,0.0,0.0,1.0,0.0,0.0,1.0,1232.0,3693.0,-3383.0,766.0,2,0.06972406503420077,-0.0025952226013430625,
2024-04-07 05:28:57.488000+00:00,9496.0,0.0,0.0,0.0,1.0,0.0,0.0,1.0,1232.0,3693.0,-3383.0,766.0,2,0.06972406503420077,-0.0025952226013430625,
2024-04-07 05:28:57.808000+00:00,9496.0,0.0,0.0,0.0,1.0,0.0,0.0,1.0,1232.0,3693.0,-3383.0,766.0,2,0.06972406503420077,-0.0025952226013430625,
2024-04-07 05:28:58.208000+00:00,9496.0,0.0,0.0,0.0,1.0,0.0,0.0,1.0,1232.0,3693.0,-3383.0,766.0,2,0.06972406503420077,-0.0025952226013430625,
2024-04-07 05:28:58.488000+00:00,9496.0,0.0,0.0,0.0,1.0,0.0,0.0,1.0,1232.0,3693.0,-3383.0,766.0,2,0.06972406503420077,-0.0025952226013430625,
2024-04-07 05:28:58.768000+00:00,9496.0,0.0,0.0,0.0,1.0,0.0,0.0,1.0,1232.0,3693.0,-3383.0,766.0,2,0.06972406503420077,-0.0025952226013430625,
2024-04-07 05:28:59.008000+00:00,9496.0,0.0,0.0,0.0,1.0,0.0,0.0,1.0,1232.0,3693.0,-3383.0,766.0,2,0.06972406503420077,-0.0025952226013430625,
2024-04-07 05:28:59.168000+00:00,9496.0,0.0,0.0,0.0,1.0,0.0,0.0,1.0,1232.0,3693.0,-3383.0,766.0,2,0.06972406503420077,-0.0025952226013430625,
2024-04-07 05:28:59.408000+00:00,9496.0,0.0,0.0,0.0,1.0,0.0,0.0,1.0,1232.0,3693.0,-3383.0,766.0,2,0.06972406503420077,-0.0025952226013430625,
2024-04-07 05:28:59.688000+00:00,9496.0,0.0,0.0,0.0,1.0,0.0,0.0,1.0,1232.0,3693.0,-3383.0,766.0,2,0.06972406503420077,-0.0025952226013430625,
2024-04-07 05:28:59.968000+00:00,9496.0,0.0,0.0,0.0,1.0,0.0,0.0,1.0,1232.0,3693.0,-3383.0,766.0,2,0.06972406503420077,-0.0025952226013430625,
2024-04-07 05:29:00.209000+00:00,9496.0,0.0,0.0,0.0,1.0,0.0,0.0,1.0,1232.0,3693.0,-3383.0,766.0,2,0.06972406503420077,-0.0025952226013430625,
2024-04-07 05:29:00.449000+00:00,9496.0,0.0,0.0,0.0,1.0,0.0,0.0,1.0,1232.0,3693.0,-3383.0,766.0,2,0.06972406503420077,-0.0025952226013430625,
2024-04-07 05:29:00.809000+00:00,9496.0,0.0,0.0,0.0,1.0,0.0,0.0,1.0,1232.0,3693.0,-3383.0,766.0,2,0.06972406503420077,-0.0025952226013430625,
2024-04-07 05:29:01.088000+00:00,9496.0,0.0,0.0,0.0,1.0,0.0,0.0,1.0,1232.0,3693.0,-3383.0,766.0,2,0.06972406503420077,-0.0025952226013430625,
2024-04-07 05:29:01.328000+00:00,9496.0,0.0,0.0,0.0,1.0,0.0,0.0,1.0,1232.0,3693.0,-3383.0,766.0,2,0.06972406503420077,-0.0025952226013430625,
2024-04-07 05:29:01.568000+00:00,9496.0,0.0,0.0,0.0,1.0,0.0,0.0,1.0,1232.0,3693.0,-3383.0,766.0,2,0.06972406503420077,-0.0025952226013430625,
2024-04-07 05:29:01.768000+00:00,9496.0,0.0,0.0,0.0,1.0,0.0,0.0,1.0,1232.0,3693.0,-3383.0,766.0,2,0.06972406503420077,-0.0025952226013430625,
2024-04-07 05:29:02.008000+00:00,9496.0,0.0,0.0,0.0,1.0,0.0,0.0,1.0,1232.0,3693.0,-3383.0,766.0,2,0.06972406503420077,-0.0025952226013430625,
2024-04-07 05:29:02.168000+00:00,9496.0,0.0,0.0,0.0,1.0,0.0,0.0,1.0,1232.0,3693.0,-3383.0,766.0,2,0.06972406503420077,-0.0025952226013430625,
2024-04-07 05:29:02.368000+00:00,9496.0,0.0,0.0,0.0,1.0,0.0,0.0,1.0,1232.0,3693.0,-3383.0,766.0,2,0.06972406503420077,-0.0025952226013430625,
2024-04-07 05:29:02.568000+00:00,9496.0,0.0,0.0,0.0,1.0,0.0,0.0,1.0,1232.0,3693.0,-3383.0,766.0,2,0.06972406503420077,-0.0025952226013430625,
2024-04-07 05:29:02.808000+00:00,9496.0,0.0,0.0,0.0,1.0,0.0,0.0,1.0,1232.0,3693.0,-3383.0,766.0,2,0.06972406503420077,-0.0025952226013430625,
2024-04-07 05:29:03.128000+00:00,9496.0,0.0,0.0,0.0,1.0,0.0,0.0,1.0,1232.0,3693.0,-3383.0,766.0,2,0.06972406503420077,-0.0025952226013430625,
2024-04-07 05:29:03.528000+00:00,9496.0,0.0,0.0,0.0,1.0,0.0,0.0,1.0,1232.0,3693.0,-3383.0,766.0,2,0.06972406503420077,-0.0025952226013430625,
2024-04-07 05:29:03.728000+00:00,9496.0,0.0,0.0,0.0,1.0,0.0,0.0,1.0,1232.0,3693.0,-3383.0,766.0,2,0.06972406503420077,-0.0025952226013430625,
2024-04-07 05:29:04.008000+00:00,9496.0,0.0,0.0,0.0,1.0,0.0,0.0,1.0,1232.0,3693.0,-3383.0,766.0,2,0.06972406503420077,-0.0025952226013430625,
2024-04-07 05:29:04.368000+00:00,9496.0,0.0,0.0,0.0,1.0,0.0,0.0,1.0,1232.0,3693.0,-3383.0,766.0,2,0.06972406503420077,-0.0025952226013430625,
2024-04-07 05:29:04.528000+00:00,9496.0,0.0,0.0,0.0,1.0,0.0,0.0,1.0,1232.0,3693.0,-3383.0,766.0,2,0.06972406503420077,-0.0025952226013430625,
2024-04-07 05:29:04.768000+00:00,9496.0,0.0,0.0,0.0,1.0,0.0,0.0,1.0,1232.0,3693.0,-3383.0,766.0,2,0.06972406503420077,-0.0025952226013430625,
2024-04-07 05:29:04.968000+00:00,9496.0,0.0,0.0,0.0,1.0,0.0,0.0,1.0,1232.0,3693.0,-3383.0,766.0,2,0.06972406503420077,-0.0025952226013430625,
2024-04-07 05:29:05.408000+00:00,9496.0,0.0,0.0,0.0,1.0,0.0,0.0,1.0,1232.0,3693.0,-3383.0,766.0,2,0.06972406503420077,-0.0025952226013430625,
2024-04-07 05:29:05.768000+00:00,9496.0,0.0,0.0,0.0,1.0,0.0,0.0,1.0,1232.0,3693.0,-3383.0,766.0,2,0.06972406503420077,-0.0025952226013430625,
2024-04-07 05:29:06.168000+00:00,9496.0,0.0,0.0,0.0,1.0,0.0,0.0,1.0,1232.0,3693.0,-3383.0,766.0,2,0.06972406503420077,-0.0025952226013430625,
2024-04-07 05:29:06.448000+00:00,9496.0,0.0,0.0,0.0,1.0,0.0,0.0,1.0,1232.0,3693.0,-3383.0,766.0,2,0.06972406503420077,-0.0025952226013430625,
2024-04-07 05:29:06.608000+00:00,9496.0,0.0,0.0,0.0,1.0,0.0,0.0,1.0,1232.0,3693.0,-3383.0,766.0,2,0.06972406503420077,-0.0025952226013430625,
2024-04-07 05:29:06.809000+00:00,9496.0,0.0,0.0,0.0,1.0,0.0,0.0,1.0,1232.0,3693.0,-3383.0,766.0,2,0.06972406503420077,-0.0025952226013430625,
2024-04-07 05:29:07.089000+00:00,9496.0,0.0,0.0,0.0,1.0,0.0,0.0,1.0,1232.0,3693.0,-3383.0,766.0,2,0.06972406503420077,-0.0025952226013430625,
2024-04-07 05:29:07.249000+00:00,9496.0,0.0,0.0,0.0,1.0,0.0,0.0,1.0,1232.0,3693.0,-3383.0,766.0,2,0.06972406503420077,-0.0025952226013430625,
2024-04-07 05:29:07.489000+00:00,9496.0,0.0,0.0,0.0,1.0,0.0,0.0,1.0,1232.0,3693.0,-3383.0,766.0,2,0.06972406503420077,-0.0025952226013430625,
2024-04-07 05:29:07.808000+00:00,9496.0,0.0,0.0,0.0,1.0,0.0,0.0,1.0,1232.0,3693.0,-3383.0,766.0,2,0.06972406503420077,-0.0025952226013430625,
2024-04-07 05:29:08.048000+00:00,9496.0,0.0,0.0,0.0,1.0,0.0,0.0,1.0,1232.0,3693.0,-3383.0,766.0,2,0.06972406503420077,-0.0025952226013430625,
2024-04-07 05:29:08.488000+00:00,9496.0,0.0,0.0,0.0,1.0,0.0,0.0,1.0,1232.0,3693.0,-3383.0,766.0,2,0.06972406503420077,-0.0025952226013430625,
2024-04-07 05:29:08.728000+00:00,9496.0,0.0,0.0,0.0,1.0,0.0,0.0,1.0,1232.0,3693.0,-3383.0,766.0,2,0.06972406503420077,-0.0025952226013430625,
2024-04-07 05:29:09.128000+00:00,9496.0,0.0,0.0,0.0,1.0,0.0,0.0,1.0,1232.0,3693.0,-3383.0,766.0,2,0.06972406503420077,-0.0025952226013430625,
2024-04-07 05:29:09.448000+00:00,9496.0,0.0,0.0,0.0,1.0,0.0,0.0,1.0,1232.0,3693.0,-3383.0,766.0,2,0.06972406503420077,-0.0025952226013430625,
2024-04-07 05:29:09.728000+00:00,9496.0,0.0,0.0,0.0,1.0,0.0,0.0,1.0,1232.0,3693.0,-3383.0,766.0,2,0.06972406503420077,-0.0025952226013430625,
2024-04-07 05:29:09.968000+00:00,9496.0,0.0,0.0,0.0,1.0,0.0,0.0,1.0,1232.0,3693.0,-3383.0,766.0,2,0.06972406503420077,-0.0025952226013430625,
2024-04-07 05:29:10.328000+00:00,9496.0,0.0,0.0,0.0,1.0,0.0,0.0,1.0,1232.0,3693.0,-3383.0,766.0,2,0.06972406503420077,-0.0025952226013430625,
2024-04-07 05:29:10.528000+00:00,9496.0,0.0,0.0,0.0,1.0,0.0,0.0,1.0,1232.0,3693.0,-3383.0,766.0,2,0.06972406503420077,-0.0025952226013430625,
2024-04-07 05:29:10.928000+00:00,9496.0,0.0,0.0,0.0,1.0,0.0,0.0,1.0,1232.0,3693.0,-3383.0,766.0,2,0.06972406503420077,-0.0025952226013430625,
2024-04-07 05:29:11.608000+00:00,9496.0,0.0,0.0,0.0,1.0,0.0,0.0,1.0,1232.0,3693.0,-3383.0,766.0,2,0.06972406503420077,-0.0025952226013430625,
2024-04-07 05:29:11.808000+00:00,9496.0,0.0,0.0,0.0,1.0,0.0,0.0,1.0,1232.0,3693.0,-3383.0,766.0,2,0.06972406503420077,-0.0025952226013430625,
2024-04-07 05:29:12.048000+00:00,9496.0,0.0,0.0,0.0,1.0,0.0,0.0,1.0,1232.0,3693.0,-3383.0,766.0,2,0.06972406503420077,-0.0025952226013430625,
2024-04-07 05:29:12.328000+00:00,9496.0,0.0,0.0,0.0,1.0,0.0,0.0,1.0,1232.0,3693.0,-3383.0,766.0,2,0.06972406503420077,-0.0025952226013430625,
2024-04-07 05:29:12.568000+00:00,9496.0,0.0,0.0,0.0,1.0,0.0,0.0,1.0,1232.0,3693.0,-3383.0,766.0,2,0.06972406503420077,-0.0025952226013430625,
2024-04-07 05:29:12.768000+00:00,9496.0,0.0,0.0,0.0,1.0,0.0,0.0,1.0,1232.0,3693.0,-3383.0,766.0,2,0.06972406503420077,-0.0025952226013430625,
2024-04-07 05:29:13.008000+00:00,9496.0,0.0,0.0,0.0,1.0,0.0,0.0,1.0,1232.0,3693.0,-3383.0,766.0,2,0.06972406503420077,-0.0025952226013430625,
2024-04-07 05:29:13.289000+00:00,9496.0,0.0,0.0,0.0,1.0,0.0,0.0,1.0,1232.0,3693.0,-3383.0,766.0,2,0.06972406503420077,-0.0025952226013430625,
2024-04-07 05:29:13.649000+00:00,9496.0,0.0,0.0,0.0,1.0,0.0,0.0,1.0,1232.0,3693.0,-3383.0,766.0,2,0.06972406503420077,-0.0025952226013430625,
2024-04-07 05:29:14.009000+00:00,9496.0,0.0,0.0,0.0,1.0,0.0,0.0,1.0,1232.0,3693.0,-3383.0,766.0,2,0.06972406503420077,-0.0025952226013430625,
2024-04-07 05:29:14.249000+00:00,9496.0,0.0,0.0,0.0,1.0,0.0,0.0,1.0,1232.0,3693.0,-3383.0,766.0,2,0.06972406503420077,-0.0025952226013430625,
2024-04-07 05:29:14.489000+00:00,9496.0,0.0,0.0,0.0,1.0,0.0,0.0,1.0,1232.0,3693.0,-3383.0,766.0,2,0.06972406503420077,-0.0025952226013430625,
2024-04-07 05:29:14.688000+00:00,9496.0,0.0,0.0,0.0,1.0,0.0,0.0,1.0,1232.0,3693.0,-3383.0,766.0,2,0.06972406503420077,-0.0025952226013430625,
2024-04-07 05:29:14.888000+00:00,9496.0,0.0,0.0,0.0,1.0,0.0,0.0,1.0,1232.0,3693.0,-3383.0,766.0,2,0.06972406503420077,-0.0025952226013430625,
2024-04-07 05:29:15.088000+00:00,9496.0,0.0,0.0,0.0,1.0,0.0,0.0,1.0,1232.0,3693.0,-3383.0,766.0,2,0.06972406503420077,-0.0025952226013430625,
2024-04-07 05:29:15.448000+00:00,9496.0,0.0,0.0,0.0,1.0,0.0,0.0,1.0,1232.0,3693.0,-3383.0,766.0,2,0.06972406503420077,-0.0025952226013430625,
2024-04-07 05:29:15.608000+00:00,9496.0,0.0,0.0,0.0,1.0,0.0,0.0,1.0,1232.0,3693.0,-3383.0,766.0,2,0.06972406503420077,-0.0025952226013430625,
2024-04-07 05:29:16.088000+00:00,9496.0,0.0,0.0,0.0,1.0,0.0,0.0,1.0,1232.0,3693.0,-3383.0,766.0,2,0.06972406503420077,-0.0025952226013430625,
2024-04-07 05:29:16.368000+00:00,9496.0,0.0,0.0,0.0,1.0,0.0,0.0,1.0,1232.0,3693.0,-3383.0,766.0,2,0.06972406503420077,-0.0025952226013430625,
2024-04-07 05:29:16.608000+00:00,9496.0,0.0,0.0,0.0,1.0,0.0,0.0,1.0,1232.0,3693.0,-3383.0,766.0,2,0.06972406503420077,-0.0025952226013430625,
2024-04-07 05:29:16.888000+00:00,9496.0,0.0,0.0,0.0,1.0,0.0,0.0,1.0,1232.0,3693.0,-3383.0,766.0,2,0.06972406503420077,-0.0025952226013430625,
2024-04-07 05:29:17.328000+00:00,9496.0,0.0,0.0,0.0,1.0,0.0,0.0,1.0,1232.0,3693.0,-3383.0,766.0,2,0.06972406503420077,-0.0025952226013430625,
2024-04-07 05:29:17.528000+00:00,9496.0,0.0,0.0,0.0,1.0,0.0,0.0,1.0,1232.0,3693.0,-3383.0,766.0,2,0.06972406503420077,-0.0025952226013430625,
2024-04-07 05:29:17.768000+00:00,9496.0,0.0,0.0,0.0,1.0,0.0,0.0,1.0,1232.0,3693.0,-3383.0,766.0,2,0.06972406503420077,-0.0025952226013430625,
2024-04-07 05:29:18.088000+00:00,9496.0,0.0,0.0,0.0,1.0,0.0,0.0,1.0,1232.0,3693.0,-3383.0,766.0,2,0.06972406503420077,-0.0025952226013430625,
2024-04-07 05:29:18.328000+00:00,9496.0,0.0,0.0,0.0,1.0,0.0,0.0,1.0,1232.0,3693.0,-3383.0,766.0,2,0.06972406503420077,-0.0025952226013430625,
2024-04-07 05:29:18.488000+00:00,9496.0,0.0,0.0,0.0,1.0,0.0,0.0,1.0,1232.0,3693.0,-3383.0,766.0,2,0.06972406503420077,-0.0025952226013430625,
2024-04-07 05:29:18.688000+00:00,9496.0,0.0,0.0,0.0,1.0,0.0,0.0,1.0,1232.0,3693.0,-3383.0,766.0,2,0.06972406503420077,-0.0025952226013430625,
2024-04-07 05:29:18.888000+00:00,9496.0,0.0,0.0,0.0,1.0,0.0,0.0,1.0,1232.0,3693.0,-3383.0,766.0,2,0.06972406503420077,-0.0025952226013430625,
2024-04-07 05:29:19.168000+00:00,9496.0,0.0,0.0,0.0,1.0,0.0,0.0,1.0,1232.0,3693.0,-3383.0,766.0,2,0.06972406503420077,-0.0025952226013430625,
2024-04-07 05:29:19.648000+00:00,9496.0,0.0,0.0,0.0,1.0,0.0,0.0,1.0,1232.0,3693.0,-3383.0,766.0,2,0.06972406503420077,-0.0025952226013430625,
2024-04-07 05:29:19.889000+00:00,9496.0,0.0,0.0,0.0,1.0,0.0,0.0,1.0,1232.0,3693.0,-3383.0,766.0,2,0.06972406503420077,-0.0025952226013430625,
2024-04-07 05:29:20.089000+00:00,9496.0,0.0,0.0,0.0,1.0,0.0,0.0,1.0,1232.0,3693.0,-3383.0,766.0,2,0.06972406503420077,-0.0025952226013430625,
2024-04-07 05:29:21.129000+00:00,9496.0,0.0,0.0,0.0,1.0,0.0,0.0,1.0,1232.0,3693.0,-3383.0,766.0,2,0.06972406503420077,-0.0025952226013430625,
2024-04-07 05:29:21.328000+00:00,9496.0,0.0,0.0,0.0,1.0,0.0,0.0,1.0,1232.0,3693.0,-3383.0,766.0,2,0.06972406503420077,-0.0025952226013430625,
2024-04-07 05:29:21.528000+00:00,9496.0,0.0,0.0,0.0,1.0,0.0,0.0,1.0,1232.0,3693.0,-3383.0,766.0,2,0.06972406503420077,-0.0025952226013430625,
2024-04-07 05:29:21.928000+00:00,9496.0,0.0,0.0,0.0,1.0,0.0,0.0,1.0,1232.0,3693.0,-3383.0,766.0,2,0.06972406503420077,-0.0025952226013430625,
2024-04-07 05:29:22.288000+00:00,9496.0,0.0,0.0,0.0,1.0,0.0,0.0,1.0,1232.0,3693.0,-3383.0,766.0,2,0.06972406503420077,-0.0025952226013430625,
2024-04-07 05:29:22.568000+00:00,9496.0,0.0,0.0,0.0,1.0,0.0,0.0,1.0,1232.0,3693.0,-3383.0,766.0,2,0.06972406503420077,-0.0025952226013430625,
2024-04-07 05:29:22.888000+00:00,9496.0,0.0,0.0,0.0,1.0,0.0,0.0,1.0,1232.0,3693.0,-3383.0,766.0,2,0.06972406503420077,-0.0025952226013430625,
2024-04-07 05:29:23.128000+00:00,9496.0,0.0,0.0,0.0,1.0,0.0,0.0,1.0,1232.0,3693.0,-3383.0,766.0,2,0.06972406503420077,-0.0025952226013430625,
2024-04-07 05:29:23.368000+00:00,9496.0,0.0,0.0,0.0,1.0,0.0,0.0,1.0,1232.0,3693.0,-3383.0,766.0,2,0.06972406503420077,-0.0025952226013430625,
2024-04-07 05:29:23.528000+00:00,9496.0,0.0,0.0,0.0,1.0,0.0,0.0,1.0,1232.0,3693.0,-3383.0,766.0,2,0.06972406503420077,-0.0025952226013430625,
2024-04-07 05:29:23.728000+00:00,9496.0,0.0,0.0,0.0,1.0,0.0,0.0,1.0,1232.0,3693.0,-3383.0,766.0,2,0.06972406503420077,-0.0025952226013430625,
2024-04-07 05:29:23.888000+00:00,9496.0,0.0,0.0,0.0,1.0,0.0,0.0,1.0,1232.0,3693.0,-3383.0,766.0,2,0.06972406503420077,-0.0025952226013430625,
2024-04-07 05:29:24.208000+00:00,9496.0,0.0,0.0,0.0,1.0,0.0,0.0,1.0,1232.0,3693.0,-3383.0,766.0,2,0.06972406503420077,-0.0025952226013430625,
2024-04-07 05:29:24.368000+00:00,9496.0,0.0,0.0,0.0,1.0,0.0,0.0,1.0,1232.0,3693.0,-3383.0,766.0,2,0.06972406503420077,-0.0025952226013430625,
2024-04-07 05:29:24.568000+00:00,9496.0,0.0,0.0,0.0,1.0,0.0,0.0,1.0,1232.0,3693.0,-3383.0,766.0,2,0.06972406503420077,-0.0025952226013430625,
2024-04-07 05:29:24.848000+00:00,9496.0,0.0,0.0,0.0,1.0,0.0,0.0,1.0,1232.0,3693.0,-3383.0,766.0,2,0.06972406503420077,-0.0025952226013430625,
2024-04-07 05:29:25.248000+00:00,9496.0,0.0,0.0,0.0,1.0,0.0,0.0,1.0,1232.0,3693.0,-3383.0,766.0,2,0.06972406503420077,-0.0025952226013430625,
2024-04-07 05:29:25.488000+00:00,9496.0,0.0,0.0,0.0,1.0,0.0,0.0,1.0,1232.0,3693.0,-3383.0,766.0,2,0.06972406503420077,-0.0025952226013430625,
2024-04-07 05:29:25.688000+00:00,9496.0,0.0,0.0,0.0,1.0,0.0,0.0,1.0,1232.0,3693.0,-3383.0,766.0,2,0.06972406503420077,-0.0025952226013430625,
2024-04-07 05:29:26.048000+00:00,9496.0,0.0,0.0,0.0,1.0,0.0,0.0,1.0,1232.0,3693.0,-3383.0,766.0,2,0.06972406503420077,-0.0025952226013430625,
2024-04-07 05:29:26.449000+00:00,9496.0,0.0,0.0,0.0,1.0,0.0,0.0,1.0,1232.0,3693.0,-3383.0,766.0,2,0.06972406503420077,-0.0025952226013430625,
2024-04-07 05:29:26.849000+00:00,9496.0,0.0,0.0,0.0,1.0,0.0,0.0,1.0,1232.0,3693.0,-3383.0,766.0,2,0.06972406503420077,-0.0025952226013430625,
2024-04-07 05:29:27.049000+00:00,9496.0,0.0,0.0,0.0,1.0,0.0,0.0,1.0,1232.0,3693.0,-3383.0,766.0,2,0.06972406503420077,-0.0025952226013430625,
2024-04-07 05:29:27.289000+00:00,9496.0,0.0,0.0,0.0,1.0,0.0,0.0,1.0,1232.0,3693.0,-3383.0,766.0,2,0.06972406503420077,-0.0025952226013430625,
2024-04-07 05:29:27.569000+00:00,9496.0,0.0,0.0,0.0,1.0,0.0,0.0,1.0,1232.0,3693.0,-3383.0,766.0,2,0.06972406503420077,-0.0025952226013430625,
2024-04-07 05:29:27.809000+00:00,9496.0,0.0,0.0,0.0,1.0,0.0,0.0,1.0,1232.0,3693.0,-3383.0,766.0,2,0.06972406503420077,-0.0025952226013430625,
2024-04-07 05:29:28.008000+00:00,9496.0,0.0,0.0,0.0,1.0,0.0,0.0,1.0,1232.0,3693.0,-3383.0,766.0,2,0.06972406503420077,-0.0025952226013430625,
2024-04-07 05:29:28.168000+00:00,9496.0,0.0,0.0,0.0,1.0,0.0,0.0,1.0,1232.0,3693.0,-3383.0,766.0,2,0.06972406503420077,-0.0025952226013430625,
2024-04-07 05:29:28.368000+00:00,9496.0,0.0,0.0,0.0,1.0,0.0,0.0,1.0,1232.0,3693.0,-3383.0,766.0,2,0.06972406503420077,-0.0025952226013430625,
2024-04-07 05:29:28.728000+00:00,9496.0,0.0,0.0,0.0,1.0,0.0,0.0,1.0,1232.0,3693.0,-3383.0,766.0,2,0.06972406503420077,-0.0025952226013430625,
2024-04-07 05:29:29.008000+00:00,9496.0,0.0,0.0,0.0,1.0,0.0,0.0,1.0,1232.0,3693.0,-3383.0,766.0,2,0.06972406503420077,-0.0025952226013430625,
2024-04-07 05:29:29.248000+00:00,9496.0,0.0,0.0,0.0,1.0,0.0,0.0,1.0,1232.0,3693.0,-3383.0,766.0,2,0.06972406503420077,-0.0025952226013430625,
2024-04-07 05:29:29.448000+00:00,9496.0,0.0,0.0,0.0,1.0,0.0,0.0,1.0,1232.0,3693.0,-3383.0,766.0,2,0.06972406503420077,-0.0025952226013430625,
2024-04-07 05:29:29.608000+00:00,9496.0,0.0,0.0,0.0,1.0,0.0,0.0,1.0,1232.0,3693.0,-3383.0,766.0,2,0.06972406503420077,-0.0025952226013430625,
2024-04-07 05:29:29.848000+00:00,9496.0,0.0,0.0,0.0,1.0,0.0,0.0,1.0,1232.0,3693.0,-3383.0,766.0,2,0.06972406503420077,-0.0025952226013430625,
2024-04-07 05:29:30.168000+00:00,9496.0,0.0,0.0,0.0,1.0,0.0,0.0,1.0,1232.0,3693.0,-3383.0,766.0,2,0.06972406503420077,-0.0025952226013430625,
2024-04-07 05:29:30.488000+00:00,9496.0,0.0,0.0,0.0,1.0,0.0,0.0,1.0,1232.0,3693.0,-3383.0,766.0,2,0.06972406503420077,-0.0025952226013430625,
2024-04-07 05:29:30.808000+00:00,9496.0,0.0,0.0,0.0,1.0,0.0,0.0,1.0,1232.0,3693.0,-3383.0,766.0,2,0.06972406503420077,-0.0025952226013430625,
2024-04-07 05:29:31.208000+00:00,9496.0,0.0,0.0,0.0,1.0,0.0,0.0,1.0,1232.0,3693.0,-3383.0,766.0,2,0.06972406503420077,-0.0025952226013430625,
2024-04-07 05:29:31.448000+00:00,9496.0,0.0,0.0,0.0,1.0,0.0,0.0,1.0,1232.0,3693.0,-3383.0,766.0,2,0.06972406503420077,-0.0025952226013430625,
2024-04-07 05:29:31.808000+00:00,9496.0,0.0,0.0,0.0,1.0,0.0,0.0,1.0,1232.0,3693.0,-3383.0,766.0,2,0.06972406503420077,-0.0025952226013430625,
2024-04-07 05:29:32.248000+00:00,9496.0,0.0,0.0,0.0,1.0,0.0,0.0,1.0,1232.0,3693.0,-3383.0,766.0,2,0.06972406503420077,-0.0025952226013430625,
2024-04-07 05:29:32.568000+00:00,9496.0,0.0,0.0,0.0,1.0,0.0,0.0,1.0,1232.0,3693.0,-3383.0,766.0,2,0.06972406503420077,-0.0025952226013430625,
2024-04-07 05:29:32.848000+00:00,9496.0,0.0,0.0,0.0,1.0,0.0,0.0,1.0,1232.0,3693.0,-3383.0,766.0,2,0.06972406503420077,-0.0025952226013430625,
2024-04-07 05:29:33.289000+00:00,9496.0,0.0,0.0,0.0,1.0,0.0,0.0,1.0,1232.0,3693.0,-3383.0,766.0,2,0.06972406503420077,-0.0025952226013430625,
2024-04-07 05:29:33.529000+00:00,9496.0,0.0,0.0,0.0,1.0,0.0,0.0,1.0,1232.0,3693.0,-3383.0,766.0,2,0.06972406503420077,-0.0025952226013430625,
2024-04-07 05:29:33.889000+00:00,9496.0,0.0,0.0,0.0,1.0,0.0,0.0,1.0,1232.0,3693.0,-3383.0,766.0,2,0.06972406503420077,-0.0025952226013430625,
2024-04-07 05:29:34.089000+00:00,9496.0,0.0,0.0,0.0,1.0,0.0,0.0,1.0,1232.0,3693.0,-3383.0,766.0,2,0.06972406503420077,-0.0025952226013430625,
2024-04-07 05:29:34.289000+00:00,9496.0,0.0,0.0,0.0,1.0,0.0,0.0,1.0,1232.0,3693.0,-3383.0,766.0,2,0.06972406503420077,-0.0025952226013430625,
2024-04-07 05:29:34.609000+00:00,9496.0,0.0,0.0,0.0,1.0,0.0,0.0,1.0,1232.0,3693.0,-3383.0,766.0,2,0.06972406503420077,-0.0025952226013430625,
2024-04-07 05:29:34.848000+00:00,9496.0,0.0,0.0,0.0,1.0,0.0,0.0,1.0,1232.0,3693.0,-3383.0,766.0,2,0.06972406503420077,-0.0025952226013430625,
2024-04-07 05:29:35.208000+00:00,9496.0,0.0,0.0,0.0,1.0,0.0,0.0,1.0,1232.0,3693.0,-3383.0,766.0,2,0.06972406503420077,-0.0025952226013430625,
2024-04-07 05:29:35.408000+00:00,9496.0,0.0,0.0,0.0,1.0,0.0,0.0,1.0,1232.0,3693.0,-3383.0,766.0,2,0.06972406503420077,-0.0025952226013430625,
2024-04-07 05:29:35.808000+00:00,9496.0,0.0,0.0,0.0,1.0,0.0,0.0,1.0,1232.0,3693.0,-3383.0,766.0,2,0.06972406503420077,-0.0025952226013430625,
2024-04-07 05:29:35.968000+00:00,9496.0,0.0,0.0,0.0,1.0,0.0,0.0,1.0,1232.0,3693.0,-3383.0,766.0,2,0.06972406503420077,-0.0025952226013430625,
2024-04-07 05:29:36.368000+00:00,9496.0,0.0,0.0,0.0,1.0,0.0,0.0,1.0,1232.0,3693.0,-3383.0,766.0,2,0.06972406503420077,-0.0025952226013430625,
2024-04-07 05:29:36.568000+00:00,9496.0,0.0,0.0,0.0,1.0,0.0,0.0,1.0,1232.0,3693.0,-3383.0,766.0,2,0.06972406503420077,-0.0025952226013430625,
2024-04-07 05:29:36.808000+00:00,9496.0,0.0,0.0,0.0,1.0,0.0,0.0,1.0,1232.0,3693.0,-3383.0,766.0,2,0.06972406503420077,-0.0025952226013430625,
2024-04-07 05:29:37.168000+00:00,9496.0,0.0,0.0,0.0,1.0,0.0,0.0,1.0,1232.0,3693.0,-3383.0,766.0,2,0.06972406503420077,-0.0025952226013430625,
2024-04-07 05:29:37.328000+00:00,9496.0,0.0,0.0,0.0,1.0,0.0,0.0,1.0,1232.0,3693.0,-3383.0,766.0,2,0.06972406503420077,-0.0025952226013430625,
2024-04-07 05:29:37.528000+00:00,9496.0,0.0,0.0,0.0,1.0,0.0,0.0,1.0,1232.0,3693.0,-3383.0,766.0,2,0.06972406503420077,-0.0025952226013430625,
2024-04-07 05:29:37.688000+00:00,9496.0,0.0,0.0,0.0,1.0,0.0,0.0,1.0,1232.0,3693.0,-3383.0,766.0,2,0.06972406503420077,-0.0025952226013430625,
2024-04-07 05:29:38.088000+00:00,9496.0,0.0,0.0,0.0,1.0,0.0,0.0,1.0,1232.0,3693.0,-3383.0,766.0,2,0.06972406503420077,-0.0025952226013430625,
2024-04-07 05:29:38.408000+00:00,9496.0,0.0,0.0,0.0,1.0,0.0,0.0,1.0,1232.0,3693.0,-3383.0,766.0,2,0.06972406503420077,-0.0025952226013430625,
2024-04-07 05:29:38.568000+00:00,9496.0,0.0,0.0,0.0,1.0,0.0,0.0,1.0,1232.0,3693.0,-3383.0,766.0,2,0.06972406503420077,-0.0025952226013430625,
2024-04-07 05:29:38.848000+00:00,9496.0,0.0,0.0,0.0,1.0,0.0,0.0,1.0,1232.0,3693.0,-3383.0,766.0,2,0.06972406503420077,-0.0025952226013430625,
2024-04-07 05:29:39.128000+00:00,9496.0,0.0,0.0,0.0,1.0,0.0,0.0,1.0,1232.0,3693.0,-3383.0,766.0,2,0.06972406503420077,-0.0025952226013430625,
2024-04-07 05:29:39.328000+00:00,9496.0,0.0,0.0,0.0,1.0,0.0,0.0,1.0,1232.0,3693.0,-3383.0,766.0,2,0.06972406503420077,-0.0025952226013430625,
2024-04-07 05:29:39.528000+00:00,9496.0,0.0,0.0,0.0,1.0,0.0,0.0,1.0,1232.0,3693.0,-3383.0,766.0,2,0.06972406503420077,-0.0025952226013430625,
2024-04-07 05:29:39.809000+00:00,9496.0,0.0,0.0,0.0,1.0,0.0,0.0,1.0,1232.0,3693.0,-3383.0,766.0,2,0.06972406503420077,-0.0025952226013430625,
2024-04-07 05:29:40.049000+00:00,9496.0,0.0,0.0,0.0,1.0,0.0,0.0,1.0,1232.0,3693.0,-3383.0,766.0,2,0.06972406503420077,-0.0025952226013430625,
2024-04-07 05:29:40.289000+00:00,9496.0,0.0,0.0,0.0,1.0,0.0,0.0,1.0,1232.0,3693.0,-3383.0,766.0,2,0.06972406503420077,-0.0025952226013430625,
2024-04-07 05:29:40.769000+00:00,9496.0,0.0,0.0,0.0,1.0,0.0,0.0,1.0,1232.0,3693.0,-3383.0,766.0,2,0.06972406503420077,-0.0025952226013430625,
2024-04-07 05:29:41.089000+00:00,9496.0,0.0,0.0,0.0,1.0,0.0,0.0,1.0,1232.0,3693.0,-3383.0,766.0,2,0.06972406503420077,-0.0025952226013430625,
2024-04-07 05:29:41.289000+00:00,9496.0,0.0,0.0,0.0,1.0,0.0,0.0,1.0,1232.0,3693.0,-3383.0,766.0,2,0.06972406503420077,-0.0025952226013430625,
2024-04-07 05:29:41.568000+00:00,9496.0,0.0,0.0,0.0,1.0,0.0,0.0,1.0,1232.0,3693.0,-3383.0,766.0,2,0.06972406503420077,-0.0025952226013430625,
2024-04-07 05:29:41.728000+00:00,9496.0,0.0,0.0,0.0,1.0,0.0,0.0,1.0,1232.0,3693.0,-3383.0,766.0,2,0.06972406503420077,-0.0025952226013430625,
2024-04-07 05:29:41.928000+00:00,9496.0,0.0,0.0,0.0,1.0,0.0,0.0,1.0,1232.0,3693.0,-3383.0,766.0,2,0.06972406503420077,-0.0025952226013430625,
2024-04-07 05:29:42.368000+00:00,9496.0,0.0,0.0,0.0,1.0,0.0,0.0,1.0,1232.0,3693.0,-3383.0,766.0,2,0.06972406503420077,-0.0025952226013430625,
2024-04-07 05:29:42.728000+00:00,9496.0,0.0,0.0,0.0,1.0,0.0,0.0,1.0,1232.0,3693.0,-3383.0,766.0,2,0.06972406503420077,-0.0025952226013430625,
2024-04-07 05:29:42.888000+00:00,9496.0,0.0,0.0,0.0,1.0,0.0,0.0,1.0,1232.0,3693.0,-3383.0,766.0,2,0.06972406503420077,-0.0025952226013430625,
2024-04-07 05:29:43.208000+00:00,9496.0,0.0,0.0,0.0,1.0,0.0,0.0,1.0,1232.0,3693.0,-3383.0,766.0,2,0.06972406503420077,-0.0025952226013430625,
2024-04-07 05:29:43.368000+00:00,9496.0,0.0,0.0,0.0,1.0,0.0,0.0,1.0,1232.0,3693.0,-3383.0,766.0,2,0.06972406503420077,-0.0025952226013430625,
2024-04-07 05:29:43.648000+00:00,9496.0,0.0,0.0,0.0,1.0,0.0,0.0,1.0,1232.0,3693.0,-3383.0,766.0,2,0.06972406503420077,-0.0025952226013430625,
2024-04-07 05:29:43.848000+00:00,9496.0,0.0,0.0,0.0,1.0,0.0,0.0,1.0,1232.0,3693.0,-3383.0,766.0,2,0.06972406503420077,-0.0025952226013430625,
2024-04-07 05:29:44.248000+00:00,9496.0,0.0,0.0,0.0,1.0,0.0,0.0,1.0,1232.0,3693.0,-3383.0,766.0,2,0.06972406503420077,-0.0025952226013430625,
2024-04-07 05:29:44.448000+00:00,9496.0,0.0,0.0,0.0,1.0,0.0,0.0,1.0,1232.0,3693.0,-3383.0,766.0,2,0.06972406503420077,-0.0025952226013430625,
2024-04-07 05:29:44.688000+00:00,9496.0,0.0,0.0,0.0,1.0,0.0,0.0,1.0,1232.0,3693.0,-3383.0,766.0,2,0.06972406503420077,-0.0025952226013430625,
2024-04-07 05:29:44.928000+00:00,9496.0,0.0,0.0,0.0,1.0,0.0,0.0,1.0,1232.0,3693.0,-3383.0,766.0,2,0.06972406503420077,-0.0025952226013430625,
2024-04-07 05:29:45.208000+00:00,9496.0,0.0,0.0,0.0,1.0,0.0,0.0,1.0,1232.0,3693.0,-3383.0,766.0,2,0.06972406503420077,-0.0025952226013430625,
2024-04-07 05:29:45.488000+00:00,9496.0,0.0,0.0,0.0,1.0,0.0,0.0,1.0,1232.0,3693.0,-3383.0,766.0,2,0.06972406503420077,-0.0025952226013430625,
2024-04-07 05:29:45.728000+00:00,9496.0,0.0,0.0,0.0,1.0,0.0,0.0,1.0,1232.0,3693.0,-3383.0,766.0,2,0.06972406503420077,-0.0025952226013430625,
2024-04-07 05:29:45.888000+00:00,9496.0,0.0,0.0,0.0,1.0,0.0,0.0,1.0,1232.0,3693.0,-3383.0,766.0,2,0.06972406503420077,-0.0025952226013430625,
2024-04-07 05:29:46.169000+00:00,9496.0,0.0,0.0,0.0,1.0,0.0,0.0,1.0,1232.0,3693.0,-3383.0,766.0,2,0.06972406503420077,-0.0025952226013430625,
2024-04-07 05:29:46.569000+00:00,9496.0,0.0,0.0,0.0,1.0,0.0,0.0,1.0,1232.0,3693.0,-3383.0,766.0,2,0.06972406503420077,-0.0025952226013430625,
2024-04-07 05:29:46.929000+00:00,9496.0,0.0,0.0,0.0,1.0,0.0,0.0,1.0,1232.0,3693.0,-3383.0,766.0,2,0.06972406503420077,-0.0025952226013430625,
2024-04-07 05:29:47.129000+00:00,9496.0,0.0,0.0,0.0,1.0,0.0,0.0,1.0,1232.0,3693.0,-3383.0,766.0,2,0.06972406503420077,-0.0025952226013430625,
2024-04-07 05:29:47.489000+00:00,9496.0,0.0,0.0,0.0,1.0,0.0,0.0,1.0,1232.0,3693.0,-3383.0,766.0,2,0.06972406503420077,-0.0025952226013430625,
2024-04-07 05:29:47.769000+00:00,9496.0,0.0,0.0,0.0,1.0,0.0,0.0,1.0,1232.0,3693.0,-3383.0,766.0,2,0.06972406503420077,-0.0025952226013430625,
2024-04-07 05:29:47.929000+00:00,9496.0,0.0,0.0,0.0,1.0,0.0,0.0,1.0,1232.0,3693.0,-3383.0,766.0,2,0.06972406503420077,-0.0025952226013430625,
2024-04-07 05:29:48.208000+00:00,9496.0,0.0,0.0,0.0,1.0,0.0,0.0,1.0,1232.0,3693.0,-3383.0,766.0,2,0.06972406503420077,-0.0025952226013430625,
2024-04-07 05:29:48.648000+00:00,9496.0,0.0,0.0,0.0,1.0,0.0,0.0,1.0,1232.0,3693.0,-3383.0,766.0,2,0.06972406503420077,-0.0025952226013430625,
2024-04-07 05:29:49.008000+00:00,9496.0,0.0,0.0,0.0,1.0,0.0,0.0,1.0,1232.0,3693.0,-3383.0,766.0,2,0.06972406503420077,-0.0025952226013430625,
2024-04-07 05:29:49.208000+00:00,9496.0,0.0,0.0,0.0,1.0,0.0,0.0,1.0,1232.0,3693.0,-3383.0,766.0,2,0.06972406503420077,-0.0025952226013430625,
2024-04-07 05:29:49.448000+00:00,9496.0,0.0,0.0,0.0,1.0,0.0,0.0,1.0,1232.0,3693.0,-3383.0,766.0,2,0.06972406503420077,-0.0025952226013430625,
2024-04-07 05:29:49.848000+00:00,9496.0,0.0,0.0,0.0,1.0,0.0,0.0,1.0,1232.0,3693.0,-3383.0,766.0,2,0.06972406503420077,-0.0025952226013430625,
2024-04-07 05:29:50.048000+00:00,9496.0,0.0,0.0,0.0,1.0,0.0,0.0,1.0,1232.0,3693.0,-3383.0,766.0,2,0.06972406503420077,-0.0025952226013430625,
2024-04-07 05:29:50.288000+00:00,9496.0,0.0,0.0,0.0,1.0,0.0,0.0,1.0,1232.0,3693.0,-3383.0,766.0,2,0.06972406503420077,-0.0025952226013430625,
2024-04-07 05:29:50.448000+00:00,9496.0,0.0,0.0,0.0,1.0,0.0,0.0,1.0,1232.0,3693.0,-3383.0,766.0,2,0.06972406503420077,-0.0025952226013430625,
2024-04-07 05:29:50.848000+00:00,9496.0,0.0,0.0,0.0,1.0,0.0,0.0,1.0,1232.0,3693.0,-3383.0,766.0,2,0.06972406503420077,-0.0025952226013430625,
2024-04-07 05:29:51.048000+00:00,9496.0,0.0,0.0,0.0,1.0,0.0,0.0,1.0,1232.0,3693.0,-3383.0,766.0,2,0.06972406503420077,-0.0025952226013430625,
2024-04-07 05:29:51.248000+00:00,9496.0,0.0,0.0,0.0,1.0,0.0,0.0,1.0,1232.0,3693.0,-3383.0,766.0,2,0.06972406503420077,-0.0025952226013430625,
2024-04-07 05:29:51.448000+00:00,9496.0,0.0,0.0,0.0,1.0,0.0,0.0,1.0,1232.0,3693.0,-3383.0,766.0,2,0.06972406503420077,-0.0025952226013430625,
2024-04-07 05:29:51.728000+00:00,9496.0,0.0,0.0,0.0,1.0,0.0,0.0,1.0,1232.0,3693.0,-3383.0,766.0,2,0.06972406503420077,-0.0025952226013430625,
2024-04-07 05:29:51.928000+00:00,9496.0,0.0,0.0,0.0,1.0,0.0,0.0,1.0,1232.0,3693.0,-3383.0,766.0,2,0.06972406503420077,-0.0025952226013430625,
2024-04-07 05:29:52.288000+00:00,9496.0,0.0,0.0,0.0,1.0,0.0,0.0,1.0,1232.0,3693.0,-3383.0,766.0,2,0.06972406503420077,-0.0025952226013430625,
2024-04-07 05:29:52.729000+00:00,9496.0,0.0,0.0,0.0,1.0,0.0,0.0,1.0,1232.0,3693.0,-3383.0,766.0,2,0.06972406503420077,-0.0025952226013430625,
2024-04-07 05:29:53.049000+00:00,9496.0,0.0,0.0,0.0,1.0,0.0,0.0,1.0,1232.0,3693.0,-3383.0,766.0,2,0.06972406503420077,-0.0025952226013430625,
2024-04-07 05:29:53.329000+00:00,9496.0,0.0,0.0,0.0,1.0,0.0,0.0,1.0,1232.0,3693.0,-3383.0,766.0,2,0.06972406503420077,-0.0025952226013430625,
2024-04-07 05:29:53.569000+00:00,9496.0,0.0,0.0,0.0,1.0,0.0,0.0,1.0,1232.0,3693.0,-3383.0,766.0,2,0.06972406503420077,-0.0025952226013430625,
2024-04-07 05:29:53.929000+00:00,9496.0,0.0,0.0,0.0,1.0,0.0,0.0,1.0,1232.0,3693.0,-3383.0,766.0,2,0.06972406503420077,-0.0025952226013430625,
2024-04-07 05:29:54.089000+00:00,9496.0,0.0,0.0,0.0,1.0,0.0,0.0,1.0,1232.0,3693.0,-3383.0,766.0,2,0.06972406503420077,-0.0025952226013430625,
2024-04-07 05:29:54.249000+00:00,9496.0,0.0,0.0,0.0,1.0,0.0,0.0,1.0,1232.0,3693.0,-3383.0,766.0,2,0.06972406503420077,-0.0025952226013430625,
2024-04-07 05:29:54.529000+00:00,9496.0,0.0,0.0,0.0,1.0,0.0,0.0,1.0,1232.0,3693.0,-3383.0,766.0,2,0.06972406503420077,-0.0025952226013430625,
2024-04-07 05:29:54.689000+00:00,9496.0,0.0,0.0,0.0,1.0,0.0,0.0,1.0,1232.0,3693.0,-3383.0,766.0,2,0.06972406503420077,-0.0025952226013430625,
2024-04-07 05:29:54.968000+00:00,9496.0,0.0,0.0,0.0,1.0,0.0,0.0,1.0,1232.0,3693.0,-3383.0,766.0,2,0.06972406503420077,-0.0025952226013430625,
2024-04-07 05:29:55.408000+00:00,9496.0,0.0,0.0,0.0,1.0,0.0,0.0,1.0,1232.0,3693.0,-3383.0,766.0,2,0.06972406503420077,-0.0025952226013430625,
2024-04-07 05:29:55.608000+00:00,9496.0,0.0,0.0,0.0,1.0,0.0,0.0,1.0,1232.0,3693.0,-3383.0,766.0,2,0.06972406503420077,-0.0025952226013430625,
2024-04-07 05:29:55.808000+00:00,9496.0,0.0,0.0,0.0,1.0,0.0,0.0,1.0,1232.0,3693.0,-3383.0,766.0,2,0.06972406503420077,-0.0025952226013430625,
2024-04-07 05:29:55.968000+00:00,9496.0,0.0,0.0,0.0,1.0,0.0,0.0,1.0,1232.0,3693.0,-3383.0,766.0,2,0.06972406503420077,-0.0025952226013430625,
2024-04-07 05:29:56.208000+00:00,9496.0,0.0,0.0,0.0,1.0,0.0,0.0,1.0,1232.0,3693.0,-3383.0,766.0,2,0.06972406503420077,-0.0025952226013430625,
2024-04-07 05:29:56.528000+00:00,9496.0,0.0,0.0,0.0,1.0,0.0,0.0,1.0,1232.0,3693.0,-3383.0,766.0,2,0.06972406503420077,-0.0025952226013430625,
2024-04-07 05:29:56.768000+00:00,9496.0,0.0,0.0,0.0,1.0,0.0,0.0,1.0,1232.0,3693.0,-3383.0,766.0,2,0.06972406503420077,-0.0025952226013430625,
2024-04-07 05:29:57.088000+00:00,9496.0,0.0,0.0,0.0,1.0,0.0,0.0,1.0,1232.0,3693.0,-3383.0,766.0,2,0.06972406503420077,-0.0025952226013430625,
2024-04-07 05:29:57.248000+00:00,9496.0,0.0,0.0,0.0,1.0,0.0,0.0,1.0,1232.0,3693.0,-3383.0,766.0,2,0.06972406503420077,-0.0025952226013430625,
2024-04-07 05:29:57.408000+00:00,9496.0,0.0,0.0,0.0,1.0,0.0,0.0,1.0,1232.0,3693.0,-3383.0,766.0,2,0.06972406503420077,-0.0025952226013430625,
2024-04-07 05:29:57.728000+00:00,9496.0,0.0,0.0,0.0,1.0,0.0,0.0,1.0,1232.0,3693.0,-3383.0,766.0,2,0.06972406503420077,-0.0025952226013430625,
2024-04-07 05:29:58.568000+00:00,9496.0,0.0,0.0,0.0,1.0,0.0,0.0,1.0,1232.0,3693.0,-3383.0,766.0,2,0.06972406503420077,-0.0025952226013430625,
2024-04-07 05:29:58.968000+00:00,9496.0,0.0,0.0,0.0,1.0,0.0,0.0,1.0,1232.0,3693.0,-3383.0,766.0,2,0.06972406503420077,-0.0025952226013430625,
2024-04-07 05:29:59.128000+00:00,9496.0,0.0,0.0,0.0,1.0,0.0,0.0,1.0,1232.0,3693.0,-3383.0,766.0,2,0.06972406503420077,-0.0025952226013430625,
2024-04-07 05:29:59.449000+00:00,9496.0,0.0,0.0,0.0,1.0,0.0,0.0,1.0,1232.0,3693.0,-3383.0,766.0,2,0.06972406503420077,-0.0025952226013430625,
2024-04-07 05:29:59.809000+00:00,9496.0,0.0,0.0,0.0,1.0,0.0,0.0,1.0,1232.0,3693.0,-3383.0,766.0,2,0.06972406503420077,-0.0025952226013430625,
2024-04-07 05:30:00.249000+00:00,9496.0,0.0,0.0,0.0,1.0,0.0,0.0,1.0,1232.0,3693.0,-3383.0,766.0,2,0.06972406503420077,-0.0025952226013430625,
2024-04-07 05:30:00.689000+00:00,9496.0,0.0,0.0,0.0,1.0,0.0,0.0,1.0,1232.0,3693.0,-3383.0,766.0,2,0.06972406503420077,-0.0025952226013430625,
2024-04-07 05:30:01.049000+00:00,9496.0,0.0,0.0,0.0,1.0,0.0,0.0,1.0,1232.0,3693.0,-3383.0,766.0,2,0.06972406503420077,-0.0025952226013430625,
2024-04-07 05:30:01.249000+00:00,9496.0,0.0,0.0,0.0,1.0,0.0,0.0,1.0,1232.0,3693.0,-3383.0,766.0,2,0.06972406503420077,-0.0025952226013430625,
2024-04-07 05:30:01.489000+00:00,9496.0,0.0,0.0,0.0,1.0,0.0,0.0,1.0,1232.0,3693.0,-3383.0,766.0,2,0.06972406503420077,-0.0025952226013430625,
2024-04-07 05:30:01.648000+00:00,9496.0,0.0,0.0,0.0,1.0,0.0,0.0,1.0,1232.0,3693.0,-3383.0,766.0,2,0.06972406503420077,-0.0025952226013430625,
2024-04-07 05:30:02.088000+00:00,9496.0,0.0,0.0,0.0,1.0,0.0,0.0,1.0,1232.0,3693.0,-3383.0,766.0,2,0.06972406503420077,-0.0025952226013430625,
2024-04-07 05:30:02.408000+00:00,9496.0,0.0,0.0,0.0,1.0,0.0,0.0,1.0,1232.0,3693.0,-3383.0,766.0,2,0.06972406503420077,-0.0025952226013430625,
2024-04-07 05:30:02.648000+00:00,9496.0,0.0,0.0,0.0,1.0,0.0,0.0,1.0,1232.0,3693.0,-3383.0,766.0,2,0.06972406503420077,-0.0025952226013430625,
2024-04-07 05:30:02.808000+00:00,9496.0,0.0,0.0,0.0,1.0,0.0,0.0,1.0,1232.0,3693.0,-3383.0,766.0,2,0.06972406503420077,-0.0025952226013430625,
2024-04-07 05:30:03.048000+00:00,9496.0,0.0,0.0,0.0,1.0,0.0,0.0,1.0,1232.0,3693.0,-3383.0,766.0,2,0.06972406503420077,-0.0025952226013430625,
2024-04-07 05:30:03.248000+00:00,9496.0,0.0,0.0,0.0,1.0,0.0,0.0,1.0,1232.0,3693.0,-3383.0,766.0,2,0.06972406503420077,-0.0025952226013430625,
2024-04-07 05:30:03.528000+00:00,9496.0,0.0,0.0,0.0,1.0,0.0,0.0,1.0,1232.0,3693.0,-3383.0,766.0,2,0.06972406503420077,-0.0025952226013430625,
2024-04-07 05:30:03.808000+00:00,9496.0,0.0,100.0,0.0,1.0,0.0,0.0,1.0,1232.0,3693.0,-3383.0,766.0,2,-0.9299859785970996,-0.03320975791877991,
2024-04-07 05:30:04.128000+00:00,9496.0,0.0,100.0,0.0,1.0,0.0,0.0,1.0,1232.0,3693.0,-3383.0,766.0,2,-0.9299859758668073,-0.033209839547615756,
2024-04-07 05:30:04.568000+00:00,9496.0,0.0,100.0,0.0,1.0,0.0,0.0,1.0,1232.0,3693.0,-3383.0,766.0,2,-0.9299859728158015,-0.03320993076468726,
2024-04-07 05:30:04.848000+00:00,9496.0,0.0,100.0,0.0,1.0,0.0,0.0,1.0,1232.0,3693.0,-3383.0,766.0,2,-0.9299859734681838,-0.033209911260225156,
2024-04-07 05:30:05.128000+00:00,9496.0,0.0,100.0,0.0,1.0,0.0,0.0,1.0,1232.0,3693.0,-3383.0,766.0,2,-0.9299817185136987,-0.03333683973886084,
2024-04-07 05:30:05.328000+00:00,9496.0,0.0,100.0,0.0,1.0,0.0,0.0,1.0,1232.0,3693.0,-3383.0,766.0,2,-0.9299859710384099,-0.033209983903971264,
2024-04-07 05:30:05.728000+00:00,9496.0,0.0,0.0,0.0,1.0,0.0,0.0,1.0,1232.0,3693.0,-3383.0,766.0,2,0.06972406503420077,-0.0025952226013430625,
2024-04-07 05:30:06.129000+00:00,9496.0,0.0,0.0,0.0,1.0,0.0,0.0,1.0,1232.0,3693.0,-3383.0,766.0,2,0.06972406503420077,-0.0025952226013430625,
2024-04-07 05:30:06.409000+00:00,9496.0,0.0,0.0,0.0,1.0,0.0,0.0,1.0,1232.0,3693.0,-3383.0,766.0,2,0.06972406503420077,-0.0025952226013430625,
2024-04-07 05:30:06.569000+00:00,9496.0,0.0,0.0,0.0,1.0,0.0,0.0,1.0,1232.0,3693.0,-3383.0,766.0,2,0.06972406503420077,-0.0025952226013430625,
2024-04-07 05:30:06.849000+00:00,9496.0,0.0,0.0,0.0,1.0,0.0,0.0,1.0,1232.0,3693.0,-3383.0,766.0,2,0.06972406503420077,-0.0025952226013430625,
2024-04-07 05:30:07.049000+00:00,9496.0,0.0,0.0,0.0,1.0,0.0,0.0,1.0,1232.0,3693.0,-3383.0,766.0,2,0.06972406503420077,-0.0025952226013430625,
2024-04-07 05:30:07.289000+00:00,9496.0,0.0,0.0,0.0,1.0,0.0,0.0,1.0,1232.0,3693.0,-3383.0,766.0,2,0.06972406503420077,-0.0025952226013430625,
2024-04-07 05:30:07.489000+00:00,9496.0,0.0,0.0,0.0,1.0,0.0,0.0,1.0,1232.0,3693.0,-3383.0,766.0,2,0.06972406503420077,-0.0025952226013430625,
2024-04-07 05:30:07.729000+00:00,9496.0,0.0,0.0,0.0,1.0,0.0,0.0,1.0,1232.0,3693.0,-3383.0,766.0,2,0.06972406503420077,-0.0025952226013430625,
2024-04-07 05:30:08.049000+00:00,9496.0,0.0,0.0,0.0,1.0,0.0,0.0,1.0,1232.0,3693.0,-3383.0,766.0,2,0.06972406503420077,-0.0025952226013430625,
2024-04-07 05:30:08.448000+00:00,9496.0,0.0,0.0,0.0,1.0,0.0,0.0,1.0,1232.0,3693.0,-3383.0,766.0,2,0.06972406503420077,-0.0025952226013430625,
2024-04-07 05:30:08.848000+00:00,9496.0,0.0,0.0,0.0,1.0,0.0,0.0,1.0,1232.0,3693.0,-3383.0,766.0,2,0.06972406503420077,-0.0025952226013430625,
2024-04-07 05:30:09.048000+00:00,9496.0,0.0,0.0,0.0,1.0,0.0,0.0,1.0,1232.0,3693.0,-3383.0,766.0,2,0.06972406503420077,-0.0025952226013430625,
2024-04-07 05:30:09.488000+00:00,9496.0,0.0,0.0,0.0,1.0,0.0,0.0,1.0,1232.0,3693.0,-3383.0,766.0,2,0.06972406503420077,-0.0025952226013430625,
2024-04-07 05:30:09.688000+00:00,9496.0,0.0,0.0,0.0,1.0,0.0,0.0,1.0,1232.0,3693.0,-3383.0,766.0,2,0.06972406503420077,-0.0025952226013430625,
2024-04-07 05:30:10.088000+00:00,9496.0,0.0,0.0,0.0,1.0,0.0,0.0,1.0,1232.0,3693.0,-3383.0,766.0,2,0.06972406503420077,-0.0025952226013430625,
2024-04-07 05:30:10.488000+00:00,9496.0,0.0,0.0,0.0,1.0,0.0,0.0,1.0,1232.0,3693.0,-3383.0,766.0,2,0.06972406503420077,-0.0025952226013430625,
2024-04-07 05:30:10.688000+00:00,9496.0,0.0,0.0,0.0,1.0,0.0,0.0,1.0,1232.0,3693.0,-3383.0,766.0,2,0.06972406503420077,-0.0025952226013430625,
2024-04-07 05:30:10.928000+00:00,9496.0,0.0,0.0,0.0,1.0,0.0,0.0,1.0,1232.0,3693.0,-3383.0,766.0,2,0.06972406503420077,-0.0025952226013430625,
2024-04-07 05:30:11.128000+00:00,9496.0,0.0,0.0,0.0,1.0,0.0,0.0,1.0,1232.0,3693.0,-3383.0,766.0,2,0.06972406503420077,-0.0025952226013430625,
2024-04-07 05:30:11.288000+00:00,9496.0,0.0,0.0,0.0,1.0,0.0,0.0,1.0,1232.0,3693.0,-3383.0,766.0,2,0.06972406503420077,-0.0025952226013430625,
2024-04-07 05:30:11.728000+00:00,9496.0,0.0,0.0,0.0,1.0,0.0,0.0,1.0,1232.0,3693.0,-3383.0,766.0,2,0.06972406503420077,-0.0025952226013430625,
2024-04-07 05:30:12.088000+00:00,9496.0,0.0,0.0,0.0,1.0,0.0,0.0,1.0,1232.0,3693.0,-3383.0,766.0,2,0.06972406503420077,-0.0025952226013430625,
2024-04-07 05:30:12.328000+00:00,9496.0,0.0,0.0,0.0,1.0,0.0,0.0,1.0,1232.0,3693.0,-3383.0,766.0,2,0.06972406503420077,-0.0025952226013430625,
2024-04-07 05:30:12.529000+00:00,9496.0,0.0,0.0,0.0,1.0,0.0,0.0,1.0,1232.0,3693.0,-3383.0,766.0,2,0.06972406503420077,-0.0025952226013430625,
2024-04-07 05:30:12.689000+00:00,9496.0,0.0,0.0,0.0,1.0,0.0,0.0,1.0,1232.0,3693.0,-3383.0,766.0,2,0.06972406503420077,-0.0025952226013430625,
2024-04-07 05:30:12.929000+00:00,9496.0,0.0,0.0,0.0,1.0,0.0,0.0,1.0,1232.0,3693.0,-3383.0,766.0,2,0.06972406503420077,-0.0025952226013430625,
2024-04-07 05:30:13.129000+00:00,9496.0,0.0,0.0,0.0,1.0,0.0,0.0,1.0,1232.0,3693.0,-3383.0,766.0,2,0.06972406503420077,-0.0025952226013430625,
2024-04-07 05:30:13.289000+00:00,9496.0,0.0,0.0,0.0,1.0,0.0,0.0,1.0,1232.0,3693.0,-3383.0,766.0,2,0.06972406503420077,-0.0025952226013430625,
2024-04-07 05:30:13.529000+00:00,9496.0,0.0,0.0,0.0,1.0,0.0,0.0,1.0,1232.0,3693.0,-3383.0,766.0,2,0.06972406503420077,-0.0025952226013430625,
2024-04-07 05:30:13.769000+00:00,9496.0,0.0,0.0,0.0,1.0,0.0,0.0,1.0,1232.0,3693.0,-3383.0,766.0,2,0.06972406503420077,-0.0025952226013430625,
2024-04-07 05:30:13.929000+00:00,9496.0,0.0,0.0,0.0,1.0,0.0,0.0,1.0,1232.0,3693.0,-3383.0,766.0,2,0.06972406503420077,-0.0025952226013430625,
2024-04-07 05:30:14.129000+00:00,9496.0,0.0,0.0,0.0,1.0,0.0,0.0,1.0,1232.0,3693.0,-3383.0,766.0,2,0.06972406503420077,-0.0025952226013430625,
2024-04-07 05:30:14.329000+00:00,9496.0,0.0,0.0,0.0,1.0,0.0,0.0,1.0,1232.0,3693.0,-3383.0,766.0,2,0.06972406503420077,-0.0025952226013430625,
2024-04-07 05:30:14.489000+00:00,9496.0,0.0,0.0,0.0,1.0,0.0,0.0,1.0,1232.0,3693.0,-3383.0,766.0,2,0.06972406503420077,-0.0025952226013430625,
2024-04-07 05:30:14.769000+00:00,9496.0,0.0,0.0,0.0,1.0,0.0,0.0,1.0,1232.0,3693.0,-3383.0,766.0,2,0.06972406503420077,-0.0025952226013430625,
2024-04-07 05:30:14.969000+00:00,9496.0,0.0,0.0,0.0,1.0,0.0,0.0,1.0,1232.0,3693.0,-3383.0,766.0,2,0.06972406503420077,-0.0025952226013430625,
2024-04-07 05:30:15.128000+00:00,9496.0,0.0,0.0,0.0,1.0,0.0,0.0,1.0,1232.0,3693.0,-3383.0,766.0,2,0.06972406503420077,-0.0025952226013430625,
2024-04-07 05:30:15.368000+00:00,9496.0,0.0,0.0,0.0,1.0,0.0,0.0,1.0,1232.0,3693.0,-3383.0,766.0,2,0.06972406503420077,-0.0025952226013430625,
2024-04-07 05:30:15.528000+00:00,9496.0,0.0,0.0,0.0,1.0,0.0,0.0,1.0,1232.0,3693.0,-3383.0,766.0,2,0.06972406503420077,-0.0025952226013430625,
2024-04-07 05:30:15.768000+00:00,9496.0,0.0,0.0,0.0,1.0,0.0,0.0,1.0,1232.0,3693.0,-3383.0,766.0,2,0.06972406503420077,-0.0025952226013430625,
2024-04-07 05:30:15.928000+00:00,9496.0,0.0,0.0,0.0,1.0,0.0,0.0,1.0,1232.0,3693.0,-3383.0,766.0,2,0.06972406503420077,-0.0025952226013430625,
2024-04-07 05:30:16.168000+00:00,9496.0,0.0,0.0,0.0,1.0,0.0,0.0,1.0,1232.0,3693.0,-3383.0,766.0,2,0.06972406503420077,-0.0025952226013430625,
2024-04-07 05:30:16.448000+00:00,9496.0,0.0,0.0,0.0,1.0,0.0,0.0,1.0,1232.0,3693.0,-3383.0,766.0,2,0.06972406503420077,-0.0025952226013430625,
2024-04-07 05:30:16.768000+00:00,9496.0,0.0,0.0,0.0,1.0,0.0,0.0,1.0,1232.0,3693.0,-3383.0,766.0,2,0.06972406503420077,-0.0025952226013430625,
2024-04-07 05:30:17.128000+00:00,9496.0,0.0,0.0,0.0,1.0,0.0,0.0,1.0,1232.0,3693.0,-3383.0,766.0,2,0.06972406503420077,-0.0025952226013430625,
2024-04-07 05:30:17.488000+00:00,9496.0,0.0,0.0,0.0,1.0,0.0,0.0,1.0,1232.0,3693.0,-3383.0,766.0,2,0.06972406503420077,-0.0025952226013430625,
2024-04-07 05:30:17.768000+00:00,9496.0,0.0,0.0,0.0,1.0,0.0,0.0,1.0,1232.0,3693.0,-3383.0,766.0,2,0.06972406503420077,-0.0025952226013430625,
2024-04-07 05:30:18.128000+00:00,9496.0,0.0,0.0,0.0,1.0,0.0,0.0,1.0,1232.0,3693.0,-3383.0,766.0,2,0.06972406503420077,-0.0025952226013430625,
2024-04-07 05:30:18.488000+00:00,9496.0,0.0,0.0,0.0,1.0,0.0,0.0,1.0,1232.0,3693.0,-3383.0,766.0,2,0.06972406503420077,-0.0025952226013430625,
2024-04-07 05:30:18.688000+00:00,9496.0,0.0,0.0,0.0,1.0,0.0,0.0,1.0,1232.0,3693.0,-3383.0,766.0,2,0.06972406503420077,-0.0025952226013430625,
2024-04-07 05:30:18.968000+00:00,9496.0,0.0,0.0,0.0,1.0,0.0,0.0,1.0,1232.0,3693.0,-3383.0,766.0,2,0.06972406503420077,-0.0025952226013430625,
2024-04-07 05:30:19.129000+00:00,9496.0,0.0,0.0,0.0,1.0,0.0,0.0,1.0,1232.0,3693.0,-3383.0,766.0,2,0.06972406503420077,-0.0025952226013430625,
2024-04-07 05:30:19.449000+00:00,9496.0,0.0,0.0,0.0,1.0,0.0,0.0,1.0,1232.0,3693.0,-3383.0,766.0,2,0.06972406503420077,-0.0025952226013430625,
2024-04-07 05:30:19.649000+00:00,9496.0,0.0,0.0,0.0,1.0,0.0,0.0,1.0,1232.0,3693.0,-3383.0,766.0,2,0.06972406503420077,-0.0025952226013430625,
2024-04-07 05:30:19.969000+00:00,9496.0,0.0,0.0,0.0,1.0,0.0,0.0,1.0,1232.0,3693.0,-3383.0,766.0,2,0.06972406503420077,-0.0025952226013430625,
2024-04-07 05:30:20.169000+00:00,9496.0,0.0,0.0,0.0,1.0,0.0,0.0,1.0,1232.0,3693.0,-3383.0,766.0,2,0.06972406503420077,-0.0025952226013430625,
2024-04-07 05:30:20.369000+00:00,9496.0,0.0,0.0,0.0,1.0,0.0,0.0,1.0,1232.0,3693.0,-3383.0,766.0,2,0.06972406503420077,-0.0025952226013430625,
2024-04-07 05:30:20.609000+00:00,9496.0,0.0,0.0,0.0,1.0,0.0,0.0,1.0,1232.0,3693.0,-3383.0,766.0,2,0.06972406503420077,-0.0025952226013430625,
2024-04-07 05:30:20.769000+00:00,9496.0,0.0,0.0,0.0,1.0,0.0,0.0,1.0,1232.0,3693.0,-3383.0,766.0,2,0.06972406503420077,-0.0025952226013430625,
2024-04-07 05:30:21.169000+00:00,9496.0,0.0,0.0,0.0,1.0,0.0,0.0,1.0,1232.0,3693.0,-3383.0,766.0,2,0.06972406503420077,-0.0025952226013430625,
2024-04-07 05:30:21.449000+00:00,9496.0,0.0,0.0,0.0,1.0,0.0,0.0,1.0,1232.0,3693.0,-3383.0,766.0,2,0.06972406503420077,-0.0025952226013430625,
2024-04-07 05:30:21.609000+00:00,9496.0,0.0,0.0,0.0,1.0,0.0,0.0,1.0,1232.0,3693.0,-3383.0,766.0,2,0.06972406503420077,-0.0025952226013430625,
2024-04-07 05:30:22.088000+00:00,9496.0,0.0,0.0,0.0,1.0,0.0,0.0,1.0,1232.0,3693.0,-3383.0,766.0,2,0.06972406503420077,-0.0025952226013430625,
2024-04-07 05:30:22.408000+00:00,9496.0,0.0,0.0,0.0,1.0,0.0,0.0,1.0,1232.0,3693.0,-3383.0,766.0,2,0.06972406503420077,-0.0025952226013430625,
2024-04-07 05:30:23.488000+00:00,9496.0,0.0,0.0,0.0,1.0,0.0,0.0,1.0,1232.0,3693.0,-3383.0,766.0,2,0.06972406503420077,-0.0025952226013430625,
2024-04-07 05:30:23.728000+00:00,9496.0,0.0,0.0,0.0,1.0,0.0,0.0,1.0,1232.0,3693.0,-3383.0,766.0,2,0.06972406503420077,-0.0025952226013430625,
2024-04-07 05:30:24.048000+00:00,9496.0,0.0,0.0,0.0,1.0,0.0,0.0,1.0,1232.0,3693.0,-3383.0,766.0,2,0.06972406503420077,-0.0025952226013430625,
2024-04-07 05:30:24.288000+00:00,9496.0,0.0,0.0,0.0,1.0,0.0,0.0,1.0,1232.0,3693.0,-3383.0,766.0,2,0.06972406503420077,-0.0025952226013430625,
2024-04-07 05:30:24.688000+00:00,9496.0,0.0,0.0,0.0,1.0,0.0,0.0,1.0,1232.0,3693.0,-3383.0,766.0,2,0.06972406503420077,-0.0025952226013430625,
2024-04-07 05:30:24.848000+00:00,9496.0,0.0,0.0,0.0,1.0,0.0,0.0,1.0,1232.0,3693.0,-3383.0,766.0,2,0.06972406503420077,-0.0025952226013430625,
2024-04-07 05:30:25.048000+00:00,9496.0,0.0,0.0,0.0,1.0,0.0,0.0,1.0,1232.0,3693.0,-3383.0,766.0,2,0.06972406503420077,-0.0025952226013430625,
2024-04-07 05:30:25.208000+00:00,9496.0,0.0,0.0,0.0,1.0,0.0,0.0,1.0,1232.0,3693.0,-3383.0,766.0,2,0.06972406503420077,-0.0025952226013430625,
2024-04-07 05:30:25.448000+00:00,9496.0,0.0,0.0,0.0,1.0,0.0,0.0,1.0,1232.0,3693.0,-3383.0,766.0,2,0.06972406503420077,-0.0025952226013430625,
2024-04-07 05:30:25.649000+00:00,9496.0,0.0,0.0,0.0,1.0,0.0,0.0,1.0,1232.0,3693.0,-3383.0,766.0,2,0.06972406503420077,-0.0025952226013430625,
2024-04-07 05:30:25.889000+00:00,9496.0,0.0,0.0,0.0,1.0,0.0,0.0,1.0,1232.0,3693.0,-3383.0,766.0,2,0.06972406503420077,-0.0025952226013430625,
2024-04-07 05:30:26.209000+00:00,9496.0,0.0,0.0,0.0,1.0,0.0,0.0,1.0,1232.0,3693.0,-3383.0,766.0,2,0.06972406503420077,-0.0025952226013430625,
2024-04-07 05:30:26.489000+00:00,9496.0,0.0,0.0,0.0,1.0,0.0,0.0,1.0,1232.0,3693.0,-3383.0,766.0,2,0.06972406503420077,-0.0025952226013430625,
2024-04-07 05:30:26.689000+00:00,9496.0,0.0,0.0,0.0,1.0,0.0,0.0,1.0,1232.0,3693.0,-3383.0,766.0,2,0.06972406503420077,-0.0025952226013430625,
2024-04-07 05:30:27.049000+00:00,9496.0,0.0,0.0,0.0,1.0,0.0,0.0,1.0,1232.0,3693.0,-3383.0,766.0,2,0.06972406503420077,-0.0025952226013430625,
2024-04-07 05:30:27.289000+00:00,9496.0,0.0,0.0,0.0,1.0,0.0,0.0,1.0,1232.0,3693.0,-3383.0,766.0,2,0.06972406503420077,-0.0025952226013430625,
2024-04-07 05:30:27.609000+00:00,9496.0,0.0,0.0,0.0,1.0,0.0,0.0,1.0,1232.0,3693.0,-3383.0,766.0,2,0.06972406503420077,-0.0025952226013430625,
2024-04-07 05:30:27.969000+00:00,9496.0,0.0,0.0,0.0,1.0,0.0,0.0,1.0,1232.0,3693.0,-3383.0,766.0,2,0.06972406503420077,-0.0025952226013430625,
2024-04-07 05:30:28.129000+00:00,9496.0,0.0,0.0,0.0,1.0,0.0,0.0,1.0,1232.0,3693.0,-3383.0,766.0,2,0.06972406503420077,-0.0025952226013430625,
2024-04-07 05:30:28.329000+00:00,9496.0,0.0,0.0,0.0,1.0,0.0,0.0,1.0,1232.0,3693.0,-3383.0,766.0,2,0.06972406503420077,-0.0025952226013430625,
2024-04-07 05:30:28.488000+00:00,9496.0,0.0,0.0,0.0,1.0,0.0,0.0,1.0,1232.0,3693.0,-3383.0,766.0,2,0.06972406503420077,-0.0025952226013430625,
2024-04-07 05:30:28.728000+00:00,9496.0,0.0,0.0,0.0,1.0,0.0,0.0,1.0,1232.0,3693.0,-3383.0,766.0,2,0.06972406503420077,-0.0025952226013430625,
2024-04-07 05:30:29.008000+00:00,9496.0,0.0,0.0,0.0,1.0,0.0,0.0,1.0,1232.0,3693.0,-3383.0,766.0,2,0.06972406503420077,-0.0025952226013430625,
2024-04-07 05:30:29.168000+00:00,9496.0,0.0,0.0,0.0,1.0,0.0,0.0,1.0,1232.0,3693.0,-3383.0,766.0,2,0.06972406503420077,-0.0025952226013430625,
2024-04-07 05:30:29.328000+00:00,9496.0,0.0,0.0,0.0,1.0,0.0,0.0,1.0,1232.0,3693.0,-3383.0,766.0,2,0.06972406503420077,-0.0025952226013430625,
2024-04-07 05:30:29.608000+00:00,9496.0,0.0,0.0,0.0,1.0,0.0,0.0,1.0,1232.0,3693.0,-3383.0,766.0,2,0.06972406503420077,-0.0025952226013430625,
2024-04-07 05:30:29.808000+00:00,9496.0,0.0,0.0,0.0,1.0,0.0,0.0,1.0,1232.0,3693.0,-3383.0,766.0,2,0.06972406503420077,-0.0025952226013430625,
2024-04-07 05:30:29.968000+00:00,9496.0,0.0,0.0,0.0,1.0,0.0,0.0,1.0,1232.0,3693.0,-3383.0,766.0,2,0.06972406503420077,-0.0025952226013430625,
2024-04-07 05:30:30.128000+00:00,9496.0,0.0,0.0,0.0,1.0,0.0,0.0,1.0,1232.0,3693.0,-3383.0,766.0,2,0.06972406503420077,-0.0025952226013430625,
2024-04-07 05:30:30.448000+00:00,9496.0,0.0,0.0,0.0,1.0,0.0,0.0,1.0,1232.0,3693.0,-3383.0,766.0,2,0.06972406503420077,-0.0025952226013430625,
2024-04-07 05:30:30.648000+00:00,9496.0,0.0,0.0,0.0,1.0,0.0,0.0,1.0,1232.0,3693.0,-3383.0,766.0,2,0.06972406503420077,-0.0025952226013430625,
2024-04-07 05:30:30.808000+00:00,9496.0,0.0,0.0,0.0,1.0,0.0,0.0,1.0,1232.0,3693.0,-3383.0,766.0,2,0.06972406503420077,-0.0025952226013430625,
2024-04-07 05:30:31.128000+00:00,9496.0,0.0,0.0,0.0,1.0,0.0,0.0,1.0,1232.0,3693.0,-3383.0,766.0,2,0.06972406503420077,-0.0025952226013430625,
2024-04-07 05:30:31.288000+00:00,9496.0,0.0,0.0,0.0,1.0,0.0,0.0,1.0,1232.0,3693.0,-3383.0,766.0,2,0.06972406503420077,-0.0025952226013430625,
2024-04-07 05:30:31.528000+00:00,9496.0,0.0,0.0,0.0,1.0,0.0,0.0,1.0,1232.0,3693.0,-3383.0,766.0,2,0.06972406503420077,-0.0025952226013430625,
2024-04-07 05:30:31.688000+00:00,9496.0,0.0,0.0,0.0,1.0,0.0,0.0,1.0,1232.0,3693.0,-3383.0,766.0,2,0.06972406503420077,-0.0025952226013430625,
2024-04-07 05:30:32.008000+00:00,9496.0,0.0,0.0,0.0,1.0,0.0,0.0,1.0,1232.0,3693.0,-3383.0,766.0,2,0.06972406503420077,-0.0025952226013430625,
2024-04-07 05:30:32.289000+00:00,9496.0,0.0,0.0,0.0,1.0,0.0,0.0,1.0,1232.0,3693.0,-3383.0,766.0,2,0.06972406503420077,-0.0025952226013430625,
2024-04-07 05:30:32.729000+00:00,9496.0,0.0,0.0,0.0,1.0,0.0,0.0,1.0,1232.0,3693.0,-3383.0,766.0,2,0.06972406503420077,-0.0025952226013430625,
2024-04-07 05:30:32.929000+00:00,9496.0,0.0,0.0,0.0,1.0,0.0,0.0,1.0,1232.0,3693.0,-3383.0,766.0,2,0.06972406503420077,-0.0025952226013430625,
2024-04-07 05:30:33.209000+00:00,9496.0,0.0,0.0,0.0,1.0,0.0,0.0,1.0,1232.0,3693.0,-3383.0,766.0,2,0.06972406503420077,-0.0025952226013430625,
2024-04-07 05:30:33.449000+00:00,9496.0,0.0,0.0,0.0,1.0,0.0,0.0,1.0,1232.0,3693.0,-3383.0,766.0,2,0.06972406503420077,-0.0025952226013430625,
2024-04-07 05:30:33.649000+00:00,9496.0,0.0,0.0,0.0,1.0,0.0,0.0,1.0,1232.0,3693.0,-3383.0,766.0,2,0.06972406503420077,-0.0025952226013430625,
2024-04-07 05:30:33.889000+00:00,9496.0,0.0,0.0,0.0,1.0,0.0,0.0,1.0,1232.0,3693.0,-3383.0,766.0,2,0.06972406503420077,-0.0025952226013430625,
2024-04-07 05:30:34.169000+00:00,9496.0,0.0,0.0,0.0,1.0,0.0,0.0,1.0,1232.0,3693.0,-3383.0,766.0,2,0.06972406503420077,-0.0025952226013430625,
2024-04-07 05:30:34.409000+00:00,9496.0,0.0,0.0,0.0,1.0,0.0,0.0,1.0,1232.0,3693.0,-3383.0,766.0,2,0.06972406503420077,-0.0025952226013430625,
2024-04-07 05:30:34.769000+00:00,9496.0,0.0,0.0,0.0,1.0,0.0,0.0,1.0,1232.0,3693.0,-3383.0,766.0,2,0.06972406503420077,-0.0025952226013430625,
2024-04-07 05:30:35.129000+00:00,9496.0,0.0,0.0,0.0,1.0,0.0,0.0,1.0,1232.0,3693.0,-3383.0,766.0,2,0.06972406503420077,-0.0025952226013430625,
2024-04-07 05:30:35.328000+00:00,9496.0,0.0,0.0,0.0,1.0,0.0,0.0,1.0,1232.0,3693.0,-3383.0,766.0,2,0.06972406503420077,-0.0025952226013430625,
2024-04-07 05:30:35.528000+00:00,9496.0,0.0,0.0,0.0,1.0,0.0,0.0,1.0,1232.0,3693.0,-3383.0,766.0,2,0.06972406503420077,-0.0025952226013430625,
2024-04-07 05:30:35.848000+00:00,9496.0,0.0,0.0,0.0,1.0,0.0,0.0,1.0,1232.0,3693.0,-3383.0,766.0,2,0.06972406503420077,-0.0025952226013430625,
2024-04-07 05:30:36.008000+00:00,9496.0,0.0,0.0,0.0,1.0,0.0,0.0,1.0,1232.0,3693.0,-3383.0,766.0,2,0.06972406503420077,-0.0025952226013430625,
2024-04-07 05:30:36.248000+00:00,9496.0,0.0,0.0,0.0,1.0,0.0,0.0,1.0,1232.0,3693.0,-3383.0,766.0,2,0.06972406503420077,-0.0025952226013430625,
2024-04-07 05:30:36.408000+00:00,9496.0,0.0,0.0,0.0,1.0,0.0,0.0,1.0,1232.0,3693.0,-3383.0,766.0,2,0.06972406503420077,-0.0025952226013430625,
2024-04-07 05:30:36.648000+00:00,9496.0,0.0,0.0,0.0,1.0,0.0,0.0,1.0,1232.0,3693.0,-3383.0,766.0,2,0.06972406503420077,-0.0025952226013430625,
2024-04-07 05:30:36.928000+00:00,9496.0,0.0,0.0,0.0,1.0,0.0,0.0,1.0,1232.0,3693.0,-3383.0,766.0,2,0.06972406503420077,-0.0025952226013430625,
2024-04-07 05:30:37.168000+00:00,9496.0,0.0,0.0,0.0,1.0,0.0,0.0,1.0,1232.0,3693.0,-3383.0,766.0,2,0.06972406503420077,-0.0025952226013430625,
2024-04-07 05:30:37.528000+00:00,9496.0,0.0,0.0,0.0,1.0,0.0,0.0,1.0,1232.0,3693.0,-3383.0,766.0,2,0.06972406503420077,-0.0025952226013430625,
2024-04-07 05:30:37.888000+00:00,9496.0,0.0,0.0,0.0,1.0,0.0,0.0,1.0,1232.0,3693.0,-3383.0,766.0,2,0.06972406503420077,-0.0025952226013430625,
2024-04-07 05:30:38.088000+00:00,9496.0,0.0,0.0,0.0,1.0,0.0,0.0,1.0,1232.0,3693.0,-3383.0,766.0,2,0.06972406503420077,-0.0025952226013430625,
2024-04-07 05:30:38.288000+00:00,9496.0,0.0,0.0,0.0,1.0,0.0,0.0,1.0,1232.0,3693.0,-3383.0,766.0,2,0.06972406503420077,-0.0025952226013430625,
2024-04-07 05:30:38.528000+00:00,9496.0,0.0,0.0,0.0,1.0,0.0,0.0,1.0,1232.0,3693.0,-3383.0,766.0,2,0.06972406503420077,-0.0025952226013430625,
2024-04-07 05:30:38.728000+00:00,9496.0,0.0,0.0,0.0,1.0,0.0,0.0,1.0,1232.0,3693.0,-3383.0,766.0,2,0.06972406503420077,-0.0025952226013430625,
2024-04-07 05:30:38.969000+00:00,9496.0,0.0,0.0,0.0,1.0,0.0,0.0,1.0,1232.0,3693.0,-3383.0,766.0,2,0.06972406503420077,-0.0025952226013430625,
2024-04-07 05:30:39.529000+00:00,9496.0,0.0,0.0,0.0,1.0,0.0,0.0,1.0,1232.0,3693.0,-3383.0,766.0,2,0.06972406503420077,-0.0025952226013430625,
2024-04-07 05:30:39.729000+00:00,9496.0,0.0,0.0,0.0,1.0,0.0,0.0,1.0,1232.0,3693.0,-3383.0,766.0,2,0.06972406503420077,-0.0025952226013430625,
2024-04-07 05:30:39.969000+00:00,9496.0,0.0,0.0,0.0,1.0,0.0,0.0,1.0,1232.0,3693.0,-3383.0,766.0,2,0.06972406503420077,-0.0025952226013430625,
2024-04-07 05:30:40.249000+00:00,9496.0,0.0,0.0,0.0,1.0,0.0,0.0,1.0,1232.0,3693.0,-3383.0,766.0,2,0.06972406503420077,-0.0025952226013430625,
2024-04-07 05:30:40.649000+00:00,9496.0,0.0,0.0,0.0,1.0,0.0,0.0,1.0,1232.0,3693.0,-3383.0,766.0,2,0.06972406503420077,-0.0025952226013430625,
2024-04-07 05:30:40.809000+00:00,9496.0,0.0,0.0,0.0,1.0,0.0,0.0,1.0,1232.0,3693.0,-3383.0,766.0,2,0.06972406503420077,-0.0025952226013430625,
2024-04-07 05:30:41.249000+00:00,9496.0,0.0,0.0,0.0,1.0,0.0,0.0,1.0,1232.0,3693.0,-3383.0,766.0,2,0.06972406503420077,-0.0025952226013430625,
2024-04-07 05:30:41.449000+00:00,9496.0,0.0,0.0,0.0,1.0,0.0,0.0,1.0,1232.0,3693.0,-3383.0,766.0,2,0.06972406503420077,-0.0025952226013430625,
2024-04-07 05:30:41.609000+00:00,9496.0,0.0,0.0,0.0,1.0,0.0,0.0,1.0,1232.0,3693.0,-3383.0,766.0,2,0.06972406503420077,-0.0025952226013430625,
2024-04-07 05:30:41.769000+00:00,9496.0,0.0,0.0,0.0,1.0,0.0,0.0,1.0,1232.0,3693.0,-3383.0,766.0,2,0.06972406503420077,-0.0025952226013430625,
2024-04-07 05:30:42.168000+00:00,9496.0,0.0,0.0,0.0,1.0,0.0,0.0,1.0,1232.0,3693.0,-3383.0,766.0,2,0.06972406503420077,-0.0025952226013430625,
2024-04-07 05:30:42.528000+00:00,9496.0,0.0,0.0,0.0,1.0,0.0,0.0,1.0,1232.0,3693.0,-3383.0,766.0,2,0.06972406503420077,-0.0025952226013430625,
2024-04-07 05:30:42.768000+00:00,9496.0,0.0,0.0,0.0,1.0,0.0,0.0,1.0,1232.0,3693.0,-3383.0,766.0,2,0.06972406503420077,-0.0025952226013430625,
2024-04-07 05:30:42.968000+00:00,9496.0,0.0,0.0,0.0,1.0,0.0,0.0,1.0,1232.0,3693.0,-3383.0,766.0,2,0.06972406503420077,-0.0025952226013430625,
2024-04-07 05:30:43.328000+00:00,9496.0,0.0,0.0,0.0,1.0,0.0,0.0,1.0,1232.0,3693.0,-3383.0,766.0,2,0.06972406503420077,-0.0025952226013430625,
2024-04-07 05:30:43.648000+00:00,9496.0,0.0,0.0,0.0,1.0,0.0,0.0,1.0,1232.0,3693.0,-3383.0,766.0,2,0.06972406503420077,-0.0025952226013430625,
2024-04-07 05:30:43.888000+00:00,9496.0,0.0,0.0,0.0,1.0,0.0,0.0,1.0,1232.0,3693.0,-3383.0,766.0,2,0.06972406503420077,-0.0025952226013430625,
2024-04-07 05:30:44.168000+00:00,9496.0,0.0,0.0,0.0,1.0,0.0,0.0,1.0,1232.0,3693.0,-3383.0,766.0,2,0.06972406503420077,-0.0025952226013430625,
2024-04-07 05:30:44.328000+00:00,9496.0,0.0,0.0,0.0,1.0,0.0,0.0,1.0,1232.0,3693.0,-3383.0,766.0,2,0.06972406503420077,-0.0025952226013430625,
2024-04-07 05:30:44.568000+00:00,9496.0,0.0,0.0,0.0,1.0,0.0,0.0,1.0,1232.0,3693.0,-3383.0,766.0,2,0.06972406503420077,-0.0025952226013430625,
2024-04-07 05:30:44.728000+00:00,9496.0,0.0,0.0,0.0,1.0,0.0,0.0,1.0,1232.0,3693.0,-3383.0,766.0,2,0.06972406503420077,-0.0025952226013430625,
2024-04-07 05:30:45.088000+00:00,9496.0,0.0,0.0,0.0,1.0,0.0,0.0,1.0,1232.0,3693.0,-3383.0,766.0,2,0.06972406503420077,-0.0025952226013430625,
2024-04-07 05:30:45.329000+00:00,9496.0,0.0,0.0,0.0,1.0,0.0,0.0,1.0,1232.0,3693.0,-3383.0,766.0,2,0.06972406503420077,-0.0025952226013430625,
2024-04-07 05:30:45.569000+00:00,9496.0,0.0,0.0,0.0,1.0,0.0,0.0,1.0,1232.0,3693.0,-3383.0,766.0,2,0.06972406503420077,-0.0025952226013430625,
2024-04-07 05:30:45.889000+00:00,9496.0,0.0,0.0,0.0,1.0,0.0,0.0,1.0,1232.0,3693.0,-3383.0,766.0,2,0.06972406503420077,-0.0025952226013430625,
2024-04-07 05:30:46.089000+00:00,9496.0,0.0,0.0,0.0,1.0,0.0,0.0,1.0,1232.0,3693.0,-3383.0,766.0,2,0.06972406503420077,-0.0025952226013430625,
2024-04-07 05:30:46.369000+00:00,9496.0,0.0,0.0,0.0,1.0,0.0,0.0,1.0,1232.0,3693.0,-3383.0,766.0,2,0.06972406503420077,-0.0025952226013430625,
2024-04-07 05:30:46.529000+00:00,9496.0,0.0,0.0,0.0,1.0,0.0,0.0,1.0,1232.0,3693.0,-3383.0,766.0,2,0.06972406503420077,-0.0025952226013430625,
2024-04-07 05:30:46.769000+00:00,9496.0,0.0,0.0,0.0,1.0,0.0,0.0,1.0,1232.0,3693.0,-3383.0,766.0,2,0.06972406503420077,-0.0025952226013430625,
2024-04-07 05:30:46.969000+00:00,9496.0,0.0,0.0,0.0,1.0,0.0,0.0,1.0,1232.0,3693.0,-3383.0,766.0,2,0.06972406503420077,-0.0025952226013430625,
2024-04-07 05:30:47.129000+00:00,9496.0,0.0,0.0,0.0,1.0,0.0,0.0,1.0,1232.0,3693.0,-3383.0,766.0,2,0.06972406503420077,-0.0025952226013430625,
2024-04-07 05:30:47.569000+00:00,9496.0,0.0,0.0,0.0,1.0,0.0,0.0,1.0,1232.0,3693.0,-3383.0,766.0,2,0.06972406503420077,-0.0025952226013430625,
2024-04-07 05:30:47.849000+00:00,9496.0,0.0,0.0,0.0,1.0,0.0,0.0,1.0,1232.0,3693.0,-3383.0,766.0,2,0.06972406503420077,-0.0025952226013430625,
2024-04-07 05:30:48.209000+00:00,9496.0,0.0,0.0,0.0,1.0,0.0,0.0,1.0,1232.0,3693.0,-3383.0,766.0,2,0.06972406503420077,-0.0025952226013430625,
2024-04-07 05:30:48.529000+00:00,9496.0,0.0,0.0,0.0,1.0,0.0,0.0,1.0,1232.0,3693.0,-3383.0,766.0,2,0.06972406503420077,-0.0025952226013430625,
2024-04-07 05:30:48.928000+00:00,9496.0,0.0,0.0,0.0,1.0,0.0,0.0,1.0,1232.0,3693.0,-3383.0,766.0,2,0.06972406503420077,-0.0025952226013430625,
2024-04-07 05:30:49.248000+00:00,9496.0,0.0,0.0,0.0,1.0,0.0,0.0,1.0,1232.0,3693.0,-3383.0,766.0,2,0.06972406503420077,-0.0025952226013430625,
2024-04-07 05:30:49.568000+00:00,9496.0,0.0,0.0,0.0,1.0,0.0,0.0,1.0,1232.0,3693.0,-3383.0,766.0,2,0.06972406503420077,-0.0025952226013430625,
2024-04-07 05:30:49.768000+00:00,9496.0,0.0,0.0,0.0,1.0,0.0,0.0,1.0,1232.0,3693.0,-3383.0,766.0,2,0.06972406503420077,-0.0025952226013430625,
2024-04-07 05:30:50.048000+00:00,9496.0,0.0,0.0,0.0,1.0,0.0,0.0,1.0,1232.0,3693.0,-3383.0,766.0,2,0.06972406503420077,-0.0025952226013430625,
2024-04-07 05:30:50.448000+00:00,9496.0,0.0,0.0,0.0,1.0,0.0,0.0,1.0,1232.0,3693.0,-3383.0,766.0,2,0.06972406503420077,-0.0025952226013430625,
2024-04-07 05:30:50.608000+00:00,9496.0,0.0,0.0,0.0,1.0,0.0,0.0,1.0,1232.0,3693.0,-3383.0,766.0,2,0.06972406503420077,-0.0025952226013430625,
2024-04-07 05:30:51.008000+00:00,9496.0,0.0,0.0,0.0,1.0,0.0,0.0,1.0,1232.0,3693.0,-3383.0,766.0,2,0.06972406503420077,-0.0025952226013430625,
2024-04-07 05:30:51.288000+00:00,9496.0,0.0,0.0,0.0,1.0,0.0,0.0,1.0,1232.0,3693.0,-3383.0,766.0,2,0.06972406503420077,-0.0025952226013430625,
2024-04-07 05:30:51.528000+00:00,9496.0,0.0,0.0,0.0,1.0,0.0,0.0,1.0,1232.0,3693.0,-3383.0,766.0,2,0.06972406503420077,-0.0025952226013430625,
2024-04-07 05:30:51.728000+00:00,9496.0,0.0,0.0,0.0,1.0,0.0,0.0,1.0,1232.0,3693.0,-3383.0,766.0,2,0.06972406503420077,-0.0025952226013430625,
2024-04-07 05:30:51.969000+00:00,9496.0,0.0,0.0,0.0,1.0,0.0,0.0,1.0,1232.0,3693.0,-3383.0,766.0,2,0.06972406503420077,-0.0025952226013430625,
2024-04-07 05:30:52.169000+00:00,9496.0,0.0,0.0,0.0,1.0,0.0,0.0,1.0,1232.0,3693.0,-3383.0,766.0,2,0.06972406503420077,-0.0025952226013430625,
2024-04-07 05:30:52.489000+00:00,9496.0,0.0,0.0,0.0,1.0,0.0,0.0,1.0,1232.0,3693.0,-3383.0,766.0,2,0.06972406503420077,-0.0025952226013430625,
2024-04-07 05:30:52.849000+00:00,9496.0,0.0,0.0,0.0,1.0,0.0,0.0,1.0,1232.0,3693.0,-3383.0,766.0,2,0.06972406503420077,-0.0025952226013430625,
2024-04-07 05:30:53.049000+00:00,9496.0,0.0,0.0,0.0,1.0,0.0,0.0,1.0,1232.0,3693.0,-3383.0,766.0,2,0.06972406503420077,-0.0025952226013430625,
2024-04-07 05:30:53.289000+00:00,9496.0,0.0,0.0,0.0,1.0,0.0,0.0,1.0,1232.0,3693.0,-3383.0,766.0,2,0.06972406503420077,-0.0025952226013430625,
2024-04-07 05:30:53.649000+00:00,9496.0,0.0,0.0,0.0,1.0,0.0,0.0,1.0,1232.0,3693.0,-3383.0,766.0,2,0.06972406503420077,-0.0025952226013430625,
2024-04-07 05:30:53.849000+00:00,9496.0,0.0,0.0,0.0,1.0,0.0,0.0,1.0,1232.0,3693.0,-3383.0,766.0,2,0.06972406503420077,-0.0025952226013430625,
2024-04-07 05:30:54.009000+00:00,9496.0,0.0,0.0,0.0,1.0,0.0,0.0,1.0,1232.0,3693.0,-3383.0,766.0,2,0.06972406503420077,-0.0025952226013430625,
2024-04-07 05:30:54.329000+00:00,9496.0,0.0,0.0,0.0,1.0,0.0,0.0,1.0,1232.0,3693.0,-3383.0,766.0,2,0.06972406503420077,-0.0025952226013430625,
2024-04-07 05:30:54.769000+00:00,9496.0,0.0,0.0,0.0,1.0,0.0,0.0,1.0,1232.0,3693.0,-3383.0,766.0,2,0.06972406503420077,-0.0025952226013430625,
2024-04-07 05:30:55.089000+00:00,9496.0,0.0,0.0,0.0,1.0,0.0,0.0,1.0,1232.0,3693.0,-3383.0,766.0,2,0.06972406503420077,-0.0025952226013430625,
2024-04-07 05:30:55.289000+00:00,9496.0,0.0,0.0,0.0,1.0,0.0,0.0,1.0,1232.0,3693.0,-3383.0,766.0,2,0.06972406503420077,-0.0025952226013430625,
2024-04-07 05:30:56.648000+00:00,9496.0,0.0,0.0,0.0,1.0,0.0,0.0,1.0,1232.0,3693.0,-3383.0,766.0,2,0.06972406503420077,-0.0025952226013430625,
2024-04-07 05:30:56.848000+00:00,9496.0,0.0,0.0,0.0,1.0,0.0,0.0,1.0,1232.0,3693.0,-3383.0,766.0,2,0.06972406503420077,-0.0025952226013430625,
2024-04-07 05:30:57.008000+00:00,9496.0,0.0,0.0,0.0,1.0,0.0,0.0,1.0,1232.0,3693.0,-3383.0,766.0,2,0.06972406503420077,-0.0025952226013430625,
2024-04-07 05:30:57.408000+00:00,9496.0,0.0,0.0,0.0,1.0,0.0,0.0,1.0,1232.0,3693.0,-3383.0,766.0,2,0.06972406503420077,-0.0025952226013430625,
2024-04-07 05:30:57.648000+00:00,9496.0,0.0,0.0,0.0,1.0,0.0,0.0,1.0,1232.0,3693.0,-3383.0,766.0,2,0.06972406503420077,-0.0025952226013430625,
2024-04-07 05:30:57.848000+00:00,9496.0,0.0,0.0,0.0,1.0,0.0,0.0,1.0,1232.0,3693.0,-3383.0,766.0,2,0.06972406503420077,-0.0025952226013430625,
2024-04-07 05:30:58.248000+00:00,9496.0,0.0,0.0,0.0,1.0,0.0,0.0,1.0,1232.0,3693.0,-3383.0,766.0,2,0.06972406503420077,-0.0025952226013430625,
2024-04-07 05:30:58.489000+00:00,9496.0,0.0,0.0,0.0,1.0,0.0,0.0,1.0,1232.0,3693.0,-3383.0,766.0,2,0.06972406503420077,-0.0025952226013430625,
2024-04-07 05:30:58.689000+00:00,9496.0,0.0,0.0,0.0,1.0,0.0,0.0,1.0,1232.0,3693.0,-3383.0,766.0,2,0.06972406503420077,-0.0025952226013430625,
2024-04-07 05:30:59.009000+00:00,9496.0,0.0,0.0,0.0,1.0,0.0,0.0,1.0,1232.0,3693.0,-3383.0,766.0,2,0.06972406503420077,-0.0025952226013430625,
2024-04-07 05:30:59.169000+00:00,9496.0,0.0,0.0,0.0,1.0,0.0,0.0,1.0,1232.0,3693.0,-3383.0,766.0,2,0.06972406503420077,-0.0025952226013430625,
2024-04-07 05:30:59.369000+00:00,9496.0,0.0,0.0,0.0,1.0,0.0,0.0,1.0,1232.0,3693.0,-3383.0,766.0,2,0.06972406503420077,-0.0025952226013430625,
2024-04-07 05:30:59.729000+00:00,9496.0,0.0,0.0,0.0,1.0,0.0,0.0,1.0,1232.0,3693.0,-3383.0,766.0,2,0.06972406503420077,-0.0025952226013430625,
2024-04-07 05:31:00.089000+00:00,9496.0,0.0,0.0,0.0,1.0,0.0,0.0,1.0,1232.0,3693.0,-3383.0,766.0,2,0.06972406503420077,-0.0025952226013430625,
2024-04-07 05:31:00.289000+00:00,9496.0,0.0,0.0,0.0,1.0,0.0,0.0,1.0,1232.0,3693.0,-3383.0,766.0,2,0.06972406503420077,-0.0025952226013430625,
2024-04-07 05:31:00.769000+00:00,9496.0,0.0,0.0,0.0,1.0,0.0,0.0,1.0,1232.0,3693.0,-3383.0,766.0,2,0.06972406503420077,-0.0025952226013430625,
2024-04-07 05:31:01.009000+00:00,9496.0,0.0,0.0,0.0,1.0,0.0,0.0,1.0,1232.0,3693.0,-3383.0,766.0,2,0.06972406503420077,-0.0025952226013430625,
2024-04-07 05:31:01.369000+00:00,9496.0,0.0,0.0,0.0,1.0,0.0,0.0,1.0,1232.0,3693.0,-3383.0,766.0,2,0.06972406503420077,-0.0025952226013430625,
2024-04-07 05:31:01.769000+00:00,9496.0,0.0,0.0,0.0,1.0,0.0,0.0,1.0,1232.0,3693.0,-3383.0,766.0,2,0.06972406503420077,-0.0025952226013430625,
2024-04-07 05:31:01.969000+00:00,9496.0,0.0,0.0,0.0,1.0,0.0,0.0,1.0,1232.0,3693.0,-3383.0,766.0,2,0.06972406503420077,-0.0025952226013430625,
2024-04-07 05:31:02.208000+00:00,9496.0,0.0,0.0,0.0,1.0,0.0,0.0,1.0,1232.0,3693.0,-3383.0,766.0,2,0.06972406503420077,-0.0025952226013430625,
2024-04-07 05:31:02.608000+00:00,9496.0,0.0,0.0,0.0,1.0,0.0,0.0,1.0,1232.0,3693.0,-3383.0,766.0,2,0.06972406503420077,-0.0025952226013430625,
2024-04-07 05:31:02.888000+00:00,9496.0,0.0,0.0,0.0,1.0,0.0,0.0,1.0,1232.0,3693.0,-3383.0,766.0,2,0.06972406503420077,-0.0025952226013430625,
2024-04-07 05:31:03.128000+00:00,9496.0,0.0,0.0,0.0,1.0,0.0,0.0,1.0,1232.0,3693.0,-3383.0,766.0,2,0.06972406503420077,-0.0025952226013430625,
2024-04-07 05:31:03.288000+00:00,9496.0,0.0,0.0,0.0,1.0,0.0,0.0,1.0,1232.0,3693.0,-3383.0,766.0,2,0.06972406503420077,-0.0025952226013430625,
2024-04-07 05:31:03.448000+00:00,9496.0,0.0,0.0,0.0,1.0,0.0,0.0,1.0,1232.0,3693.0,-3383.0,766.0,2,0.06972406503420077,-0.0025952226013430625,
2024-04-07 05:31:03.728000+00:00,9496.0,0.0,0.0,0.0,1.0,0.0,0.0,1.0,1232.0,3693.0,-3383.0,766.0,2,0.06972406503420077,-0.0025952226013430625,
2024-04-07 05:31:03.968000+00:00,9496.0,0.0,0.0,0.0,1.0,0.0,0.0,1.0,1232.0,3693.0,-3383.0,766.0,2,0.06972406503420077,-0.0025952226013430625,
2024-04-07 05:31:04.208000+00:00,9496.0,0.0,0.0,0.0,1.0,0.0,0.0,1.0,1232.0,3693.0,-3383.0,766.0,2,0.06972406503420077,-0.0025952226013430625,
2024-04-07 05:31:04.368000+00:00,9496.0,0.0,0.0,0.0,1.0,0.0,0.0,1.0,1232.0,3693.0,-3383.0,766.0,2,0.06972406503420077,-0.0025952226013430625,
2024-04-07 05:31:04.568000+00:00,9496.0,0.0,0.0,0.0,1.0,0.0,0.0,1.0,1232.0,3693.0,-3383.0,766.0,2,0.06972406503420077,-0.0025952226013430625,
2024-04-07 05:31:04.848000+00:00,9496.0,0.0,0.0,0.0,1.0,0.0,0.0,1.0,1232.0,3693.0,-3383.0,766.0,2,0.06972406503420077,-0.0025952226013430625,
2024-04-07 05:31:05.129000+00:00,9496.0,0.0,0.0,0.0,1.0,0.0,0.0,1.0,1232.0,3693.0,-3383.0,766.0,2,0.06972406503420077,-0.0025952226013430625,
2024-04-07 05:31:05.849000+00:00,9496.0,0.0,0.0,0.0,1.0,0.0,0.0,1.0,1232.0,3693.0,-3383.0,766.0,2,0.06972406503420077,-0.0025952226013430625,
2024-04-07 05:31:06.089000+00:00,9496.0,0.0,0.0,0.0,1.0,0.0,0.0,1.0,1232.0,3693.0,-3383.0,766.0,2,0.06972406503420077,-0.0025952226013430625,
2024-04-07 05:31:06.249000+00:00,9496.0,0.0,0.0,0.0,1.0,0.0,0.0,1.0,1232.0,3693.0,-3383.0,766.0,2,0.06972406503420077,-0.0025952226013430625,
2024-04-07 05:31:06.529000+00:00,9496.0,0.0,0.0,0.0,1.0,0.0,0.0,1.0,1232.0,3693.0,-3383.0,766.0,2,0.06972406503420077,-0.0025952226013430625,
2024-04-07 05:31:06.969000+00:00,9496.0,0.0,0.0,0.0,1.0,0.0,0.0,1.0,1232.0,3693.0,-3383.0,766.0,2,0.06972406503420077,-0.0025952226013430625,
2024-04-07 05:31:07.329000+00:00,9496.0,0.0,100.0,0.0,1.0,0.0,0.0,1.0,1232.0,3693.0,-3383.0,766.0,2,-0.9299859767134657,-0.03320981423482086,
2024-04-07 05:31:07.609000+00:00,9496.0,0.0,100.0,0.0,3.0,0.0,0.0,1.0,1232.0,3693.0,-3383.0,766.0,2,-0.9299859699526319,-0.0332100163658488,
2024-04-07 05:31:07.969000+00:00,9496.0,0.0,0.0,0.0,3.0,0.0,0.0,1.0,1232.0,3693.0,-3383.0,766.0,2,0.06972406503420077,-0.0025952226013430625,
2024-04-07 05:31:08.409000+00:00,9496.0,0.0,0.0,0.0,1.0,0.0,0.0,1.0,1232.0,3693.0,-3383.0,766.0,2,0.06972406503420077,-0.0025952226013430625,
2024-04-07 05:31:08.809000+00:00,9496.0,0.0,0.0,0.0,1.0,0.0,0.0,1.0,1232.0,3693.0,-3383.0,766.0,2,0.06972406503420077,-0.0025952226013430625,
2024-04-07 05:31:08.968000+00:00,9496.0,0.0,0.0,0.0,1.0,0.0,0.0,1.0,1232.0,3693.0,-3383.0,766.0,2,0.06972406503420077,-0.0025952226013430625,
2024-04-07 05:31:09.328000+00:00,9496.0,0.0,0.0,0.0,1.0,0.0,0.0,1.0,1232.0,3693.0,-3383.0,766.0,2,0.06972406503420077,-0.0025952226013430625,
2024-04-07 05:31:09.488000+00:00,9496.0,0.0,0.0,0.0,1.0,0.0,0.0,1.0,1232.0,3693.0,-3383.0,766.0,2,0.06972406503420077,-0.0025952226013430625,
2024-04-07 05:31:09.688000+00:00,9496.0,0.0,0.0,0.0,1.0,0.0,0.0,1.0,1232.0,3693.0,-3383.0,766.0,2,0.06972406503420077,-0.0025952226013430625,
2024-04-07 05:31:10.048000+00:00,9496.0,0.0,0.0,0.0,1.0,0.0,0.0,1.0,1232.0,3693.0,-3383.0,766.0,2,0.06972406503420077,-0.0025952226013430625,
2024-04-07 05:31:10.328000+00:00,9496.0,980.0,0.0,0.0,1.0,0.0,0.0,1.0,1232.0,3693.0,-3383.0,766.0,2,0.06972406503420077,-0.0025952226013430625,
2024-04-07 05:31:10.688000+00:00,9496.0,2529.0,0.0,0.0,1.0,0.0,0.0,1.0,1232.0,3693.0,-3383.0,766.0,2,0.06972406503420077,-0.0025952226013430625,
2024-04-07 05:31:11.008000+00:00,9496.0,3317.0,0.0,0.0,1.0,0.0,0.0,1.0,1232.0,3693.0,-3383.0,766.0,2,0.06972406503420077,-0.0025952226013430625,
2024-04-07 05:31:11.288000+00:00,9496.0,3544.0,0.0,0.0,1.0,0.0,0.0,1.0,1232.0,3693.0,-3383.0,766.0,2,0.06972406503420077,-0.0025952226013430625,
2024-04-07 05:31:11.488000+00:00,9496.0,3934.0,0.0,0.0,1.0,0.0,0.0,1.0,1232.0,3693.0,-3383.0,766.0,2,0.06972406503420077,-0.0025952226013430625,
2024-04-07 05:31:11.649000+00:00,9496.0,4017.0,0.0,0.0,1.0,0.0,0.0,1.0,1232.0,3693.0,-3383.0,766.0,2,0.06972406503420077,-0.0025952226013430625,
2024-04-07 05:31:11.809000+00:00,9496.0,3929.0,0.0,0.0,1.0,0.0,0.0,1.0,1232.0,3693.0,-3383.0,766.0,2,0.06972406503420077,-0.0025952226013430625,
2024-04-07 05:31:12.089000+00:00,9496.0,3883.0,0.0,0.0,1.0,0.0,0.0,1.0,1232.0,3693.0,-3383.0,766.0,2,0.06972406503420077,-0.0025952226013430625,
2024-04-07 05:31:12.409000+00:00,9496.0,4076.0,0.0,0.0,1.0,0.0,0.0,1.0,1232.0,3693.0,-3383.0,766.0,2,0.06972406503420077,-0.0025952226013430625,
2024-04-07 05:31:12.569000+00:00,9496.0,4024.0,0.0,0.0,1.0,0.0,0.0,1.0,1232.0,3693.0,-3383.0,766.0,2,0.06972406503420077,-0.0025952226013430625,
2024-04-07 05:31:12.809000+00:00,9496.0,3914.0,0.0,0.0,1.0,0.0,0.0,1.0,1232.0,3693.0,-3383.0,766.0,2,0.06972406503420077,-0.0025952226013430625,
2024-04-07 05:31:12.969000+00:00,9496.0,3924.0,0.0,0.0,1.0,0.0,0.0,1.0,1232.0,3693.0,-3383.0,766.0,2,0.06972406503420077,-0.0025952226013430625,
2024-04-07 05:31:13.209000+00:00,9496.0,3725.0,0.0,0.0,1.0,0.0,0.0,1.0,1232.0,3693.0,-3383.0,766.0,2,0.06972406503420077,-0.0025952226013430625,
2024-04-07 05:31:13.369000+00:00,9496.0,3726.0,0.0,0.0,1.0,0.0,0.0,1.0,1232.0,3693.0,-3383.0,766.0,2,0.06972406503420077,-0.0025952226013430625,
2024-04-07 05:31:13.689000+00:00,9496.0,3691.0,0.0,0.0,1.0,0.0,0.0,1.0,1232.0,3693.0,-3383.0,766.0,2,0.06972406503420077,-0.0025952226013430625,
2024-04-07 05:31:14.049000+00:00,9496.0,3864.0,0.0,0.0,1.0,0.0,0.0,1.0,1232.0,3693.0,-3383.0,766.0,2,0.06972406503420077,-0.0025952226013430625,
2024-04-07 05:31:14.249000+00:00,9496.0,3790.0,0.0,0.0,1.0,0.0,0.0,1.0,1232.0,3693.0,-3383.0,766.0,2,0.06972406503420077,-0.0025952226013430625,
2024-04-07 05:31:14.409000+00:00,9496.0,3707.0,0.0,0.0,1.0,0.0,0.0,1.0,1232.0,3693.0,-3383.0,766.0,2,0.06972406503420077,-0.0025952226013430625,
2024-04-07 05:31:14.609000+00:00,9496.0,3638.0,0.0,0.0,1.0,0.0,0.0,1.0,1232.0,3693.0,-3383.0,766.0,2,0.06972406503420077,-0.0025952226013430625,
2024-04-07 05:31:14.849000+00:00,9496.0,3581.0,0.0,0.0,1.0,0.0,0.0,1.0,1232.0,3693.0,-3383.0,766.0,2,0.06972406503420077,-0.0025952226013430625,
2024-04-07 05:31:15.009000+00:00,9496.0,3511.0,0.0,0.0,1.0,0.0,0.0,1.0,1232.0,3693.0,-3383.0,766.0,2,0.06972406503420077,-0.0025952226013430625,
2024-04-07 05:31:15.249000+00:00,9496.0,3366.0,0.0,0.0,1.0,0.0,0.0,1.0,1232.0,3693.0,-3383.0,766.0,2,0.06972406503420077,-0.0025952226013430625,
2024-04-07 05:31:15.688000+00:00,9496.0,3429.0,0.0,0.0,1.0,0.0,0.0,1.0,1232.0,3693.0,-3383.0,766.0,2,0.06972406503420077,-0.0025952226013430625,
2024-04-07 05:31:16.008000+00:00,9496.0,3396.0,0.0,0.0,1.0,0.0,0.0,1.0,1232.0,3693.0,-3383.0,766.0,2,0.06972406503420077,-0.0025952226013430625,
2024-04-07 05:31:16.328000+00:00,9496.0,3348.0,0.0,0.0,1.0,0.0,0.0,1.0,1232.0,3693.0,-3383.0,766.0,2,0.06972406503420077,-0.0025952226013430625,
2024-04-07 05:31:16.688000+00:00,9496.0,3375.0,0.0,0.0,1.0,0.0,0.0,1.0,1232.0,3693.0,-3383.0,766.0,2,0.06972406503420077,-0.0025952226013430625,
2024-04-07 05:31:16.848000+00:00,9496.0,3364.0,0.0,0.0,1.0,0.0,0.0,1.0,1232.0,3693.0,-3383.0,766.0,2,0.06972406503420077,-0.0025952226013430625,
2024-04-07 05:31:17.128000+00:00,9496.0,3299.0,0.0,0.0,1.0,0.0,0.0,1.0,1232.0,3693.0,-3383.0,766.0,2,0.06972406503420077,-0.0025952226013430625,
2024-04-07 05:31:17.328000+00:00,9496.0,3349.0,0.0,0.0,1.0,0.0,0.0,1.0,1232.0,3693.0,-3383.0,766.0,2,0.06972406503420077,-0.0025952226013430625,
2024-04-07 05:31:17.608000+00:00,9496.0,3498.0,0.0,0.0,1.0,0.0,0.0,1.0,1232.0,3693.0,-3383.0,766.0,2,0.06972406503420077,-0.0025952226013430625,
2024-04-07 05:31:17.848000+00:00,9496.0,3534.0,0.0,0.0,1.0,0.0,0.0,1.0,1232.0,3693.0,-3383.0,766.0,2,0.06972406503420077,-0.0025952226013430625,
2024-04-07 05:31:18.008000+00:00,9496.0,3525.0,0.0,0.0,1.0,0.0,0.0,1.0,1232.0,3693.0,-3383.0,766.0,2,0.06972406503420077,-0.0025952226013430625,
2024-04-07 05:31:18.369000+00:00,9496.0,3517.0,0.0,0.0,1.0,0.0,0.0,1.0,1232.0,3693.0,-3383.0,766.0,2,0.06972406503420077,-0.0025952226013430625,
2024-04-07 05:31:18.609000+00:00,9496.0,3527.0,0.0,0.0,1.0,0.0,0.0,1.0,1232.0,3693.0,-3383.0,766.0,2,0.06972406503420077,-0.0025952226013430625,
2024-04-07 05:31:19.049000+00:00,9496.0,3523.0,0.0,0.0,1.0,0.0,0.0,1.0,1232.0,3693.0,-3383.0,766.0,2,0.06972406503420077,-0.0025952226013430625,
2024-04-07 05:31:19.409000+00:00,9496.0,3502.0,0.0,0.0,1.0,0.0,0.0,1.0,1232.0,3693.0,-3383.0,766.0,2,0.06972406503420077,-0.0025952226013430625,
2024-04-07 05:31:19.729000+00:00,9496.0,3520.0,100.0,0.0,1.0,0.0,0.0,1.0,1232.0,3693.0,-3383.0,766.0,2,-0.9299858970675773,-0.03321219534463837,
2024-04-07 05:31:20.129000+00:00,9496.0,3500.0,100.0,0.0,1.0,0.0,0.0,1.0,1232.0,3693.0,-3383.0,766.0,2,-0.9299859709110946,-0.03320998771042892,
2024-04-07 05:31:20.849000+00:00,9496.0,3657.0,100.0,0.0,1.0,0.0,0.0,1.0,1232.0,3693.0,-3383.0,766.0,2,-0.9299859762477642,-0.03320982815808422,
2024-04-07 05:31:21.009000+00:00,9496.0,3615.0,100.0,0.0,1.0,0.0,0.0,1.0,1232.0,3693.0,-3383.0,766.0,2,-0.9299859825706067,-0.03320963912065892,
2024-04-07 05:31:21.289000+00:00,9496.0,3651.0,100.0,0.0,1.0,0.0,0.0,1.0,1232.0,3693.0,-3383.0,766.0,2,-0.9299859700070594,-0.03321001473861894,
2024-04-07 05:31:21.689000+00:00,9496.0,5060.0,100.0,0.0,1.0,0.0,1.0,1.0,1232.0,3693.0,-3384.0,766.0,2,-0.9493407604242359,0.15067063917962306,
2024-04-07 05:31:22.648000+00:00,9496.0,8999.0,100.0,0.0,1.0,0.0,1.0,1.0,1232.0,3693.0,-3384.0,766.0,2,-0.9490524801831396,-0.15810400196407634,
2024-04-07 05:31:23.008000+00:00,9496.0,7781.0,100.0,0.0,1.0,0.0,1.0,1.0,1232.0,3693.0,-3384.0,766.0,2,-0.9490525362508105,-0.1581037008379673,
2024-04-07 05:31:23.408000+00:00,9496.0,4981.0,100.0,0.0,1.0,0.0,1.0,1.0,1232.0,3693.0,-3384.0,766.0,2,-0.9493403319652848,0.15067320776189477,
2024-04-07 05:31:23.848000+00:00,9496.0,3854.0,100.0,0.0,1.0,0.0,0.0,1.0,1232.0,3693.0,-3384.0,766.0,2,-0.9299859742006169,-0.033209889362524,
2024-04-07 05:31:24.288000+00:00,9496.0,3656.0,100.0,0.0,1.0,0.0,0.0,1.0,1232.0,3693.0,-3384.0,766.0,2,-0.9299859785870317,-0.03320975821984906,
2024-04-07 05:31:24.448000+00:00,9496.0,3893.0,100.0,0.0,1.0,0.0,0.0,1.0,1232.0,3693.0,-3384.0,766.0,2,-0.9299859809785961,-0.033209686717973946,
2024-04-07 05:31:24.889000+00:00,9496.0,3710.0,0.0,0.0,1.0,0.0,0.0,1.0,1232.0,3693.0,-3384.0,766.0,2,0.06972406503420077,-0.0025952226013430625,
2024-04-07 05:31:25.049000+00:00,9496.0,3623.0,0.0,0.0,1.0,0.0,0.0,1.0,1232.0,3693.0,-3384.0,766.0,2,0.06972406503420077,-0.0025952226013430625,
2024-04-07 05:31:25.329000+00:00,9496.0,3704.0,0.0,0.0,1.0,0.0,0.0,1.0,1232.0,3693.0,-3384.0,766.0,2,0.06972406503420077,-0.0025952226013430625,
2024-04-07 05:31:25.729000+00:00,9496.0,3710.0,0.0,0.0,1.0,0.0,0.0,1.0,1232.0,3693.0,-3384.0,766.0,2,0.06972406503420077,-0.0025952226013430625,
2024-04-07 05:31:26.089000+00:00,9496.0,3540.0,100.0,0.0,1.0,0.0,0.0,1.0,1232.0,3693.0,-3384.0,766.0,2,-0.9299859753196711,-0.03320985590569416,
2024-04-07 05:31:26.449000+00:00,9496.0,3577.0,100.0,0.0,1.0,0.0,0.0,1.0,1232.0,3693.0,-3384.0,766.0,2,-0.9299859791177751,-0.03320974235196345,
2024-04-07 05:31:26.649000+00:00,9496.0,3624.0,100.0,0.0,1.0,0.0,0.0,1.0,1232.0,3693.0,-3384.0,766.0,2,-0.9299859693699793,-0.03321003378554151,
2024-04-07 05:31:26.929000+00:00,9496.0,3591.0,100.0,0.0,1.0,0.0,0.0,1.0,1232.0,3693.0,-3384.0,766.0,2,-0.9299859722098024,-0.033209948882559674,
2024-04-07 05:31:27.089000+00:00,9496.0,3631.0,100.0,0.0,1.0,0.0,0.0,1.0,1232.0,3693.0,-3384.0,766.0,2,-0.929985963745199,-0.0332102019503229,
2024-04-07 05:31:27.369000+00:00,9496.0,3656.0,100.0,0.0,1.0,0.0,0.0,1.0,1232.0,3693.0,-3384.0,766.0,2,-0.9299859711604852,-0.033209980254296265,
2024-04-07 05:31:27.609000+00:00,9496.0,3516.0,100.0,0.0,1.0,0.0,0.0,1.0,1232.0,3693.0,-3384.0,766.0,2,-0.9299859715370539,-0.033209968995921074,
2024-04-07 05:31:27.929000+00:00,9496.0,3519.0,100.0,0.0,1.0,0.0,0.0,1.0,1232.0,3693.0,-3384.0,766.0,2,-0.9299859746928136,-0.033209874647101734,
2024-04-07 05:31:28.209000+00:00,9496.0,3466.0,100.0,0.0,1.0,0.0,0.0,1.0,1232.0,3693.0,-3384.0,766.0,2,-0.929985972013767,-0.03320995474348485,
2024-04-07 05:31:28.449000+00:00,9496.0,3382.0,100.0,0.0,1.0,0.0,0.0,1.0,1232.0,3693.0,-3384.0,766.0,2,-0.9299859744874543,-0.033209880786806714,
2024-04-07 05:31:28.649000+00:00,9496.0,3568.0,100.0,0.0,1.0,0.0,0.0,1.0,1232.0,3693.0,-3384.0,766.0,2,-0.9299859790645952,-0.0332097439418929,
2024-04-07 05:31:28.849000+00:00,9496.0,3668.0,100.0,0.0,1.0,0.0,0.0,1.0,1232.0,3693.0,-3384.0,766.0,2,-0.9299859729056342,-0.03320992807906906,
2024-04-07 05:31:29.008000+00:00,9496.0,3595.0,100.0,0.0,1.0,0.0,0.0,1.0,1232.0,3693.0,-3384.0,766.0,2,-0.9299859587047588,-0.033210352644266423,
2024-04-07 05:31:29.248000+00:00,9496.0,3606.0,100.0,0.0,1.0,0.0,0.0,1.0,1232.0,3693.0,-3384.0,766.0,2,-0.9299859713375768,-0.03320997495972709,
2024-04-07 05:31:29.448000+00:00,9496.0,3586.0,100.0,0.0,1.0,0.0,0.0,1.0,1232.0,3693.0,-3384.0,766.0,2,-0.9299859830515973,-0.03320962474015175,
2024-04-07 05:31:29.648000+00:00,9496.0,3536.0,100.0,0.0,1.0,0.0,0.0,1.0,1232.0,3693.0,-3384.0,766.0,2,-0.9299859790039204,-0.033209745755952,
2024-04-07 05:31:30.048000+00:00,9496.0,3568.0,100.0,0.0,1.0,0.0,0.0,1.0,1232.0,3693.0,-3384.0,766.0,2,-0.9299859706981927,-0.03320999407558432,
2024-04-07 05:31:30.248000+00:00,9496.0,3541.0,100.0,0.0,1.0,0.0,0.0,1.0,1232.0,3693.0,-3384.0,766.0,2,-0.929985972657264,-0.033209935504645516,
2024-04-07 05:31:30.688000+00:00,9496.0,3567.0,100.0,0.0,1.0,0.0,0.0,1.0,1232.0,3693.0,-3384.0,766.0,2,-0.9299859206580364,-0.033211490100233554,
2024-04-07 05:31:30.888000+00:00,9496.0,3576.0,100.0,0.0,1.0,0.0,0.0,1.0,1232.0,3693.0,-3384.0,766.0,2,-0.9299859729264351,-0.033209927457138064,
2024-04-07 05:31:31.088000+00:00,9496.0,3555.0,100.0,0.0,1.0,0.0,0.0,1.0,1232.0,3693.0,-3384.0,766.0,2,-0.9299859842908768,-0.033209587688563094,
2024-04-07 05:31:31.409000+00:00,9496.0,3587.0,100.0,0.0,1.0,0.0,0.0,1.0,1232.0,3693.0,-3384.0,766.0,2,-0.9299859619472447,-0.03321025570385639,
2024-04-07 05:31:31.649000+00:00,9496.0,3491.0,100.0,0.0,1.0,0.0,0.0,1.0,1232.0,3693.0,-3384.0,766.0,2,-0.9299859729173585,-0.03320992772854625,
2024-04-07 05:31:31.889000+00:00,9496.0,3498.0,100.0,0.0,1.0,0.0,0.0,1.0,1232.0,3693.0,-3384.0,766.0,2,-0.9299859737875761,-0.033209901711308616,
2024-04-07 05:31:32.089000+00:00,9496.0,3467.0,100.0,0.0,1.0,0.0,0.0,1.0,1232.0,3693.0,-3384.0,766.0,2,-0.9299859807533274,-0.033209693452951244,
2024-04-07 05:31:32.249000+00:00,9496.0,3496.0,100.0,0.0,1.0,0.0,0.0,1.0,1232.0,3693.0,-3384.0,766.0,2,-0.9299859749258346,-0.03320986768035856,
2024-04-07 05:31:32.409000+00:00,9496.0,3467.0,100.0,0.0,1.0,0.0,0.0,1.0,1232.0,3693.0,-3384.0,766.0,2,-0.9299859711231141,-0.03320998137161044,
2024-04-07 05:31:32.689000+00:00,9496.0,3566.0,100.0,0.0,1.0,0.0,0.0,1.0,1232.0,3693.0,-3384.0,766.0,2,-0.9299859585255786,-0.03321035800117728,
2024-04-07 05:31:32.889000+00:00,9496.0,3563.0,100.0,0.0,1.0,0.0,0.0,1.0,1232.0,3693.0,-3384.0,766.0,2,-0.9299859737338084,-0.033209903318812885,
2024-04-07 05:31:33.049000+00:00,9496.0,3577.0,100.0,0.0,1.0,0.0,0.0,1.0,1232.0,3693.0,-3384.0,766.0,2,-0.9299859706107908,-0.0332099966886755,
2024-04-07 05:31:33.209000+00:00,9496.0,3477.0,100.0,0.0,1.0,0.0,0.0,1.0,1232.0,3693.0,-3384.0,766.0,2,-0.929985964783535,-0.03321017090716203,
2024-04-07 05:31:33.489000+00:00,9496.0,3706.0,100.0,0.0,1.0,0.0,0.0,1.0,1232.0,3693.0,-3384.0,766.0,2,-0.9299859711753075,-0.03320997981113792,
2024-04-07 05:31:33.769000+00:00,9496.0,3628.0,100.0,0.0,1.0,0.0,0.0,1.0,1232.0,3693.0,-3384.0,766.0,2,-0.9299859736178745,-0.033209906784929806,
2024-04-07 05:31:33.969000+00:00,9496.0,3578.0,100.0,0.0,1.0,0.0,0.0,1.0,1232.0,3693.0,-3384.0,766.0,2,-0.9299859717835801,-0.03320996162547824,
2024-04-07 05:31:34.129000+00:00,9496.0,3558.0,100.0,0.0,1.0,0.0,0.0,1.0,1232.0,3693.0,-3384.0,766.0,2,-0.9299859800285825,-0.033209715121039124,
2024-04-07 05:31:34.409000+00:00,9496.0,3613.0,100.0,0.0,1.0,0.0,0.0,1.0,1232.0,3693.0,-3384.0,766.0,2,-0.9299859738845622,-0.03320989881171556,
2024-04-07 05:31:34.649000+00:00,9496.0,3555.0,100.0,0.0,1.0,0.0,0.0,1.0,1232.0,3693.0,-3384.0,766.0,2,-0.9299859873734039,-0.033209495527954894,
2024-04-07 05:31:34.849000+00:00,9496.0,3506.0,100.0,0.0,1.0,0.0,0.0,1.0,1232.0,3693.0,-3384.0,766.0,2,-0.9299859761178431,-0.03320983204240814,
2024-04-07 05:31:35.129000+00:00,9496.0,3586.0,100.0,0.0,1.0,0.0,0.0,1.0,1232.0,3693.0,-3384.0,766.0,2,-0.9299859793878686,-0.03320973427681152,
2024-04-07 05:31:35.369000+00:00,9496.0,3515.0,100.0,0.0,1.0,0.0,0.0,1.0,1232.0,3693.0,-3384.0,766.0,2,-0.929985923369086,-0.03321140905138406,
2024-04-07 05:31:35.649000+00:00,9496.0,3485.0,100.0,0.0,1.0,0.0,0.0,1.0,1232.0,3693.0,-3384.0,766.0,2,-0.9299859709257607,-0.03320998727193699,
2024-04-07 05:31:36.048000+00:00,9496.0,3568.0,100.0,0.0,1.0,0.0,0.0,1.0,1232.0,3693.0,-3384.0,766.0,2,-0.9299859755928531,-0.03320984773824645,
2024-04-07 05:31:36.368000+00:00,9496.0,3597.0,100.0,0.0,1.0,0.0,0.0,1.0,1232.0,3693.0,-3384.0,766.0,2,-0.929985972717261,-0.033209933710911584,
2024-04-07 05:31:36.648000+00:00,9496.0,3468.0,100.0,0.0,1.0,0.0,0.0,1.0,1232.0,3693.0,-3384.0,766.0,2,-0.9299859751166097,-0.033209861976687426,
2024-04-07 05:31:36.888000+00:00,9496.0,3460.0,100.0,0.0,1.0,0.0,0.0,1.0,1232.0,3693.0,-3384.0,766.0,2,-0.9299859844457653,-0.033209583057741174,
2024-04-07 05:31:37.128000+00:00,9496.0,3527.0,100.0,0.0,1.0,0.0,0.0,1.0,1232.0,3693.0,-3384.0,766.0,2,-0.929985959133789,-0.03321033981757586,
2024-04-07 05:31:37.328000+00:00,9496.0,3467.0,100.0,0.0,1.0,0.0,0.0,1.0,1232.0,3693.0,-3384.0,766.0,2,-0.9299859686317101,-0.033210055857711855,
2024-04-07 05:31:37.528000+00:00,9496.0,3501.0,100.0,0.0,1.0,0.0,0.0,1.0,1232.0,3693.0,-3384.0,766.0,2,-0.9299859743968776,-0.033209883494786145,
2024-04-07 05:31:37.768000+00:00,9496.0,3497.0,100.0,0.0,1.0,0.0,0.0,1.0,1232.0,3693.0,-3384.0,766.0,2,-0.9299859729104764,-0.033209927934302406,
2024-04-07 05:31:38.089000+00:00,9496.0,3599.0,100.0,0.0,1.0,0.0,0.0,1.0,1232.0,3693.0,-3384.0,766.0,2,-0.9299859729850525,-0.03320992570464403,
2024-04-07 05:31:38.409000+00:00,9496.0,3446.0,100.0,0.0,1.0,0.0,0.0,1.0,1232.0,3693.0,-3384.0,766.0,2,-0.9299859600915596,-0.03321031118318798,
2024-04-07 05:31:38.569000+00:00,9496.0,3508.0,0.0,0.0,1.0,0.0,0.0,1.0,1232.0,3693.0,-3384.0,766.0,2,0.06972406503420077,-0.0025952226013430625,
2024-04-07 05:31:38.889000+00:00,9496.0,3510.0,0.0,0.0,1.0,0.0,0.0,1.0,1232.0,3693.0,-3384.0,766.0,2,0.06972406503420077,-0.0025952226013430625,
2024-04-07 05:31:39.089000+00:00,9496.0,3494.0,0.0,0.0,1.0,0.0,0.0,1.0,1232.0,3693.0,-3384.0,766.0,2,0.06972406503420077,-0.0025952226013430625,
2024-04-07 05:31:39.329000+00:00,9496.0,3609.0,100.0,0.0,1.0,0.0,0.0,1.0,1232.0,3693.0,-3384.0,766.0,2,-0.9299859732490596,-0.03320991781152548,
2024-04-07 05:31:39.569000+00:00,9496.0,3623.0,0.0,0.0,1.0,0.0,0.0,1.0,1232.0,3693.0,-3384.0,766.0,2,0.06972406503420077,-0.0025952226013430625,
2024-04-07 05:31:39.889000+00:00,9496.0,3615.0,0.0,0.0,1.0,0.0,0.0,1.0,1232.0,3693.0,-3384.0,766.0,2,0.06972406503420077,-0.0025952226013430625,
2024-04-07 05:31:40.209000+00:00,9496.0,3560.0,0.0,0.0,1.0,0.0,0.0,1.0,1232.0,3693.0,-3384.0,766.0,2,0.06972406503420077,-0.0025952226013430625,
2024-04-07 05:31:40.409000+00:00,9496.0,3584.0,0.0,0.0,1.0,0.0,0.0,1.0,1232.0,3693.0,-3384.0,766.0,2,0.06972406503420077,-0.0025952226013430625,
2024-04-07 05:31:40.729000+00:00,9496.0,3611.0,0.0,0.0,1.0,0.0,0.0,1.0,1232.0,3693.0,-3384.0,766.0,2,0.06972406503420077,-0.0025952226013430625,
2024-04-07 05:31:40.889000+00:00,9496.0,3552.0,0.0,0.0,1.0,0.0,0.0,1.0,1232.0,3693.0,-3384.0,766.0,2,0.06972406503420077,-0.0025952226013430625,
2024-04-07 05:31:41.329000+00:00,9496.0,3539.0,0.0,0.0,1.0,0.0,0.0,1.0,1232.0,3693.0,-3384.0,766.0,2,0.06972406503420077,-0.0025952226013430625,
2024-04-07 05:31:41.769000+00:00,9496.0,3508.0,0.0,0.0,1.0,0.0,0.0,1.0,1232.0,3693.0,-3384.0,766.0,2,0.06972406503420077,-0.0025952226013430625,
2024-04-07 05:31:42.009000+00:00,9496.0,3509.0,100.0,0.0,1.0,0.0,0.0,1.0,1232.0,3693.0,-3384.0,766.0,2,-0.9299859897596183,-0.03320942418530561,
2024-04-07 05:31:42.369000+00:00,9496.0,3538.0,0.0,0.0,1.0,0.0,0.0,1.0,1232.0,3693.0,-3384.0,766.0,2,0.06972406503420077,-0.0025952226013430625,
2024-04-07 05:31:42.528000+00:00,9496.0,3520.0,0.0,0.0,1.0,0.0,0.0,1.0,1232.0,3693.0,-3384.0,766.0,2,0.06972406503420077,-0.0025952226013430625,
2024-04-07 05:31:42.808000+00:00,9496.0,3504.0,0.0,0.0,1.0,0.0,0.0,1.0,1232.0,3693.0,-3384.0,766.0,2,0.06972406503420077,-0.0025952226013430625,
2024-04-07 05:31:43.168000+00:00,9496.0,3482.0,0.0,0.0,1.0,0.0,0.0,1.0,1232.0,3693.0,-3384.0,766.0,2,0.06972406503420077,-0.0025952226013430625,
2024-04-07 05:31:43.408000+00:00,9496.0,3392.0,0.0,0.0,1.0,0.0,0.0,1.0,1232.0,3693.0,-3384.0,766.0,2,0.06972406503420077,-0.0025952226013430625,
2024-04-07 05:31:43.568000+00:00,9496.0,3578.0,0.0,0.0,1.0,0.0,0.0,1.0,1232.0,3693.0,-3384.0,766.0,2,0.06972406503420077,-0.0025952226013430625,
2024-04-07 05:31:43.768000+00:00,9496.0,3617.0,0.0,0.0,1.0,0.0,0.0,1.0,1232.0,3693.0,-3384.0,766.0,2,0.06972406503420077,-0.0025952226013430625,
2024-04-07 05:31:43.928000+00:00,9496.0,3532.0,0.0,0.0,1.0,0.0,0.0,1.0,1232.0,3693.0,-3384.0,766.0,2,0.06972406503420077,-0.0025952226013430625,
2024-04-07 05:31:44.208000+00:00,9496.0,3536.0,100.0,0.0,1.0,0.0,0.0,1.0,1232.0,3693.0,-3384.0,766.0,2,-0.9299859850825113,-0.03320956402049865,
2024-04-07 05:31:44.448000+00:00,9496.0,3585.0,0.0,0.0,1.0,0.0,0.0,1.0,1232.0,3693.0,-3384.0,766.0,2,0.06972406503420077,-0.0025952226013430625,
2024-04-07 05:31:44.769000+00:00,9496.0,3593.0,0.0,0.0,1.0,0.0,0.0,1.0,1232.0,3693.0,-3384.0,766.0,2,0.06972406503420077,-0.0025952226013430625,
2024-04-07 05:31:45.009000+00:00,9496.0,3508.0,0.0,0.0,1.0,0.0,0.0,1.0,1232.0,3693.0,-3384.0,766.0,2,0.06972406503420077,-0.0025952226013430625,
2024-04-07 05:31:45.289000+00:00,9496.0,3444.0,0.0,0.0,1.0,0.0,0.0,1.0,1232.0,3693.0,-3384.0,766.0,2,0.06972406503420077,-0.0025952226013430625,
2024-04-07 05:31:45.489000+00:00,9496.0,3497.0,0.0,0.0,1.0,0.0,0.0,1.0,1232.0,3693.0,-3384.0,766.0,2,0.06972406503420077,-0.0025952226013430625,
2024-04-07 05:31:45.889000+00:00,9496.0,3496.0,0.0,0.0,1.0,0.0,0.0,1.0,1232.0,3693.0,-3384.0,766.0,2,0.06972406503420077,-0.0025952226013430625,
2024-04-07 05:31:46.129000+00:00,9496.0,3509.0,0.0,0.0,1.0,0.0,0.0,1.0,1232.0,3693.0,-3384.0,766.0,2,0.06972406503420077,-0.0025952226013430625,
2024-04-07 05:31:46.329000+00:00,9496.0,3523.0,0.0,0.0,1.0,0.0,0.0,1.0,1232.0,3693.0,-3384.0,766.0,2,0.06972406503420077,-0.0025952226013430625,
2024-04-07 05:31:46.689000+00:00,9496.0,3579.0,0.0,0.0,1.0,0.0,0.0,1.0,1232.0,3693.0,-3384.0,766.0,2,0.06972406503420077,-0.0025952226013430625,
2024-04-07 05:31:46.969000+00:00,9496.0,3489.0,0.0,0.0,1.0,0.0,0.0,1.0,1232.0,3693.0,-3384.0,766.0,2,0.06972406503420077,-0.0025952226013430625,
2024-04-07 05:31:47.129000+00:00,9496.0,3519.0,0.0,0.0,1.0,0.0,0.0,1.0,1232.0,3693.0,-3384.0,766.0,2,0.06972406503420077,-0.0025952226013430625,
2024-04-07 05:31:47.409000+00:00,9496.0,3536.0,0.0,0.0,1.0,0.0,0.0,1.0,1232.0,3693.0,-3384.0,766.0,2,0.06972406503420077,-0.0025952226013430625,
2024-04-07 05:31:47.889000+00:00,9496.0,3569.0,0.0,0.0,1.0,0.0,0.0,1.0,1232.0,3693.0,-3384.0,766.0,2,0.06972406503420077,-0.0025952226013430625,
2024-04-07 05:31:48.089000+00:00,9496.0,3527.0,0.0,0.0,1.0,0.0,0.0,1.0,1232.0,3693.0,-3384.0,766.0,2,0.06972406503420077,-0.0025952226013430625,
2024-04-07 05:31:48.409000+00:00,9496.0,3533.0,0.0,0.0,1.0,0.0,0.0,1.0,1232.0,3693.0,-3384.0,766.0,2,0.06972406503420077,-0.0025952226013430625,
2024-04-07 05:31:48.689000+00:00,9496.0,3651.0,0.0,0.0,1.0,0.0,0.0,1.0,1232.0,3693.0,-3384.0,766.0,2,0.06972406503420077,-0.0025952226013430625,
2024-04-07 05:31:48.889000+00:00,9496.0,3651.0,0.0,0.0,1.0,0.0,0.0,1.0,1232.0,3693.0,-3384.0,766.0,2,0.06972406503420077,-0.0025952226013430625,
2024-04-07 05:31:49.169000+00:00,9496.0,3525.0,0.0,0.0,1.0,0.0,0.0,1.0,1232.0,3693.0,-3384.0,766.0,2,0.06972406503420077,-0.0025952226013430625,
2024-04-07 05:31:49.448000+00:00,9496.0,3551.0,0.0,0.0,1.0,0.0,0.0,1.0,1232.0,3693.0,-3384.0,766.0,2,0.06972406503420077,-0.0025952226013430625,
2024-04-07 05:31:49.728000+00:00,9496.0,3554.0,0.0,0.0,1.0,0.0,0.0,1.0,1232.0,3693.0,-3384.0,766.0,2,0.06972406503420077,-0.0025952226013430625,
2024-04-07 05:31:50.128000+00:00,9496.0,3560.0,0.0,0.0,1.0,0.0,0.0,1.0,1232.0,3693.0,-3384.0,766.0,2,0.06972406503420077,-0.0025952226013430625,
2024-04-07 05:31:50.288000+00:00,9496.0,3567.0,0.0,0.0,1.0,0.0,0.0,1.0,1232.0,3693.0,-3384.0,766.0,2,0.06972406503420077,-0.0025952226013430625,
2024-04-07 05:31:50.568000+00:00,9496.0,3538.0,0.0,0.0,1.0,0.0,0.0,1.0,1232.0,3693.0,-3384.0,766.0,2,0.06972406503420077,-0.0025952226013430625,
2024-04-07 05:31:50.808000+00:00,9496.0,3539.0,0.0,0.0,1.0,0.0,0.0,1.0,1232.0,3693.0,-3384.0,766.0,2,0.06972406503420077,-0.0025952226013430625,
2024-04-07 05:31:51.008000+00:00,9496.0,3526.0,0.0,0.0,1.0,0.0,0.0,1.0,1232.0,3693.0,-3384.0,766.0,2,0.06972406503420077,-0.0025952226013430625,
2024-04-07 05:31:51.329000+00:00,9496.0,3528.0,0.0,0.0,1.0,0.0,0.0,1.0,1232.0,3693.0,-3384.0,766.0,2,0.06972406503420077,-0.0025952226013430625,
2024-04-07 05:31:51.769000+00:00,9496.0,3554.0,0.0,0.0,1.0,0.0,0.0,1.0,1232.0,3693.0,-3384.0,766.0,2,0.06972406503420077,-0.0025952226013430625,
2024-04-07 05:31:52.169000+00:00,9496.0,3584.0,0.0,0.0,1.0,0.0,0.0,1.0,1232.0,3693.0,-3384.0,766.0,2,0.06972406503420077,-0.0025952226013430625,
2024-04-07 05:31:52.329000+00:00,9496.0,3610.0,0.0,0.0,1.0,0.0,0.0,1.0,1232.0,3693.0,-3384.0,766.0,2,0.06972406503420077,-0.0025952226013430625,
2024-04-07 05:31:52.489000+00:00,9496.0,3474.0,0.0,0.0,1.0,0.0,0.0,1.0,1232.0,3693.0,-3384.0,766.0,2,0.06972406503420077,-0.0025952226013430625,
2024-04-07 05:31:52.809000+00:00,9496.0,3591.0,100.0,0.0,1.0,0.0,0.0,1.0,1232.0,3693.0,-3384.0,766.0,2,-0.9299859718314435,-0.033209960194473864,
2024-04-07 05:31:52.969000+00:00,9496.0,3577.0,100.0,0.0,1.0,0.0,0.0,1.0,1232.0,3693.0,-3384.0,766.0,2,-0.9299859679422775,-0.03321007646981681,
2024-04-07 05:31:53.169000+00:00,9496.0,3577.0,100.0,0.0,1.0,0.0,0.0,1.0,1232.0,3693.0,-3384.0,766.0,2,-0.9299859644598015,-0.03321018058581387,
2024-04-07 05:31:53.529000+00:00,9496.0,3293.0,100.0,0.0,1.0,0.0,0.0,1.0,1232.0,3693.0,-3384.0,766.0,2,-0.9299859788999573,-0.033209748864166576,
2024-04-07 05:31:53.849000+00:00,9496.0,3598.0,100.0,0.0,1.0,0.0,1.0,1.0,1232.0,3693.0,-3384.0,766.0,2,-0.9493403623811381,0.15067302542221542,
2024-04-07 05:31:54.249000+00:00,9496.0,3494.0,100.0,0.0,1.0,0.0,1.0,1.0,1232.0,3693.0,-3384.0,766.0,2,-0.9493404419609244,0.15067254834925473,
2024-04-07 05:31:54.449000+00:00,9496.0,3472.0,100.0,0.0,1.0,0.0,1.0,1.0,1232.0,3693.0,-3384.0,766.0,2,-0.9493404383040409,0.1506725702719382,
2024-04-07 05:31:54.609000+00:00,9496.0,3503.0,100.0,0.0,1.0,0.0,1.0,1.0,1232.0,3693.0,-3384.0,766.0,2,-0.9493398224245515,0.15067626237298998,
2024-04-07 05:31:54.769000+00:00,9496.0,3457.0,100.0,0.0,1.0,0.0,1.0,1.0,1232.0,3693.0,-3384.0,766.0,2,-0.9490525432393732,-0.15810366330404418,
2024-04-07 05:31:55.049000+00:00,9496.0,3621.0,100.0,0.0,1.0,0.0,1.0,1.0,1232.0,3693.0,-3384.0,766.0,2,-0.9493384026152066,0.1506847735994773,
2024-04-07 05:31:55.409000+00:00,9496.0,3570.0,100.0,0.0,1.0,0.0,1.0,1.0,1232.0,3693.0,-3384.0,766.0,2,-0.949340500260885,0.15067219884588307,
2024-04-07 05:31:55.689000+00:00,9496.0,3591.0,100.0,0.0,1.0,0.0,1.0,1.0,1232.0,3693.0,-3384.0,766.0,2,-0.9493405840442853,0.15067169657017213,
2024-04-07 05:31:55.849000+00:00,9496.0,3563.0,100.0,0.0,1.0,0.0,1.0,1.0,1232.0,3693.0,-3384.0,766.0,2,-0.9493404525079218,0.150672485120945,
2024-04-07 05:31:56.168000+00:00,9496.0,3518.0,100.0,0.0,1.0,0.0,1.0,1.0,1232.0,3693.0,-3384.0,766.0,2,-0.9493404948870567,0.15067223106156624,
2024-04-07 05:31:56.448000+00:00,9496.0,3541.0,100.0,0.0,1.0,0.0,1.0,1.0,1232.0,3693.0,-3384.0,766.0,2,-0.9490526213231439,-0.15810324393408887,
2024-04-07 05:31:56.888000+00:00,9496.0,3465.0,100.0,0.0,1.0,0.0,1.0,1.0,1232.0,3693.0,-3384.0,766.0,2,-0.9493404778915752,0.1506723329481059,
2024-04-07 05:31:57.168000+00:00,9496.0,3555.0,0.0,0.0,1.0,0.0,1.0,1.0,1232.0,3693.0,-3384.0,766.0,2,0.042584229278694916,0.24114739305910501,
2024-04-07 05:31:57.368000+00:00,9496.0,3515.0,0.0,0.0,1.0,0.0,1.0,1.0,1232.0,3693.0,-3384.0,766.0,2,0.03966771268432556,-0.24414193043778554,
2024-04-07 05:31:57.608000+00:00,9496.0,3515.0,0.0,0.0,1.0,0.0,1.0,1.0,1232.0,3693.0,-3384.0,766.0,2,0.042593968249988366,0.241148349240867,
2024-04-07 05:31:57.769000+00:00,9496.0,3540.0,0.0,0.0,1.0,0.0,1.0,1.0,1232.0,3693.0,-3384.0,766.0,2,0.04258352420777171,0.24114732381874215,
2024-04-07 05:31:58.009000+00:00,9496.0,3534.0,0.0,0.0,1.0,0.0,1.0,1.0,1232.0,3693.0,-3384.0,766.0,2,0.040403751944297156,-0.2442232346215456,
2024-04-07 05:31:58.289000+00:00,9496.0,3551.0,0.0,0.0,1.0,0.0,1.0,1.0,1232.0,3693.0,-3384.0,766.0,2,0.03966364431153811,-0.24414147529710292,
2024-04-07 05:31:58.529000+00:00,9496.0,3535.0,0.0,0.0,1.0,0.0,1.0,1.0,1232.0,3693.0,-3384.0,766.0,2,0.04258567776007979,0.2411475352982064,
2024-04-07 05:31:58.809000+00:00,9496.0,3555.0,0.0,0.0,1.0,0.0,1.0,1.0,1232.0,3693.0,-3384.0,766.0,2,0.03966256071886391,-0.24414135406163337,
2024-04-07 05:31:59.089000+00:00,9496.0,3572.0,0.0,0.0,1.0,0.0,1.0,1.0,1232.0,3693.0,-3384.0,766.0,2,0.042584181347526236,0.2411473883521687,
2024-04-07 05:31:59.329000+00:00,9496.0,3490.0,0.0,0.0,1.0,0.0,1.0,1.0,1232.0,3693.0,-3384.0,766.0,2,0.03966981545248519,-0.2441421656554462,
2024-04-07 05:31:59.529000+00:00,9496.0,3523.0,0.0,0.0,1.0,0.0,1.0,1.0,1232.0,3693.0,-3384.0,766.0,2,0.042583903399413835,0.24114736105691628,
2024-04-07 05:31:59.969000+00:00,9496.0,3558.0,0.0,0.0,1.0,0.0,1.0,1.0,1232.0,3693.0,-3384.0,766.0,2,0.04258423468068691,0.2411473935895907,
2024-04-07 05:32:00.249000+00:00,9496.0,3479.0,0.0,0.0,1.0,0.0,1.0,1.0,1232.0,3693.0,-3384.0,766.0,2,0.03966570772866036,-0.24414170614558064,
2024-04-07 05:32:00.409000+00:00,9496.0,3521.0,0.0,0.0,1.0,0.0,1.0,1.0,1232.0,3693.0,-3384.0,766.0,2,0.04258493086718957,0.2411474619553627,
2024-04-07 05:32:00.649000+00:00,9496.0,3557.0,0.0,0.0,1.0,0.0,1.0,1.0,1232.0,3693.0,-3384.0,766.0,2,0.04258473239630658,0.24114744246566053,
2024-04-07 05:32:00.889000+00:00,9496.0,3461.0,0.0,0.0,1.0,0.0,1.0,1.0,1232.0,3693.0,-3384.0,766.0,2,0.04258360960900247,0.24114733220554724,
2024-04-07 05:32:01.209000+00:00,9496.0,3585.0,0.0,0.0,1.0,0.0,1.0,1.0,1232.0,3693.0,-3384.0,766.0,2,0.042586596574155505,0.24114762551995614,
2024-04-07 05:32:01.409000+00:00,9496.0,3518.0,0.0,0.0,1.0,0.0,1.0,1.0,1232.0,3693.0,-3384.0,766.0,2,0.042584978924891166,0.24114746667456985,
2024-04-07 05:32:01.649000+00:00,9496.0,3550.0,0.0,0.0,1.0,0.0,1.0,1.0,1232.0,3693.0,-3384.0,766.0,2,0.03966902308981147,-0.2441420770230083,
2024-04-07 05:32:01.849000+00:00,9496.0,3566.0,0.0,0.0,1.0,0.0,1.0,1.0,1232.0,3693.0,-3384.0,766.0,2,0.04258499405341152,0.24114746816016988,
2024-04-07 05:32:02.169000+00:00,9496.0,3538.0,0.0,0.0,1.0,0.0,1.0,1.0,1232.0,3693.0,-3384.0,766.0,2,0.0396820215189416,-0.24414353069974362,
2024-04-07 05:32:02.609000+00:00,9496.0,3535.0,0.0,0.0,1.0,0.0,1.0,1.0,1232.0,3693.0,-3384.0,766.0,2,0.0425840763001808,0.2411473780362758,
2024-04-07 05:32:02.928000+00:00,9496.0,3359.0,0.0,0.0,1.0,0.0,1.0,1.0,1232.0,3693.0,-3384.0,766.0,2,0.039660971681279224,-0.24414117626730647,
2024-04-07 05:32:03.368000+00:00,9496.0,3146.0,0.0,0.0,1.0,0.0,1.0,1.0,1232.0,3693.0,-3384.0,766.0,2,0.04266614999065512,0.24115542343632065,
2024-04-07 05:32:03.728000+00:00,9496.0,2967.0,0.0,3.0,1.0,0.0,1.0,1.0,1232.0,3695.0,-3386.0,766.0,2,0.042581570528163026,0.2411471319496077,
2024-04-07 05:32:04.008000+00:00,9496.0,3454.0,0.0,6.0,1.0,0.0,1.0,1.0,1232.0,3697.0,-3388.0,766.0,2,0.04258149014702603,0.24114712405509672,
2024-04-07 05:32:04.248000+00:00,9496.0,3504.0,0.0,8.0,1.0,0.0,1.0,1.0,1232.0,3697.0,-3388.0,766.0,2,0.042583593863637144,0.24114733065928037,
2024-04-07 05:32:04.449000+00:00,9496.0,3291.0,0.0,10.0,1.0,0.0,1.0,1.0,1232.0,3697.0,-3388.0,766.0,2,0.04258428976144316,0.24114739899861715,
2024-04-07 05:32:04.649000+00:00,9496.0,3404.0,0.0,11.0,1.0,0.0,1.0,1.0,1232.0,3697.0,-3388.0,766.0,2,0.03966422017152131,-0.24414153972412636,
2024-04-07 05:32:04.929000+00:00,9496.0,3366.0,0.0,16.0,1.0,0.0,1.0,1.0,1232.0,3697.0,-3389.0,766.0,2,0.04258521898444821,0.24114749024797505,
2024-04-07 05:32:05.209000+00:00,9496.0,3276.0,0.0,20.0,1.0,0.0,1.0,1.0,1232.0,3709.0,-3402.0,766.0,2,0.04261557136097801,0.24115046880271057,
2024-04-07 05:32:05.409000+00:00,9496.0,3098.0,0.0,21.0,1.0,0.0,1.0,1.0,1232.0,3709.0,-3402.0,766.0,2,0.04258098565144161,0.24114707450619788,
2024-04-07 05:32:05.929000+00:00,9496.0,3484.0,0.0,29.0,1.0,0.0,1.0,1.0,1232.0,3739.0,-3437.0,766.0,2,0.042582306639933974,0.24114720424441352,
2024-04-07 05:32:06.129000+00:00,9496.0,3655.0,0.0,31.0,1.0,0.0,1.0,1.0,1232.0,3749.0,-3449.0,766.0,2,0.042585130094519946,0.2411474815191771,
2024-04-07 05:32:06.489000+00:00,9496.0,3942.0,0.0,35.0,1.0,0.0,1.0,1.0,1232.0,3763.0,-3465.0,766.0,2,0.04258431182291635,0.24114740116508865,
2024-04-07 05:32:06.729000+00:00,9496.0,3759.0,0.0,36.0,1.0,0.0,1.0,1.0,1232.0,3832.0,-3544.0,766.0,2,0.04258658320595179,0.24114762420730865,
2024-04-07 05:32:07.009000+00:00,9496.0,4110.0,0.0,38.0,1.0,5.0,1.0,1.0,1232.0,3844.0,-3557.0,766.0,2,0.044388530032522494,0.2466057013159081,
2024-04-07 05:32:07.329000+00:00,9496.0,4710.0,0.0,41.0,1.0,7.0,1.0,1.0,1232.0,3886.0,-3603.0,766.0,2,0.04070775963272182,-0.25405515544374185,
2024-04-07 05:32:07.489000+00:00,9496.0,4964.0,0.0,43.0,1.0,7.0,1.0,1.0,1232.0,3886.0,-3603.0,766.0,2,0.04072730508848877,-0.25405711075947124,
2024-04-07 05:32:07.689000+00:00,9496.0,4848.0,0.0,44.0,1.0,5.0,1.0,1.0,1232.0,3917.0,-3637.0,766.0,2,0.040548086630080894,-0.24934526822343112,
2024-04-07 05:32:08.009000+00:00,9496.0,5738.0,0.0,48.0,1.0,7.0,1.0,1.0,1232.0,3933.0,-3654.0,766.0,2,0.04442910364947505,0.251381625997854,
2024-04-07 05:32:08.289000+00:00,9496.0,5871.0,0.0,52.0,1.0,7.0,1.0,1.0,1232.0,3952.0,-3675.0,766.0,2,0.040695580182032905,-0.25405393592794295,
2024-04-07 05:32:08.449000+00:00,9496.0,5874.0,0.0,53.0,1.0,8.0,1.0,1.0,1232.0,3974.0,-3699.0,766.0,2,0.04084062081717443,-0.25695022260940814,
2024-04-07 05:32:08.689000+00:00,9496.0,6412.0,0.0,56.0,1.0,13.0,1.0,1.0,1232.0,4015.0,-3744.0,766.0,2,0.04163685395261013,-0.2762681711310349,
2024-04-07 05:32:08.969000+00:00,9496.0,6462.0,0.0,58.0,1.0,16.0,1.0,1.0,1232.0,4064.0,-3797.0,766.0,2,0.04514170148693634,0.2888970381723881,
2024-04-07 05:32:09.528000+00:00,9496.0,8458.0,0.0,71.0,1.0,41.0,1.0,1.0,1232.0,4109.0,-3845.0,766.0,2,0.05244023866195718,-0.47330774327970043,
2024-04-07 05:32:09.728000+00:00,9496.0,8908.0,0.0,76.0,1.0,45.0,1.0,1.0,1232.0,4136.0,-3872.0,766.0,2,0.05527897395193795,0.5064353093982294,
2024-04-07 05:32:09.888000+00:00,9496.0,9000.0,0.0,83.0,1.0,48.0,1.0,1.0,1232.0,4178.0,-3915.0,766.0,2,0.05359062186165819,-0.5341398575264263,
2024-04-07 05:34:39.969000+00:00,9496.0,9729.0,0.0,65.0,1.0,100.0,1.0,1.0,1232.0,3235.0,-2639.0,677.0,3,0.7941266954070183,-0.6776168746492078,
2024-04-07 05:34:40.129000+00:00,9496.0,10849.0,0.0,68.0,1.0,100.0,1.0,1.0,1232.0,3235.0,-2639.0,677.0,3,0.06358010382027342,1.0222284188039248,
2024-04-07 05:34:40.529000+00:00,9496.0,11440.0,0.0,83.0,1.0,100.0,1.0,1.0,1232.0,3283.0,-2694.0,675.0,3,0.0636295890983688,1.0222268558681438,
2024-04-07 05:34:40.689000+00:00,9496.0,10320.0,100.0,83.0,1.0,0.0,1.0,1.0,1232.0,3283.0,-2694.0,675.0,3,-0.9493407486436057,0.1506707098042237,
2024-04-07 05:34:40.849000+00:00,9496.0,9200.0,100.0,80.0,1.0,0.0,1.0,1.0,1232.0,3318.0,-2735.0,673.0,3,-0.9493399996362246,0.1506752000250575,
2024-04-07 05:34:41.169000+00:00,9496.0,7042.0,100.0,73.0,1.0,0.0,1.0,1.0,1232.0,3347.0,-2769.0,672.0,3,-0.9493404178277481,0.1506726930254061,
2024-04-07 05:34:41.489000+00:00,9496.0,6285.0,100.0,57.0,1.0,0.0,1.0,1.0,1232.0,3397.0,-2827.0,670.0,3,-0.9493404779044866,0.15067233287070356,
2024-04-07 05:34:41.809000+00:00,9496.0,4185.0,100.0,52.0,1.0,0.0,0.0,1.0,1232.0,3412.0,-2845.0,670.0,3,-0.9299859814827512,-0.033209671644924006,
2024-04-07 05:34:42.049000+00:00,9496.0,3685.0,100.0,45.0,1.0,0.0,0.0,1.0,1232.0,3452.0,-2891.0,668.0,3,-0.9299859737962283,-0.03320990145265235,
2024-04-07 05:34:42.370000+00:00,9496.0,3849.0,100.0,38.0,1.0,0.0,0.0,1.0,1232.0,3464.0,-2906.0,668.0,3,-0.9299859771549644,-0.03320980103510091,
2024-04-07 05:34:42.650000+00:00,9496.0,3697.0,100.0,27.0,1.0,0.0,0.0,1.0,1232.0,3484.0,-2929.0,667.0,3,-0.9299859739953061,-0.03320989550073657,
2024-04-07 05:34:42.890000+00:00,9496.0,3636.0,100.0,20.0,1.0,0.0,0.0,1.0,1232.0,3492.0,-2938.0,667.0,3,-0.9299859720238464,-0.033209954442150025,
2024-04-07 05:34:43.090000+00:00,9496.0,3565.0,100.0,17.0,1.0,0.0,0.0,1.0,1232.0,3501.0,-2948.0,666.0,3,-0.9299859767059987,-0.03320981445803912,
2024-04-07 05:34:43.290000+00:00,9496.0,3562.0,100.0,13.0,1.0,0.0,0.0,1.0,1232.0,3501.0,-2948.0,666.0,3,-0.929985951044889,-0.033210581649617855,
2024-04-07 05:34:43.450000+00:00,9496.0,3521.0,100.0,12.0,1.0,0.0,0.0,1.0,1232.0,3509.0,-2958.0,666.0,3,-0.9299859592885062,-0.03321033519200797,
2024-04-07 05:34:43.850000+00:00,9496.0,3445.0,100.0,6.0,1.0,0.0,0.0,1.0,1232.0,3513.0,-2963.0,666.0,3,-0.9299859758653649,-0.033209839590841984,
2024-04-07 05:34:44.209000+00:00,9496.0,3432.0,100.0,2.0,1.0,0.0,0.0,1.0,1232.0,3516.0,-2966.0,666.0,3,-0.929985971686423,-0.03320996453019499,
2024-04-07 05:34:44.409000+00:00,9496.0,3518.0,100.0,0.0,1.0,0.0,0.0,1.0,1232.0,3516.0,-2966.0,666.0,3,-0.9299859778576802,-0.03320978002567025,
2024-04-07 05:34:44.769000+00:00,9496.0,3669.0,100.0,0.0,1.0,0.0,0.0,1.0,1232.0,3516.0,-2966.0,666.0,3,-0.9299859731542585,-0.03320992064584487,
2024-04-07 05:34:45.089000+00:00,9496.0,3602.0,100.0,0.0,1.0,0.0,0.0,1.0,1232.0,3516.0,-2966.0,666.0,3,-0.9299859772834096,-0.03320979719490837,
2024-04-07 05:34:45.249000+00:00,9496.0,3536.0,100.0,0.0,1.0,0.0,0.0,1.0,1232.0,3516.0,-2966.0,666.0,3,-0.9299859742153059,-0.033209888923330946,
2024-04-07 05:34:45.529000+00:00,9496.0,3558.0,100.0,0.0,1.0,0.0,0.0,1.0,1232.0,3516.0,-2966.0,666.0,3,-0.9299859740082985,-0.03320989511229694,
2024-04-07 05:34:45.689000+00:00,9496.0,3467.0,100.0,0.0,1.0,0.0,0.0,1.0,1232.0,3516.0,-2966.0,666.0,3,-0.9299859711515231,-0.033209980522248515,
2024-04-07 05:34:45.969000+00:00,9496.0,3565.0,100.0,0.0,1.0,0.0,0.0,1.0,1232.0,3516.0,-2966.0,666.0,3,-0.9299859597552207,-0.03321032123870062,
2024-04-07 05:34:46.329000+00:00,9496.0,3449.0,100.0,0.0,1.0,0.0,0.0,1.0,1232.0,3516.0,-2966.0,666.0,3,-0.9299859764214239,-0.03320982296610888,
2024-04-07 05:34:46.609000+00:00,9496.0,3487.0,100.0,0.0,1.0,0.0,0.0,1.0,1232.0,3516.0,-2966.0,666.0,3,-0.9299859696965539,-0.033210024021847716,
2024-04-07 05:34:46.929000+00:00,9496.0,3605.0,100.0,0.0,1.0,0.0,0.0,1.0,1232.0,3516.0,-2966.0,666.0,3,-0.9299859748395494,-0.0332098702600765,
2024-04-07 05:34:47.169000+00:00,9496.0,3686.0,100.0,0.0,1.0,0.0,0.0,1.0,1232.0,3516.0,-2966.0,666.0,3,-0.9299859717361193,-0.03320996304442348,
2024-04-07 05:34:47.329000+00:00,9496.0,3467.0,100.0,0.0,1.0,0.0,0.0,1.0,1232.0,3516.0,-2966.0,666.0,3,-0.9299859724370731,-0.03320994208777244,
2024-04-07 05:34:47.609000+00:00,9496.0,3501.0,100.0,0.0,1.0,0.0,0.0,1.0,1232.0,3516.0,-2966.0,666.0,3,-0.9299859751395959,-0.03320986128945684,
2024-04-07 05:34:47.809000+00:00,9496.0,3531.0,100.0,0.0,1.0,0.0,0.0,1.0,1232.0,3516.0,-2966.0,666.0,3,-0.9299859621850082,-0.033210248595436614,
2024-04-07 05:34:48.129000+00:00,9496.0,3548.0,100.0,0.0,1.0,0.0,0.0,1.0,1232.0,3516.0,-2966.0,666.0,3,-0.9299859714980566,-0.03320997016181663,
2024-04-07 05:34:48.409000+00:00,9496.0,3527.0,100.0,0.0,1.0,0.0,0.0,1.0,1232.0,3516.0,-2966.0,666.0,3,-0.9299859678539121,-0.03321007911169882,
2024-04-07 05:34:48.569000+00:00,9496.0,3543.0,100.0,0.0,1.0,0.0,0.0,1.0,1232.0,3516.0,-2966.0,666.0,3,-0.9299859718422268,-0.0332099598720877,
2024-04-07 05:34:48.850000+00:00,9496.0,3575.0,100.0,0.0,1.0,0.0,0.0,1.0,1232.0,3516.0,-2966.0,666.0,3,-0.9299859853617329,-0.03320955567240173,
2024-04-07 05:34:49.370000+00:00,9496.0,3560.0,100.0,0.0,1.0,0.0,0.0,1.0,1232.0,3516.0,-2966.0,666.0,3,-0.9299859817264141,-0.03320966435998621,
2024-04-07 05:34:49.690000+00:00,9496.0,3498.0,100.0,0.0,1.0,0.0,0.0,1.0,1232.0,3516.0,-2966.0,666.0,3,-0.9299859670532725,-0.03321010304855317,
2024-04-07 05:34:49.970000+00:00,9496.0,3530.0,100.0,0.0,1.0,0.0,0.0,1.0,1232.0,3516.0,-2966.0,666.0,3,-0.9299859734600016,-0.033209911504935484,
2024-04-07 05:34:50.170000+00:00,9496.0,3606.0,100.0,0.0,1.0,0.0,0.0,1.0,1232.0,3516.0,-2966.0,666.0,3,-0.9299859681096966,-0.03321007146445474,
2024-04-07 05:34:50.370000+00:00,9496.0,3638.0,100.0,0.0,1.0,0.0,0.0,1.0,1232.0,3516.0,-2966.0,666.0,3,-0.929985974371887,-0.03320988424195689,
2024-04-07 05:34:50.570000+00:00,9496.0,3507.0,100.0,0.0,1.0,0.0,0.0,1.0,1232.0,3516.0,-2966.0,666.0,3,-0.9299859522745862,-0.033210544885782296,
2024-04-07 05:34:50.969000+00:00,9496.0,3453.0,100.0,0.0,1.0,0.0,0.0,1.0,1232.0,3516.0,-2966.0,666.0,3,-0.9299859703526129,-0.03321000440746896,
2024-04-07 05:34:51.249000+00:00,9496.0,3522.0,100.0,0.0,1.0,0.0,0.0,1.0,1232.0,3516.0,-2966.0,666.0,3,-0.929985983808841,-0.033209602100308294,
2024-04-07 05:34:51.409000+00:00,9496.0,3525.0,100.0,0.0,1.0,0.0,0.0,1.0,1232.0,3516.0,-2966.0,666.0,3,-0.9299859714167972,-0.033209972591278204,
2024-04-07 05:34:51.649000+00:00,9496.0,3481.0,100.0,0.0,1.0,0.0,0.0,1.0,1232.0,3516.0,-2966.0,666.0,3,-0.9299859720681044,-0.03320995311895289,
2024-04-07 05:34:51.809000+00:00,9496.0,3551.0,100.0,0.0,1.0,0.0,0.0,1.0,1232.0,3516.0,-2966.0,666.0,3,-0.9299859761182107,-0.03320983203140845,
2024-04-07 05:34:52.049000+00:00,9496.0,3392.0,100.0,0.0,1.0,0.0,0.0,1.0,1232.0,3516.0,-2966.0,666.0,3,-0.9299859873979657,-0.03320949479362627,
2024-04-07 05:34:52.409000+00:00,9496.0,3647.0,100.0,0.0,1.0,0.0,0.0,1.0,1232.0,3516.0,-2966.0,666.0,3,-0.9299859708840269,-0.03320998851966008,
2024-04-07 05:34:52.649000+00:00,9496.0,3592.0,100.0,0.0,1.0,0.0,0.0,1.0,1232.0,3516.0,-2966.0,666.0,3,-0.9299859707824364,-0.03320999155695417,
2024-04-07 05:34:52.809000+00:00,9496.0,3666.0,100.0,0.0,1.0,0.0,0.0,1.0,1232.0,3516.0,-2966.0,666.0,3,-0.929985978063388,-0.0332097738755485,
2024-04-07 05:34:53.009000+00:00,9496.0,3666.0,100.0,0.0,1.0,0.0,0.0,1.0,1232.0,3516.0,-2966.0,666.0,3,-0.929985958437435,-0.033210360636401544,
2024-04-07 05:34:53.289000+00:00,9496.0,3501.0,100.0,0.0,1.0,0.0,0.0,1.0,1232.0,3516.0,-2966.0,666.0,3,-0.929985971705458,-0.0332099639610833,
2024-04-07 05:34:53.729000+00:00,9496.0,3569.0,100.0,0.0,1.0,0.0,0.0,1.0,1232.0,3516.0,-2966.0,666.0,3,-0.9299859720785518,-0.03320995280659231,
2024-04-07 05:34:54.089000+00:00,9496.0,3583.0,100.0,0.0,1.0,0.0,0.0,1.0,1232.0,3516.0,-2966.0,666.0,3,-0.9299859708507497,-0.0332099895145512,
2024-04-07 05:34:54.369000+00:00,9496.0,3618.0,100.0,0.0,1.0,0.0,0.0,1.0,1232.0,3516.0,-2966.0,666.0,3,-0.9299859703032378,-0.033210005883673704,
2024-04-07 05:34:54.609000+00:00,9496.0,3418.0,100.0,0.0,1.0,0.0,0.0,1.0,1232.0,3516.0,-2966.0,666.0,3,-0.929985970615345,-0.03320999655251926,
2024-04-07 05:34:54.929000+00:00,9496.0,3565.0,100.0,0.0,1.0,0.0,0.0,1.0,1232.0,3516.0,-2966.0,666.0,3,-0.929985973880505,-0.03320989893298426,
2024-04-07 05:34:55.169000+00:00,9496.0,3593.0,100.0,0.0,1.0,0.0,0.0,1.0,1232.0,3516.0,-2966.0,666.0,3,-0.9299859739224643,-0.03320989767851814,
2024-04-07 05:34:55.490000+00:00,9496.0,3495.0,100.0,0.0,1.0,0.0,0.0,1.0,1232.0,3516.0,-2966.0,666.0,3,-0.9299859709555505,-0.033209986381310966,
2024-04-07 05:34:55.850000+00:00,9496.0,3516.0,100.0,0.0,1.0,0.0,0.0,1.0,1232.0,3516.0,-2966.0,666.0,3,-0.9299859713148168,-0.03320997564020312,
2024-04-07 05:34:56.090000+00:00,9496.0,3613.0,100.0,0.0,1.0,0.0,0.0,1.0,1232.0,3516.0,-2966.0,666.0,3,-0.9299859725826686,-0.03320993773485157,
2024-04-07 05:34:56.290000+00:00,9496.0,3433.0,100.0,0.0,1.0,0.0,0.0,1.0,1232.0,3516.0,-2966.0,666.0,3,-0.9299859847400718,-0.03320957425865447,
2024-04-07 05:34:56.530000+00:00,9496.0,3630.0,100.0,0.0,1.0,0.0,0.0,1.0,1232.0,3516.0,-2966.0,666.0,3,-0.929985970683322,-0.03320999452018651,
2024-04-07 05:34:56.690000+00:00,9496.0,3523.0,100.0,0.0,1.0,0.0,0.0,1.0,1232.0,3516.0,-2966.0,666.0,3,-0.929985969525567,-0.03321002913387135,
2024-04-07 05:34:56.970000+00:00,9496.0,3534.0,100.0,0.0,1.0,0.0,0.0,1.0,1232.0,3516.0,-2966.0,666.0,3,-0.9299859234242183,-0.03321140740319126,
2024-04-07 05:34:57.250000+00:00,9496.0,3550.0,100.0,0.0,1.0,0.0,0.0,1.0,1232.0,3516.0,-2966.0,666.0,3,-0.9299859742744141,-0.033209887156159544,
2024-04-07 05:34:57.649000+00:00,9496.0,3668.0,100.0,0.0,1.0,0.0,0.0,1.0,1232.0,3516.0,-2966.0,666.0,3,-0.9299859712758842,-0.033209976804206356,
2024-04-07 05:34:57.929000+00:00,9496.0,3453.0,100.0,0.0,1.0,0.0,0.0,1.0,1232.0,3516.0,-2966.0,666.0,3,-0.9299859680331094,-0.0332100737542046,
2024-04-07 05:34:58.249000+00:00,9496.0,3509.0,100.0,0.0,1.0,0.0,0.0,1.0,1232.0,3516.0,-2966.0,666.0,3,-0.9299859774476806,-0.03320979228362987,
2024-04-07 05:34:58.449000+00:00,9496.0,3518.0,100.0,0.0,1.0,0.0,0.0,1.0,1232.0,3516.0,-2966.0,666.0,3,-0.9299859765298626,-0.03320981972404898,
2024-04-07 05:34:58.689000+00:00,9496.0,3635.0,100.0,0.0,1.0,0.0,0.0,1.0,1232.0,3516.0,-2966.0,666.0,3,-0.9299859712174068,-0.0332099785525159,
2024-04-07 05:34:58.929000+00:00,9496.0,3428.0,100.0,0.0,1.0,0.0,0.0,1.0,1232.0,3516.0,-2966.0,666.0,3,-0.9299859762306546,-0.03320982866961412,
2024-04-07 05:34:59.129000+00:00,9496.0,3460.0,100.0,0.0,1.0,0.0,0.0,1.0,1232.0,3516.0,-2966.0,666.0,3,-0.9299859788863613,-0.03320974927067079,
2024-04-07 05:34:59.489000+00:00,9496.0,3631.0,100.0,0.0,1.0,0.0,0.0,1.0,1232.0,3516.0,-2966.0,666.0,3,-0.929985980658411,-0.033209696290711556,
2024-04-07 05:34:59.729000+00:00,9496.0,3543.0,100.0,0.0,1.0,0.0,0.0,1.0,1232.0,3516.0,-2966.0,666.0,3,-0.929985961423068,-0.0332102713751391,
2024-04-07 05:34:59.889000+00:00,9496.0,3622.0,100.0,0.0,1.0,0.0,0.0,1.0,1232.0,3516.0,-2966.0,666.0,3,-0.9299859700767603,-0.03321001265472133,
2024-04-07 05:35:00.089000+00:00,9496.0,3591.0,100.0,0.0,1.0,0.0,0.0,1.0,1232.0,3516.0,-2966.0,666.0,3,-0.9299859799479127,-0.03320971753288193,
2024-04-07 05:35:00.489000+00:00,9496.0,3536.0,100.0,0.0,1.0,0.0,0.0,1.0,1232.0,3516.0,-2966.0,666.0,3,-0.929985962897441,-0.03321022729581192,
2024-04-07 05:35:00.849000+00:00,9496.0,3567.0,100.0,0.0,1.0,0.0,0.0,1.0,1232.0,3516.0,-2966.0,666.0,3,-0.9299859716699848,-0.03320996502165897,
2024-04-07 05:35:01.089000+00:00,9496.0,3523.0,100.0,0.0,1.0,0.0,0.0,1.0,1232.0,3516.0,-2966.0,666.0,3,-0.9299859839366684,-0.03320959827858455,
2024-04-07 05:35:01.369000+00:00,9496.0,3632.0,100.0,0.0,1.0,0.0,0.0,1.0,1232.0,3516.0,-2966.0,666.0,3,-0.9299859711178272,-0.033209981529678814,
2024-04-07 05:35:01.729000+00:00,9496.0,3480.0,100.0,0.0,1.0,0.0,0.0,1.0,1232.0,3516.0,-2966.0,666.0,3,-0.9299859736776094,-0.03320990499902892,
2024-04-07 05:35:01.930000+00:00,9496.0,3608.0,100.0,0.0,1.0,0.0,0.0,1.0,1232.0,3516.0,-2966.0,666.0,3,-0.9299859714041349,-0.03320997296985181,
2024-04-07 05:35:02.090000+00:00,9496.0,3608.0,100.0,0.0,1.0,0.0,0.0,1.0,1232.0,3516.0,-2966.0,666.0,3,-0.9299859740591251,-0.03320989359271896,
2024-04-07 05:35:02.410000+00:00,9496.0,3485.0,100.0,0.0,1.0,0.0,0.0,1.0,1232.0,3516.0,-2966.0,666.0,3,-0.9299859689297704,-0.03321004694655253,
2024-04-07 05:35:02.730000+00:00,9496.0,3492.0,100.0,0.0,1.0,0.0,0.0,1.0,1232.0,3516.0,-2966.0,666.0,3,-0.9299859780461134,-0.03320977439198587,
2024-04-07 05:35:03.050000+00:00,9496.0,3514.0,100.0,0.0,1.0,0.0,0.0,1.0,1232.0,3516.0,-2966.0,666.0,3,-0.9299859764584686,-0.03320982185854167,
2024-04-07 05:35:03.250000+00:00,9496.0,3500.0,100.0,0.0,1.0,0.0,0.0,1.0,1232.0,3516.0,-2966.0,666.0,3,-0.9299859726267524,-0.033209936416880075,
2024-04-07 05:35:03.410000+00:00,9496.0,3491.0,100.0,0.0,1.0,0.0,0.0,1.0,1232.0,3516.0,-2966.0,666.0,3,-0.929985947529582,-0.03321068674534788,
2024-04-07 05:35:03.610000+00:00,9496.0,3593.0,100.0,0.0,1.0,0.0,0.0,1.0,1232.0,3516.0,-2966.0,666.0,3,-0.9299859635518053,-0.033210207732276675,
2024-04-07 05:35:04.529000+00:00,9496.0,3362.0,100.0,0.0,1.0,0.0,0.0,1.0,1232.0,3516.0,-2966.0,666.0,3,-0.9299859758538422,-0.03320983993534026,
2024-04-07 05:35:04.729000+00:00,9496.0,3624.0,100.0,0.0,1.0,0.0,0.0,1.0,1232.0,3516.0,-2966.0,666.0,3,-0.9299859706713974,-0.0332099948766928,
2024-04-07 05:35:04.929000+00:00,9496.0,3573.0,100.0,0.0,1.0,0.0,0.0,1.0,1232.0,3516.0,-2966.0,666.0,3,-0.9299859785721196,-0.033209758665701264,
2024-04-07 05:35:05.249000+00:00,9496.0,3706.0,100.0,0.0,1.0,0.0,0.0,1.0,1232.0,3516.0,-2966.0,666.0,3,-0.9299859720467853,-0.0332099537563333,
2024-04-07 05:35:05.649000+00:00,9496.0,3528.0,100.0,0.0,1.0,0.0,0.0,1.0,1232.0,3516.0,-2966.0,666.0,3,-0.9299861022697451,-0.033206060173297164,
2024-04-07 05:35:05.889000+00:00,9496.0,3460.0,100.0,0.0,1.0,0.0,0.0,1.0,1232.0,3516.0,-2966.0,666.0,3,-0.92998596962219,-0.033210026245119297,
2024-04-07 05:35:06.129000+00:00,9496.0,3550.0,100.0,0.0,1.0,0.0,0.0,1.0,1232.0,3516.0,-2966.0,666.0,3,-0.9299859720002592,-0.03320995514733764,
2024-04-07 05:35:06.409000+00:00,9496.0,3517.0,100.0,0.0,1.0,0.0,0.0,1.0,1232.0,3516.0,-2966.0,666.0,3,-0.9299859713705237,-0.033209973974734526,
2024-04-07 05:35:06.689000+00:00,9496.0,3344.0,100.0,0.0,1.0,0.0,0.0,1.0,1232.0,3516.0,-2966.0,666.0,3,-0.9299859599748368,-0.033210314672854915,
2024-04-07 05:35:06.889000+00:00,9496.0,3373.0,100.0,0.0,1.0,0.0,0.0,1.0,1232.0,3516.0,-2966.0,666.0,3,-0.9299859715823866,-0.03320996764060898,
2024-04-07 05:35:07.169000+00:00,9496.0,3533.0,100.0,0.0,1.0,0.0,0.0,1.0,1232.0,3516.0,-2966.0,666.0,3,-0.9299859706968018,-0.03320999411717919,
2024-04-07 05:35:07.529000+00:00,9496.0,3492.0,100.0,0.0,1.0,0.0,0.0,1.0,1232.0,3516.0,-2966.0,666.0,3,-0.9299859720737406,-0.03320995295044507,
2024-04-07 05:35:07.689000+00:00,9496.0,3515.0,100.0,0.0,1.0,0.0,0.0,1.0,1232.0,3516.0,-2966.0,666.0,3,-0.9299859582313751,-0.03321036679694949,
2024-04-07 05:35:08.169000+00:00,9496.0,3585.0,100.0,0.0,1.0,0.0,0.0,1.0,1232.0,3516.0,-2966.0,666.0,3,-0.9299859736746747,-0.03320990508677819,
2024-04-07 05:35:08.450000+00:00,9496.0,3521.0,100.0,0.0,1.0,0.0,0.0,1.0,1232.0,3516.0,-2966.0,666.0,3,-0.9299859724169536,-0.03320994268929595,
2024-04-07 05:35:08.650000+00:00,9496.0,3505.0,100.0,0.0,1.0,0.0,0.0,1.0,1232.0,3516.0,-2966.0,666.0,3,-0.9299859738417138,-0.03320990009275401,
2024-04-07 05:35:08.810000+00:00,9496.0,3514.0,100.0,0.0,1.0,0.0,0.0,1.0,1232.0,3516.0,-2966.0,666.0,3,-0.9299859733562666,-0.03320991460632863,
2024-04-07 05:35:09.050000+00:00,9496.0,3581.0,100.0,0.0,1.0,0.0,0.0,1.0,1232.0,3516.0,-2966.0,666.0,3,-0.9299859761319642,-0.03320983162021088,
2024-04-07 05:35:09.410000+00:00,9496.0,3532.0,100.0,0.0,1.0,0.0,0.0,1.0,1232.0,3516.0,-2966.0,666.0,3,-0.9299859859949123,-0.033209536741778976,
2024-04-07 05:35:09.810000+00:00,9496.0,3482.0,100.0,0.0,1.0,0.0,0.0,1.0,1232.0,3516.0,-2966.0,666.0,3,-0.929985979027503,-0.033209745050883026,
2024-04-07 05:35:10.010000+00:00,9496.0,3550.0,100.0,0.0,1.0,0.0,0.0,1.0,1232.0,3516.0,-2966.0,666.0,3,-0.929985973843042,-0.0332099000530336,
2024-04-07 05:35:10.410000+00:00,9496.0,3524.0,100.0,0.0,1.0,0.0,0.0,1.0,1232.0,3516.0,-2966.0,666.0,3,-0.9299859738307024,-0.03320990042196326,
2024-04-07 05:35:10.850000+00:00,9496.0,3491.0,100.0,0.0,1.0,0.0,0.0,1.0,1232.0,3516.0,-2966.0,666.0,3,-0.9299859623418115,-0.0332102439074712,
2024-04-07 05:35:11.169000+00:00,9496.0,3575.0,100.0,0.0,1.0,0.0,0.0,1.0,1232.0,3516.0,-2966.0,666.0,3,-0.9299859649178055,-0.033210166892870464,
2024-04-07 05:35:11.369000+00:00,9496.0,3547.0,100.0,0.0,1.0,0.0,0.0,1.0,1232.0,3516.0,-2966.0,666.0,3,-0.9299859846791653,-0.03320957607961327,
2024-04-07 05:35:11.649000+00:00,9496.0,3499.0,100.0,0.0,1.0,0.0,0.0,1.0,1232.0,3516.0,-2966.0,666.0,3,-0.929985973898615,-0.03320989839154974,
2024-04-07 05:35:11.889000+00:00,9496.0,3607.0,100.0,0.0,1.0,0.0,0.0,1.0,1232.0,3516.0,-2966.0,666.0,3,-0.929985989940685,-0.0332094187718229,
2024-04-07 05:35:12.129000+00:00,9496.0,3530.0,100.0,0.0,1.0,0.0,0.0,1.0,1232.0,3516.0,-2966.0,666.0,3,-0.9299859705820211,-0.03320999754879537,
2024-04-07 05:35:12.369000+00:00,9496.0,3613.0,100.0,0.0,1.0,0.0,0.0,1.0,1232.0,3516.0,-2966.0,666.0,3,-0.9299859717261274,-0.033209963343125884,
2024-04-07 05:35:12.569000+00:00,9496.0,3652.0,100.0,0.0,1.0,0.0,0.0,1.0,1232.0,3516.0,-2966.0,666.0,3,-0.9299859766211501,-0.03320981699480157,
2024-04-07 05:35:12.809000+00:00,9496.0,3426.0,100.0,0.0,1.0,0.0,0.0,1.0,1232.0,3516.0,-2966.0,666.0,3,-0.9299859733181625,-0.033209915745553646,
2024-04-07 05:35:13.249000+00:00,9496.0,3646.0,100.0,0.0,1.0,0.0,0.0,1.0,1232.0,3516.0,-2966.0,666.0,3,-0.9299859746296268,-0.03320987653620512,
2024-04-07 05:35:13.489000+00:00,9496.0,3520.0,100.0,0.0,1.0,0.0,0.0,1.0,1232.0,3516.0,-2966.0,666.0,3,-0.9299859719746136,-0.033209955914062006,
2024-04-07 05:35:13.649000+00:00,9496.0,3398.0,100.0,0.0,1.0,0.0,0.0,1.0,1232.0,3516.0,-2966.0,666.0,3,-0.929985973662492,-0.03320990545099861,
2024-04-07 05:35:14.089000+00:00,9496.0,3480.0,100.0,0.0,1.0,0.0,0.0,1.0,1232.0,3516.0,-2966.0,666.0,3,-0.9299859714201445,-0.03320997249118173,
2024-04-07 05:35:14.289000+00:00,9496.0,3430.0,100.0,0.0,1.0,0.0,0.0,1.0,1232.0,3516.0,-2966.0,666.0,3,-0.9299860005928513,-0.03320910029290296,
2024-04-07 05:35:14.529000+00:00,9496.0,3503.0,100.0,0.0,1.0,0.0,0.0,1.0,1232.0,3516.0,-2966.0,666.0,3,-0.929985972064087,-0.03320995323906909,
2024-04-07 05:35:14.849000+00:00,9496.0,3491.0,100.0,0.0,1.0,0.0,0.0,1.0,1232.0,3516.0,-2966.0,666.0,3,-0.9299859813760786,-0.0332096748341869,
2024-04-07 05:35:15.009000+00:00,9496.0,3468.0,100.0,0.0,1.0,0.0,0.0,1.0,1232.0,3516.0,-2966.0,666.0,3,-0.9299859702995448,-0.033210005994082,
2024-04-07 05:35:15.290000+00:00,9496.0,3505.0,100.0,0.0,1.0,0.0,0.0,1.0,1232.0,3516.0,-2966.0,666.0,3,-0.9299859706826469,-0.03320999454039636,
2024-04-07 05:35:15.450000+00:00,9496.0,3495.0,100.0,0.0,1.0,0.0,0.0,1.0,1232.0,3516.0,-2966.0,666.0,3,-0.9299860018001974,-0.033209064195398715,
2024-04-07 05:35:15.770000+00:00,9496.0,3605.0,100.0,0.0,1.0,0.0,0.0,1.0,1232.0,3516.0,-2966.0,666.0,3,-0.9299859718321546,-0.03320996017321878,
2024-04-07 05:35:16.210000+00:00,9496.0,3343.0,100.0,0.0,1.0,0.0,0.0,1.0,1232.0,3516.0,-2966.0,666.0,3,-0.9299859769201418,-0.03320980805570961,
2024-04-07 05:35:16.490000+00:00,9496.0,3452.0,100.0,0.0,1.0,0.0,0.0,1.0,1232.0,3516.0,-2966.0,666.0,3,-0.9299859725492874,-0.03320993873285436,
2024-04-07 05:35:16.730000+00:00,9496.0,3350.0,100.0,0.0,1.0,0.0,0.0,1.0,1232.0,3516.0,-2966.0,666.0,3,-0.9299859933571853,-0.033209316625517994,
2024-04-07 05:35:16.930000+00:00,9496.0,3520.0,100.0,0.0,1.0,0.0,1.0,1.0,1232.0,3516.0,-2966.0,666.0,3,-0.9493405629128114,0.1506718232520424,
2024-04-07 05:35:17.250000+00:00,9496.0,3559.0,100.0,0.0,1.0,0.0,1.0,1.0,1232.0,3516.0,-2966.0,666.0,3,-0.9493404927613847,0.15067224380480093,
2024-04-07 05:35:17.450000+00:00,9496.0,3483.0,100.0,0.0,1.0,0.0,1.0,1.0,1232.0,3516.0,-2966.0,666.0,3,-0.9493404492642447,0.1506725045664976,
2024-04-07 05:35:17.769000+00:00,9496.0,3563.0,100.0,0.0,1.0,0.0,1.0,1.0,1232.0,3516.0,-2966.0,666.0,3,-0.9490523212899927,-0.15810485533945381,
2024-04-07 05:35:18.049000+00:00,9496.0,3528.0,100.0,0.0,1.0,0.0,1.0,1.0,1232.0,3516.0,-2966.0,666.0,3,-0.949052455396363,-0.15810413508783733,
2024-04-07 05:35:18.249000+00:00,9496.0,3520.0,100.0,0.0,1.0,0.0,1.0,1.0,1232.0,3516.0,-2966.0,666.0,3,-0.9490519891533735,-0.15810663915339543,
2024-04-07 05:35:18.489000+00:00,9496.0,3566.0,100.0,0.0,1.0,0.0,1.0,1.0,1232.0,3516.0,-2966.0,666.0,3,-0.9490523390404191,-0.15810476000648915,
2024-04-07 05:35:18.769000+00:00,9496.0,3588.0,100.0,0.0,1.0,0.0,1.0,1.0,1232.0,3516.0,-2966.0,666.0,3,-0.9493404102543348,0.15067273842729204,
2024-04-07 05:35:19.049000+00:00,9496.0,3541.0,100.0,0.0,1.0,0.0,1.0,1.0,1232.0,3516.0,-2966.0,666.0,3,-0.9493399882445221,0.15067526831620107,
2024-04-07 05:35:19.289000+00:00,9496.0,3621.0,100.0,0.0,1.0,0.0,1.0,1.0,1232.0,3516.0,-2966.0,666.0,3,-0.9493336083412006,0.15071351030525812,
2024-04-07 05:35:19.649000+00:00,9496.0,3511.0,100.0,0.0,1.0,0.0,1.0,1.0,1232.0,3516.0,-2966.0,666.0,3,-0.9493405428005234,0.15067194382387092,
2024-04-07 05:35:19.889000+00:00,9496.0,3518.0,100.0,0.0,1.0,0.0,1.0,1.0,1232.0,3516.0,-2966.0,666.0,3,-0.949340452313214,0.15067248628819746,
2024-04-07 05:35:20.129000+00:00,9496.0,3566.0,100.0,0.0,1.0,0.0,1.0,1.0,1232.0,3516.0,-2966.0,666.0,3,-0.9493404893106427,0.15067226449172547,
2024-04-07 05:35:21.049000+00:00,9496.0,3472.0,100.0,0.0,1.0,0.0,1.0,1.0,1232.0,3516.0,-2966.0,666.0,3,-0.9490524675939878,-0.1581040695773601,
2024-04-07 05:35:21.409000+00:00,9496.0,3583.0,100.0,0.0,1.0,0.0,1.0,1.0,1232.0,3516.0,-2966.0,666.0,3,-0.9490509449279109,-0.15811224732172308,
2024-04-07 05:35:21.650000+00:00,9496.0,3516.0,100.0,0.0,1.0,0.0,1.0,1.0,1232.0,3516.0,-2966.0,666.0,3,-0.9490523243085649,-0.15810483912748372,
2024-04-07 05:35:22.050000+00:00,9496.0,3546.0,100.0,0.0,1.0,0.0,1.0,1.0,1232.0,3516.0,-2966.0,666.0,3,-0.9493404986464727,0.15067220852416124,
2024-04-07 05:35:22.250000+00:00,9496.0,3575.0,100.0,0.0,1.0,0.0,1.0,1.0,1232.0,3516.0,-2966.0,666.0,3,-0.9493405062370748,0.15067216301908962,
2024-04-07 05:35:22.450000+00:00,9496.0,3488.0,100.0,0.0,1.0,0.0,1.0,1.0,1232.0,3516.0,-2966.0,666.0,3,-0.9493402989123505,0.1506734059103659,
2024-04-07 05:35:22.770000+00:00,9496.0,3527.0,100.0,0.0,1.0,0.0,1.0,1.0,1232.0,3516.0,-2966.0,666.0,3,-0.9490516971312346,-0.15810820751368032,
2024-04-07 05:35:23.090000+00:00,9496.0,3545.0,100.0,0.0,1.0,0.0,1.0,1.0,1232.0,3516.0,-2966.0,666.0,3,-0.9493405115700391,0.15067213104837465,
2024-04-07 05:35:23.290000+00:00,9496.0,3512.0,100.0,0.0,1.0,0.0,1.0,1.0,1232.0,3516.0,-2966.0,666.0,3,-0.9493405964257812,0.15067162234382728,
2024-04-07 05:35:23.530000+00:00,9496.0,3477.0,100.0,0.0,1.0,0.0,1.0,1.0,1232.0,3516.0,-2966.0,666.0,3,-0.9493406348778515,0.15067139182571068,
2024-04-07 05:35:23.690000+00:00,9496.0,3604.0,100.0,0.0,1.0,0.0,1.0,1.0,1232.0,3516.0,-2966.0,666.0,3,-0.9490520226511566,-0.15810645924660724,
2024-04-07 05:35:23.970000+00:00,9496.0,3543.0,100.0,0.0,1.0,0.0,1.0,1.0,1232.0,3516.0,-2966.0,666.0,3,-0.9492893445527949,0.15097859459369198,
2024-04-07 05:35:24.170000+00:00,9496.0,3557.0,100.0,0.0,1.0,0.0,1.0,1.0,1232.0,3516.0,-2966.0,666.0,3,-0.9490520281287321,-0.1581064298281405,
2024-04-07 05:35:24.529000+00:00,9496.0,3455.0,100.0,0.0,1.0,0.0,1.0,1.0,1232.0,3516.0,-2966.0,666.0,3,-0.9493404073613497,0.15067275577045552,
2024-04-07 05:35:24.769000+00:00,9496.0,3430.0,100.0,0.0,1.0,0.0,1.0,1.0,1232.0,3516.0,-2966.0,666.0,3,-0.9493405486279815,0.15067190888865584,
2024-04-07 05:35:25.129000+00:00,9496.0,3501.0,100.0,0.0,1.0,0.0,1.0,1.0,1232.0,3516.0,-2966.0,666.0,3,-0.949340498696846,0.15067220822217772,
2024-04-07 05:35:25.289000+00:00,9496.0,3562.0,100.0,0.0,1.0,0.0,1.0,1.0,1232.0,3516.0,-2966.0,666.0,3,-0.9493403936257465,0.15067283811403231,
2024-04-07 05:35:25.649000+00:00,9496.0,3545.0,100.0,0.0,1.0,0.0,1.0,1.0,1232.0,3516.0,-2966.0,666.0,3,-0.9493405352023967,0.1506719893741126,
2024-04-07 05:35:25.849000+00:00,9496.0,3507.0,100.0,0.0,1.0,0.0,1.0,1.0,1232.0,3516.0,-2966.0,666.0,3,-0.9493404252038454,0.15067264880639808,
2024-04-07 05:35:26.009000+00:00,9496.0,3507.0,100.0,0.0,1.0,0.0,1.0,1.0,1232.0,3516.0,-2966.0,666.0,3,-0.9493404468513679,0.1506725190314827,
2024-04-07 05:35:26.169000+00:00,9496.0,3530.0,100.0,0.0,1.0,0.0,1.0,1.0,1232.0,3516.0,-2966.0,666.0,3,-0.9490525321608209,-0.158103722804342,
2024-04-07 05:35:26.409000+00:00,9496.0,3539.0,100.0,0.0,1.0,0.0,1.0,1.0,1232.0,3516.0,-2966.0,666.0,3,-0.9493404855487279,0.1506722870441023,
2024-04-07 05:35:26.769000+00:00,9496.0,3461.0,100.0,0.0,1.0,0.0,1.0,1.0,1232.0,3516.0,-2966.0,666.0,3,-0.9493404467069381,0.15067251989732885,
2024-04-07 05:35:27.089000+00:00,9496.0,3537.0,100.0,0.0,1.0,0.0,1.0,1.0,1232.0,3516.0,-2966.0,666.0,3,-0.9493404454539237,0.1506725274090349,
2024-04-07 05:35:27.409000+00:00,9496.0,3555.0,100.0,0.0,1.0,0.0,1.0,1.0,1232.0,3515.0,-2966.0,666.0,3,-0.9493405096896406,0.15067214232122292,
2024-04-07 05:35:27.569000+00:00,9496.0,3541.0,100.0,0.0,1.0,0.0,1.0,1.0,1232.0,3515.0,-2966.0,666.0,3,-0.9493404050070597,0.15067276988419337,
2024-04-07 05:35:27.889000+00:00,9496.0,3475.0,100.0,0.0,1.0,0.0,1.0,1.0,1232.0,3515.0,-2966.0,666.0,3,-0.9493405904717303,0.15067165803801835,
2024-04-07 05:35:28.049000+00:00,9496.0,3580.0,100.0,0.0,1.0,0.0,1.0,1.0,1232.0,3515.0,-2966.0,666.0,3,-0.9493404941374866,0.15067223555517928,
2024-04-07 05:35:28.250000+00:00,9496.0,3547.0,100.0,0.0,1.0,0.0,1.0,1.0,1232.0,3515.0,-2966.0,666.0,3,-0.9493405022146522,0.1506721871332002,
2024-04-07 05:35:28.490000+00:00,9496.0,3543.0,100.0,0.0,1.0,0.0,1.0,1.0,1232.0,3515.0,-2966.0,666.0,3,-0.949052311145764,-0.15810490982148231,
2024-04-07 05:35:28.930000+00:00,9496.0,3512.0,100.0,0.0,1.0,0.0,1.0,1.0,1232.0,3515.0,-2966.0,666.0,3,-0.9493405688518702,0.15067178764776254,
2024-04-07 05:35:29.250000+00:00,9496.0,3560.0,100.0,0.0,1.0,0.0,1.0,1.0,1232.0,3515.0,-2966.0,666.0,3,-0.9493405531793672,0.15067188160340172,
2024-04-07 05:35:29.730000+00:00,9496.0,3513.0,100.0,0.0,1.0,0.0,1.0,1.0,1232.0,3515.0,-2966.0,666.0,3,-0.9493404531654842,0.15067248117891638,
2024-04-07 05:35:30.170000+00:00,9496.0,3595.0,100.0,0.0,1.0,0.0,1.0,1.0,1232.0,3515.0,-2966.0,666.0,3,-0.9493404428394783,0.15067254308239766,
2024-04-07 05:35:30.370000+00:00,9496.0,3529.0,100.0,0.0,1.0,0.0,1.0,1.0,1232.0,3515.0,-2966.0,666.0,3,-0.9493407563883239,0.15067066337482024,
2024-04-07 05:35:30.650000+00:00,9496.0,3529.0,100.0,0.0,1.0,0.0,1.0,1.0,1232.0,3515.0,-2966.0,666.0,3,-0.9490525193201659,-0.15810379176846148,
2024-04-07 05:35:30.890000+00:00,9496.0,3514.0,100.0,0.0,1.0,0.0,1.0,1.0,1232.0,3515.0,-2966.0,666.0,3,-0.9493404914465469,0.1506722516871511,
2024-04-07 05:35:31.169000+00:00,9496.0,3531.0,100.0,0.0,1.0,0.0,1.0,1.0,1232.0,3515.0,-2966.0,666.0,3,-0.9493391658272627,0.15068019848180667,
2024-04-07 05:35:31.569000+00:00,9496.0,3496.0,100.0,0.0,1.0,0.0,1.0,1.0,1232.0,3515.0,-2966.0,666.0,3,-0.9493408227939446,0.1506702652742006,
2024-04-07 05:35:31.769000+00:00,9496.0,3499.0,100.0,0.0,1.0,0.0,1.0,1.0,1232.0,3515.0,-2966.0,666.0,3,-0.9493404076501717,0.1506727540389877,
2024-04-07 05:35:32.089000+00:00,9496.0,3549.0,100.0,0.0,1.0,0.0,1.0,1.0,1232.0,3515.0,-2966.0,666.0,3,-0.9493402949278655,0.15067342979686824,
2024-04-07 05:35:32.289000+00:00,9496.0,3539.0,100.0,0.0,1.0,0.0,1.0,1.0,1232.0,3515.0,-2966.0,666.0,3,-0.9493404423137055,0.1506725462343588,
2024-04-07 05:35:32.609000+00:00,9496.0,3535.0,100.0,0.0,1.0,0.0,1.0,1.0,1232.0,3515.0,-2966.0,666.0,3,-0.9490525527195257,-0.1581036123883597,
2024-04-07 05:35:32.809000+00:00,9496.0,3496.0,100.0,0.0,1.0,0.0,1.0,1.0,1232.0,3515.0,-2966.0,666.0,3,-0.94934050005915,0.15067220005526946,
2024-04-07 05:35:33.169000+00:00,9496.0,3457.0,100.0,0.0,1.0,0.0,1.0,1.0,1232.0,3515.0,-2966.0,666.0,3,-0.9490524926348768,-0.15810393508878998,
2024-04-07 05:35:33.969000+00:00,9496.0,3635.0,100.0,0.0,1.0,0.0,1.0,1.0,1232.0,3515.0,-2966.0,666.0,3,-0.9493405045167194,0.1506721733324897,
2024-04-07 05:35:34.289000+00:00,9496.0,3563.0,100.0,0.0,1.0,0.0,1.0,1.0,1232.0,3515.0,-2966.0,666.0,3,-0.9493404170948779,0.15067269741889272,
2024-04-07 05:35:34.609000+00:00,9496.0,3511.0,100.0,0.0,1.0,0.0,1.0,1.0,1232.0,3515.0,-2965.0,666.0,3,-0.9490524170023902,-0.15810434129241735,
2024-04-07 05:35:34.930000+00:00,9496.0,3468.0,100.0,0.0,1.0,0.0,1.0,1.0,1232.0,3515.0,-2965.0,666.0,3,-0.9493406151497311,0.15067151009478202,
2024-04-07 05:35:35.090000+00:00,9496.0,3555.0,100.0,0.0,1.0,0.0,1.0,1.0,1232.0,3515.0,-2965.0,666.0,3,-0.9493406816361064,0.1506711115120365,
2024-04-07 05:35:35.410000+00:00,9496.0,3535.0,100.0,0.0,1.0,0.0,1.0,1.0,1232.0,3515.0,-2965.0,666.0,3,-0.9493405564123294,0.1506718622220109,
2024-04-07 05:35:35.690000+00:00,9496.0,3765.0,100.0,0.0,1.0,4.0,1.0,1.0,1232.0,3515.0,-2965.0,666.0,3,-0.9476606094243744,-0.1693463137226438,
2024-04-07 05:35:36.170000+00:00,9496.0,6845.0,100.0,0.0,1.0,16.0,1.0,1.0,1232.0,3515.0,-2965.0,666.0,3,-0.9466781118899925,0.22706465565557893,
2024-04-07 05:35:36.450000+00:00,9496.0,8805.0,100.0,0.0,1.0,17.0,1.0,1.0,1232.0,3515.0,-2965.0,666.0,3,-0.9467307939245606,0.23375258466509305,
2024-04-07 05:35:36.810000+00:00,9496.0,9996.0,100.0,0.0,1.0,17.0,1.0,1.0,1232.0,3515.0,-2965.0,666.0,3,-0.9467311516549262,0.23375118459713615,
2024-04-07 05:35:37.050000+00:00,9496.0,10080.0,100.0,0.0,1.0,17.0,1.0,1.0,1232.0,3515.0,-2965.0,666.0,3,-0.9467306916978475,0.23375298475407522,
2024-04-07 05:35:37.330000+00:00,9496.0,10080.0,100.0,0.0,1.0,17.0,1.0,1.0,1232.0,3515.0,-2965.0,666.0,3,-0.9467307175736547,0.23375288348288745,
2024-04-07 05:35:37.490000+00:00,9496.0,10057.0,100.0,0.0,1.0,16.0,1.0,1.0,1232.0,3515.0,-2965.0,666.0,3,-0.9466786157673618,0.22706262523768989,
2024-04-07 05:35:37.809000+00:00,9496.0,10202.0,100.0,0.0,1.0,16.0,1.0,1.0,1232.0,3515.0,-2965.0,666.0,3,-0.9466779455032132,0.22706532612206787,
2024-04-07 05:35:38.249000+00:00,9496.0,10158.0,100.0,0.0,1.0,16.0,1.0,1.0,1232.0,3515.0,-2965.0,666.0,3,-0.9480792203746132,-0.22427687339202643,
2024-04-07 05:35:38.409000+00:00,9496.0,10049.0,100.0,0.0,1.0,16.0,1.0,1.0,1232.0,3515.0,-2965.0,666.0,3,-0.9480796400066388,-0.2242751913318072,
2024-04-07 05:35:38.569000+00:00,9496.0,10269.0,100.0,0.0,1.0,16.0,1.0,1.0,1232.0,3515.0,-2965.0,666.0,3,-0.9480793452303473,-0.22427637291909958,
2024-04-07 05:35:38.809000+00:00,9496.0,10105.0,100.0,0.0,1.0,16.0,1.0,1.0,1232.0,3515.0,-2965.0,666.0,3,-0.94667842075153,0.227063411072958,
2024-04-07 05:35:39.169000+00:00,9496.0,10237.0,100.0,0.0,1.0,16.0,1.0,1.0,1232.0,3515.0,-2965.0,666.0,3,-0.9480796034446592,-0.2242753378878349,
2024-04-07 05:35:39.489000+00:00,9496.0,10066.0,100.0,0.0,1.0,16.0,1.0,1.0,1232.0,3515.0,-2965.0,666.0,3,-0.946678249087766,0.22706410280677655,
2024-04-07 05:35:39.689000+00:00,9496.0,10066.0,100.0,0.0,1.0,16.0,1.0,1.0,1232.0,3515.0,-2965.0,666.0,3,-0.9466780108482395,0.227065062810189,
2024-04-07 05:35:40.009000+00:00,9496.0,10066.0,100.0,0.0,1.0,16.0,1.0,1.0,1232.0,3515.0,-2965.0,666.0,3,-0.9466786824370839,0.22706235658500173,
2024-04-07 05:35:40.249000+00:00,9496.0,10175.0,100.0,0.0,1.0,16.0,1.0,1.0,1232.0,3515.0,-2965.0,666.0,3,-0.9466784040880326,0.2270634782200294,
2024-04-07 05:35:40.529000+00:00,9496.0,10014.0,100.0,0.0,1.0,16.0,1.0,1.0,1232.0,3515.0,-2965.0,666.0,3,-0.9466778662935643,0.2270656453019439,
2024-04-07 05:35:40.849000+00:00,9496.0,7774.0,0.0,0.0,1.0,16.0,1.0,1.0,1232.0,3515.0,-2965.0,666.0,3,0.04541069524527282,0.2889145921233311,
2024-04-07 05:35:41.289000+00:00,9496.0,4694.0,0.0,25.0,1.0,16.0,1.0,1.0,1232.0,3525.0,-2977.0,666.0,3,0.042082598292555104,-0.29124204529423636,
2024-04-07 05:35:41.490000+00:00,9496.0,4192.0,0.0,32.0,1.0,16.0,1.0,1.0,1232.0,3543.0,-2997.0,665.0,3,0.045132050373720305,0.2888964028980559,
2024-04-07 05:35:41.730000+00:00,9496.0,4822.0,0.0,39.0,1.0,28.0,1.0,1.0,1232.0,3557.0,-3014.0,664.0,3,0.044794168288151824,-0.3692458486850234,
2024-04-07 05:35:42.010000+00:00,9496.0,6205.0,0.0,51.0,1.0,43.0,1.0,1.0,1232.0,3595.0,-3058.0,662.0,3,0.05513139008232379,0.48900556641200743,
2024-04-07 05:35:42.370000+00:00,9496.0,8527.0,0.0,62.0,1.0,49.0,1.0,1.0,1232.0,3631.0,-3101.0,661.0,3,0.05366050920724801,-0.5429914551795159,
2024-04-07 05:35:42.530000+00:00,9496.0,8347.0,0.0,69.0,1.0,44.0,1.0,1.0,1232.0,3631.0,-3101.0,661.0,3,0.053784337542710836,-0.4991054975166945,
2024-04-07 05:35:42.730000+00:00,9496.0,8283.0,0.0,76.0,1.0,52.0,1.0,1.0,1232.0,3669.0,-3145.0,659.0,3,0.05368371919068834,0.5685762255680483,
2024-04-07 05:35:43.090000+00:00,9496.0,10103.0,0.0,89.0,1.0,80.0,1.0,1.0,1232.0,3723.0,-3209.0,656.0,3,0.061218693299555,0.8297653351539569,
2024-04-07 05:35:43.330000+00:00,9496.0,10383.0,0.0,99.0,1.0,86.0,1.0,1.0,1232.0,3770.0,-3264.0,654.0,3,0.06241043627164716,0.8872157076325594,
2024-04-07 05:35:43.770000+00:00,9496.0,11894.0,0.0,123.0,1.0,100.0,2.0,1.0,1232.0,3819.0,-3322.0,652.0,3,0.0405084049090094,-1.107875792824998,
2024-04-07 05:35:44.090000+00:00,9496.0,10715.0,0.0,143.0,1.0,100.0,3.0,1.0,1232.0,3940.0,-3464.0,647.0,3,0.012185602441042954,1.2386298714835975,
2024-04-07 05:35:44.330000+00:00,9496.0,11023.0,0.0,152.0,1.0,100.0,3.0,1.0,1232.0,4056.0,-3601.0,642.0,3,0.015624236371585219,1.238660950812316,
2024-04-07 05:35:44.530000+00:00,9496.0,11723.0,0.0,152.0,1.0,100.0,3.0,1.0,1232.0,4056.0,-3601.0,642.0,3,0.011022139067809914,1.2386171680486184,
2024-04-07 05:35:44.769000+00:00,9496.0,10626.0,0.0,166.0,1.0,100.0,4.0,1.0,1232.0,4174.0,-3742.0,637.0,3,0.4948688334431393,1.3192949616566423,
2024-04-07 05:35:44.929000+00:00,9496.0,10626.0,0.0,177.0,1.0,100.0,4.0,1.0,1232.0,4174.0,-3742.0,637.0,3,0.008749692960214508,-1.4019204184854284,
2024-04-07 05:58:35.853000+00:00,9496.0,6925.0,0.0,79.0,0.0,63.0,2.0,1.0,1232.0,3026.0,-2611.0,835.0,17,0.031005220244159613,-0.794234505709759,
2024-04-07 05:58:36.214000+00:00,9496.0,6984.0,0.0,80.0,0.0,64.0,2.0,1.0,1232.0,3101.0,-2698.0,835.0,17,0.02992978168755679,0.801531931460398,
2024-04-07 05:58:36.414000+00:00,9496.0,6914.0,0.0,79.0,0.0,64.0,2.0,1.0,1232.0,3101.0,-2698.0,835.0,17,0.02783659906638507,0.8015037196663412,
2024-04-07 05:58:36.614000+00:00,9496.0,6944.0,0.0,79.0,0.0,63.0,2.0,1.0,1232.0,3135.0,-2738.0,835.0,17,0.030852285365662972,0.7936774732601987,
2024-04-07 05:58:36.774000+00:00,9496.0,6981.0,0.0,80.0,0.0,64.0,2.0,1.0,1232.0,3158.0,-2765.0,835.0,17,0.02782718763005518,0.8015035796663357,
2024-04-07 05:58:37.014000+00:00,9496.0,6735.0,100.0,78.0,0.0,0.0,2.0,1.0,1232.0,3196.0,-2808.0,835.0,17,-0.9778561313188786,-0.38830356718656855,
2024-04-07 05:58:37.174000+00:00,9496.0,6497.0,100.0,77.0,0.0,0.0,2.0,1.0,1232.0,3215.0,-2831.0,835.0,17,-0.9759403034894534,0.39096935359198615,
2024-04-07 05:58:37.374000+00:00,9496.0,6455.0,100.0,73.0,0.0,0.0,2.0,1.0,1232.0,3275.0,-2900.0,835.0,17,-0.9759391199297185,0.3909722229105418,
2024-04-07 05:58:37.614000+00:00,9496.0,7252.0,100.0,66.0,0.0,0.0,2.0,1.0,1232.0,3275.0,-2900.0,835.0,17,-0.9778540862588865,-0.3883085459135325,
2024-04-07 05:58:37.854000+00:00,9496.0,6542.0,100.0,62.0,0.0,0.0,1.0,1.0,1232.0,3301.0,-2930.0,835.0,17,-0.9493403186423645,0.15067328763127355,
2024-04-07 05:58:38.214000+00:00,9496.0,5946.0,100.0,53.0,0.0,0.0,1.0,1.0,1232.0,3358.0,-2995.0,835.0,17,-0.9490519685258655,-0.15810674993763996,
2024-04-07 05:58:38.574000+00:00,9496.0,4728.0,100.0,48.0,0.0,0.0,1.0,1.0,1232.0,3390.0,-3033.0,835.0,17,-0.9493404094898762,0.1506727430101433,
2024-04-07 05:58:38.774000+00:00,9496.0,3480.0,100.0,44.0,0.0,0.0,1.0,1.0,1232.0,3390.0,-3033.0,835.0,17,-0.949051969013239,-0.15810674732010185,
2024-04-07 05:58:38.934000+00:00,9496.0,3444.0,100.0,44.0,0.0,0.0,1.0,1.0,1232.0,3404.0,-3050.0,835.0,17,-0.9493404932465015,0.15067224089656386,
2024-04-07 05:58:39.134000+00:00,9496.0,3603.0,100.0,38.0,0.0,0.0,1.0,1.0,1232.0,3416.0,-3063.0,835.0,17,-0.9490511917127699,-0.15811092193755577,
2024-04-07 05:58:39.494000+00:00,9496.0,3428.0,100.0,27.0,0.0,0.0,1.0,1.0,1232.0,3442.0,-3094.0,835.0,17,-0.9493403931517125,0.15067284095582223,
2024-04-07 05:58:39.734000+00:00,9496.0,3524.0,100.0,21.0,0.0,0.0,1.0,1.0,1232.0,3456.0,-3110.0,835.0,17,-0.9490525898296701,-0.15810341307836323,
2024-04-07 05:58:39.974000+00:00,9496.0,3589.0,100.0,16.0,0.0,0.0,1.0,1.0,1232.0,3456.0,-3110.0,835.0,17,-0.9490522876585563,-0.15810503596514933,
2024-04-07 05:58:40.454000+00:00,9496.0,3514.0,100.0,4.0,0.0,0.0,1.0,1.0,1232.0,3464.0,-3119.0,835.0,17,-0.9493405842601701,0.1506716952759526,
2024-04-07 05:58:40.854000+00:00,9496.0,3641.0,100.0,0.0,0.0,0.0,1.0,1.0,1232.0,3465.0,-3119.0,835.0,17,-0.9490525479957279,-0.1581036377587736,
2024-04-07 05:58:41.094000+00:00,9496.0,3647.0,100.0,0.0,0.0,2.0,1.0,1.0,1232.0,3465.0,-3119.0,835.0,17,-0.9482507083941963,-0.1631938866557092,
2024-04-07 05:58:41.374000+00:00,9496.0,3927.0,100.0,0.0,0.0,2.0,1.0,1.0,1232.0,3465.0,-3119.0,835.0,17,-0.9484171194383336,0.15691879215065713,
2024-04-07 05:58:41.534000+00:00,9496.0,5047.0,100.0,0.0,0.0,12.0,1.0,1.0,1232.0,3465.0,-3119.0,835.0,17,-0.9473144543693867,-0.20269983408629885,
2024-04-07 05:58:41.854000+00:00,9496.0,7287.0,100.0,0.0,0.0,16.0,1.0,1.0,1232.0,3465.0,-3119.0,835.0,17,-0.9480794401731322,-0.22427599234899623,
2024-04-07 05:58:42.253000+00:00,9496.0,10087.0,100.0,0.0,0.0,18.0,1.0,1.0,1232.0,3465.0,-3119.0,835.0,17,-0.9468049333927466,0.24058215036654562,
2024-04-07 05:58:42.413000+00:00,9496.0,10193.0,100.0,0.0,0.0,18.0,1.0,1.0,1232.0,3465.0,-3119.0,835.0,17,-0.9468043442635463,0.24058439213368157,
2024-04-07 05:58:42.734000+00:00,9496.0,9443.0,0.0,3.0,0.0,39.0,1.0,1.0,1232.0,3467.0,-3122.0,835.0,17,0.057744489460317426,0.454875745325527,
2024-04-07 05:58:42.934000+00:00,9496.0,9134.0,0.0,8.0,0.0,39.0,1.0,1.0,1232.0,3469.0,-3125.0,835.0,17,0.05248077069563559,0.454841395767498,
2024-04-07 05:58:43.334000+00:00,9496.0,8631.0,0.0,17.0,0.0,38.0,1.0,1.0,1232.0,3474.0,-3130.0,835.0,17,0.04951188138309725,-0.4480716717853343,
2024-04-07 05:58:43.494000+00:00,9496.0,8717.0,0.0,23.0,0.0,40.0,1.0,1.0,1232.0,3482.0,-3139.0,835.0,17,0.05326343347268775,0.46327969544237196,
2024-04-07 05:58:43.774000+00:00,9496.0,9595.0,0.0,28.0,0.0,38.0,1.0,1.0,1232.0,3495.0,-3154.0,835.0,17,0.051634508696590704,0.4464717578113992,
2024-04-07 05:58:44.134000+00:00,9496.0,8422.0,0.0,40.0,0.0,29.0,1.0,1.0,1232.0,3520.0,-3184.0,835.0,17,0.047327041677325585,0.37477910207030385,
2024-04-07 05:58:44.294000+00:00,9496.0,7532.0,0.0,46.0,0.0,32.0,1.0,1.0,1232.0,3534.0,-3200.0,835.0,17,0.048312715147105084,0.3978772932944854,
2024-04-07 05:58:44.614000+00:00,9496.0,8267.0,0.0,52.0,0.0,49.0,1.0,1.0,1232.0,3551.0,-3219.0,835.0,17,0.05345714651822111,-0.5429922133121904,
2024-04-07 05:58:45.014000+00:00,9496.0,9504.0,0.0,69.0,0.0,48.0,1.0,1.0,1232.0,3617.0,-3296.0,835.0,17,0.05449607498427625,0.5328636473269,
2024-04-07 05:58:45.214000+00:00,9496.0,9084.0,0.0,76.0,0.0,54.0,1.0,1.0,1232.0,3642.0,-3324.0,835.0,17,0.05381207505813665,-0.5877231128730704,
2024-04-07 05:58:45.374000+00:00,9496.0,8817.0,0.0,78.0,0.0,59.0,1.0,1.0,1232.0,3642.0,-3324.0,835.0,17,0.05439800017551041,0.632216930014618,
2024-04-07 05:58:45.574000+00:00,9496.0,8650.0,0.0,79.0,0.0,57.0,1.0,1.0,1232.0,3684.0,-3374.0,835.0,17,0.05457943182590852,0.6138979093404566,
2024-04-07 05:58:45.814000+00:00,9496.0,8850.0,0.0,79.0,0.0,58.0,1.0,1.0,1232.0,3700.0,-3392.0,835.0,17,0.054116329464473346,0.6230482807921361,
2024-04-07 05:58:46.054000+00:00,9496.0,8651.0,0.0,79.0,0.0,47.0,1.0,1.0,1232.0,3752.0,-3452.0,835.0,17,0.05491084151375571,0.5240211719441725,
2024-04-07 05:58:46.374000+00:00,9496.0,8100.0,0.0,80.0,0.0,47.0,1.0,1.0,1232.0,3778.0,-3482.0,835.0,17,0.05489734008653795,0.5240212539939939,
2024-04-07 05:58:46.654000+00:00,9496.0,6756.0,0.0,79.0,0.0,48.0,2.0,1.0,1232.0,3821.0,-3532.0,835.0,17,0.02506746639445393,0.6824275579946553,
2024-04-07 05:58:46.814000+00:00,9496.0,6927.0,0.0,79.0,0.0,48.0,2.0,1.0,1232.0,3821.0,-3532.0,835.0,17,0.025142414418917607,0.682429898451377,
2024-04-07 05:58:47.094000+00:00,9496.0,7574.0,0.0,83.0,0.0,50.0,2.0,1.0,1232.0,3871.0,-3586.0,835.0,17,0.025696934695482548,0.6964194353964113,
2024-04-07 05:58:47.334000+00:00,9496.0,8215.0,0.0,89.0,0.0,54.0,2.0,1.0,1232.0,3903.0,-3621.0,835.0,17,0.028627159348711424,-0.7260836739063536,
2024-04-07 05:58:47.694000+00:00,9496.0,9798.0,0.0,103.0,0.0,70.0,2.0,1.0,1232.0,3962.0,-3686.0,835.0,17,0.03439150796155284,-0.8501294836454658,
2024-04-07 05:58:47.974000+00:00,9496.0,10817.0,0.0,112.0,0.0,82.0,2.0,1.0,1232.0,4025.0,-3755.0,835.0,17,0.03899878823201474,-0.9502727285192594,
2024-04-07 05:58:48.294000+00:00,9496.0,11148.0,0.0,131.0,0.0,94.0,2.0,1.0,1232.0,4102.0,-3837.0,835.0,17,0.2845228398712689,-1.0231760717596394,
2024-04-07 05:58:48.534000+00:00,9496.0,10549.0,0.0,140.0,0.0,100.0,2.0,1.0,1232.0,4163.0,-3900.0,835.0,17,0.03457628061786134,1.107912011583693,
2024-04-07 06:27:56.140000+00:00,9496.0,7030.0,0.0,80.0,0.0,62.0,2.0,1.0,1232.0,3061.0,-2652.0,830.0,35,0.0287158221015425,0.7858393537485254,
2024-04-07 06:27:56.460000+00:00,9496.0,7031.0,0.0,80.0,0.0,63.0,2.0,1.0,1232.0,3087.0,-2682.0,830.0,35,0.031450577132787406,-0.7942399543814233,
2024-04-07 06:27:56.900000+00:00,9496.0,6949.0,0.0,80.0,0.0,41.0,2.0,1.0,1232.0,3168.0,-2776.0,830.0,35,0.024627871003826064,-0.6371999549751027,
2024-04-07 06:27:57.100000+00:00,9496.0,6669.0,100.0,77.0,0.0,0.0,2.0,1.0,1232.0,3210.0,-2824.0,830.0,35,-0.9759286871394983,0.3909975143484151,
2024-04-07 06:27:57.380000+00:00,9496.0,6813.0,100.0,75.0,0.0,0.0,2.0,1.0,1232.0,3234.0,-2853.0,830.0,35,-0.9778526987878214,-0.38831192369563927,
2024-04-07 06:27:57.660000+00:00,9496.0,6998.0,100.0,67.0,0.0,0.0,1.0,1.0,1232.0,3257.0,-2879.0,830.0,35,-0.949052433958031,-0.15810425022786218,
2024-04-07 06:27:57.979000+00:00,9496.0,6704.0,100.0,63.0,0.0,0.0,1.0,1.0,1232.0,3327.0,-2960.0,830.0,35,-0.9493403383176829,0.15067316967998684,
2024-04-07 06:27:58.339000+00:00,9496.0,5397.0,100.0,54.0,0.0,0.0,1.0,1.0,1232.0,3349.0,-2985.0,830.0,35,-0.9493402486704113,0.1506737071044544,
2024-04-07 06:27:58.539000+00:00,9496.0,4334.0,100.0,51.0,0.0,0.0,1.0,1.0,1232.0,3363.0,-3002.0,830.0,35,-0.9490523940549094,-0.15810446453761257,
2024-04-07 06:27:58.899000+00:00,9496.0,3416.0,100.0,43.0,0.0,0.0,1.0,1.0,1232.0,3399.0,-3044.0,830.0,35,-0.9490507585156528,-0.15811324846407956,
2024-04-07 06:27:59.540000+00:00,9496.0,3483.0,100.0,28.0,0.0,0.0,1.0,1.0,1232.0,3432.0,-3082.0,830.0,35,-0.9493404801978278,0.15067231912231313,
2024-04-07 06:27:59.980000+00:00,9496.0,3507.0,100.0,24.0,0.0,0.0,1.0,1.0,1232.0,3454.0,-3107.0,830.0,35,-0.9490512034181958,-0.15811085907216454,
2024-04-07 06:28:00.220000+00:00,9496.0,3466.0,100.0,12.0,0.0,0.0,1.0,1.0,1232.0,3460.0,-3114.0,830.0,35,-0.9493404428551903,0.15067254298821056,
2024-04-07 06:28:00.540000+00:00,9496.0,3611.0,100.0,6.0,0.0,0.0,1.0,1.0,1232.0,3463.0,-3118.0,830.0,35,-0.9493405013936189,0.15067219205523855,
2024-04-07 06:28:00.780000+00:00,9496.0,3591.0,100.0,4.0,0.0,0.0,1.0,1.0,1232.0,3463.0,-3118.0,830.0,35,-0.9490526039120315,-0.15810333744522115,
2024-04-07 06:28:01.180000+00:00,9496.0,4098.0,100.0,0.0,0.0,1.0,1.0,1.0,1232.0,3464.0,-3118.0,830.0,35,-0.9488505825600033,0.1536705915369503,
2024-04-07 06:28:01.660000+00:00,9496.0,7458.0,100.0,0.0,0.0,10.0,1.0,1.0,1232.0,3464.0,-3118.0,830.0,35,-0.9465894640820216,0.19188794945933163,
2024-04-07 06:28:01.860000+00:00,9496.0,8858.0,100.0,0.0,0.0,11.0,1.0,1.0,1232.0,3464.0,-3118.0,830.0,35,-0.9472065774991918,-0.19779573842053846,
2024-04-07 06:28:02.100000+00:00,9496.0,9205.0,100.0,0.0,0.0,13.0,1.0,1.0,1232.0,3465.0,-3120.0,830.0,35,-0.9465149815985933,0.20862093943007048,
2024-04-07 06:28:02.380000+00:00,9496.0,9293.0,100.0,0.0,0.0,14.0,1.0,1.0,1232.0,3465.0,-3120.0,830.0,35,-0.9465410647973331,0.2146087013420019,
2024-04-07 06:28:02.820000+00:00,9496.0,7893.0,0.0,6.0,0.0,36.0,1.0,1.0,1232.0,3465.0,-3120.0,830.0,35,0.05027386151247646,0.42995813738326694,
2024-04-07 06:28:03.260000+00:00,9496.0,9994.0,0.0,13.0,0.0,27.0,1.0,1.0,1232.0,3472.0,-3128.0,830.0,35,0.04452599896230053,-0.36191535582298057,
2024-04-07 06:28:03.580000+00:00,9496.0,9488.0,0.0,20.0,0.0,29.0,1.0,1.0,1232.0,3490.0,-3149.0,830.0,35,0.04732941996789338,0.37477918850587527,
2024-04-07 06:28:03.740000+00:00,9496.0,9362.0,0.0,25.0,0.0,31.0,1.0,1.0,1232.0,3490.0,-3149.0,830.0,35,0.04579074885488056,-0.3919195868838052,
2024-04-07 06:28:04.420000+00:00,9496.0,8742.0,0.0,44.0,0.0,35.0,1.0,1.0,1232.0,3545.0,-3213.0,830.0,35,0.049689097903390836,0.4218146291022224,
2024-04-07 06:28:04.659000+00:00,9496.0,8817.0,0.0,49.0,0.0,35.0,1.0,1.0,1232.0,3562.0,-3232.0,830.0,35,0.0496945000501023,0.4218147523228127,
2024-04-07 06:28:04.979000+00:00,9496.0,8747.0,0.0,58.0,0.0,41.0,1.0,1.0,1232.0,3588.0,-3263.0,830.0,35,0.052235403690692656,-0.4733054810197134,
2024-04-07 06:28:05.139000+00:00,9496.0,8887.0,0.0,61.0,0.0,40.0,1.0,1.0,1232.0,3613.0,-3292.0,830.0,35,0.05116108155698393,-0.4648209274120285,
2024-04-07 06:28:05.379000+00:00,9496.0,8527.0,0.0,72.0,0.0,43.0,1.0,1.0,1232.0,3639.0,-3322.0,830.0,35,0.05340785685172495,-0.49044971798377857,
2024-04-07 06:28:05.820000+00:00,9496.0,8623.0,0.0,78.0,0.0,51.0,1.0,1.0,1232.0,3701.0,-3393.0,830.0,35,0.053636250277287474,-0.560788807975177,
2024-04-07 06:28:06.100000+00:00,9496.0,8744.0,0.0,79.0,0.0,51.0,1.0,1.0,1232.0,3724.0,-3420.0,830.0,35,0.08407121418499935,-0.5597666862616444,
2024-04-07 06:28:06.340000+00:00,9496.0,7285.0,0.0,80.0,0.0,46.0,1.0,1.0,1232.0,3761.0,-3463.0,830.0,35,0.055158346205559164,0.5152112603444537,
2024-04-07 06:28:06.660000+00:00,9496.0,6883.0,0.0,78.0,0.0,51.0,2.0,1.0,1232.0,3804.0,-3512.0,830.0,35,0.038288655299175814,0.703747683446066,
2024-04-07 06:28:06.940000+00:00,9496.0,6920.0,0.0,79.0,0.0,50.0,2.0,1.0,1232.0,3852.0,-3565.0,830.0,35,0.02753714473272795,-0.6973668338555754,
2024-04-07 06:28:07.140000+00:00,9496.0,7171.0,0.0,79.0,0.0,50.0,2.0,1.0,1232.0,3852.0,-3565.0,830.0,35,0.027592699034819076,-0.6973682852399585,
2024-04-07 06:28:07.420000+00:00,9496.0,7611.0,0.0,85.0,0.0,46.0,2.0,1.0,1232.0,3885.0,-3601.0,830.0,35,0.02710301947610259,-0.6698414095377723,
2024-04-07 06:28:07.780000+00:00,9496.0,8670.0,0.0,94.0,0.0,57.0,2.0,1.0,1232.0,3991.0,-3718.0,830.0,35,0.02723489740177481,0.7475431395894729,
2024-04-07 06:28:08.060000+00:00,9496.0,9941.0,0.0,105.0,0.0,67.0,2.0,1.0,1232.0,4057.0,-3789.0,830.0,35,0.028234435823844137,0.8253980659198531,
2024-04-07 06:28:08.300000+00:00,9496.0,9941.0,0.0,117.0,0.0,72.0,2.0,1.0,1232.0,4057.0,-3789.0,830.0,35,0.029173158517837833,0.8660754651770617,
2024-04-07 06:28:08.500000+00:00,9496.0,11201.0,0.0,126.0,0.0,90.0,2.0,1.0,1232.0,4092.0,-3827.0,830.0,35,0.032413696320874104,1.0193190286398375,
,,,,,,,,,,,,,-1,0.21541768008769402,-0.04870327626283591,1.0
,,,,,,,,,,,,,-1,-0.038564550849435976,0.21579090568226617,1.0
,,,,,,,,,,,,,-1,-0.2046958433823137,0.11054550297729396,1.0
,,,,,,,,,,,,,-1,-0.200268374016179,6.744872717401318e-06,1.0
,,,,,,,,,,,,,-1,-0.2011940249822069,0.015469346375997534,1.0
,,,,,,,,,,,,,-1,-0.20157782738510166,0.03010491860788314,1.0
,,,,,,,,,,,,,-1,-0.29222366015129086,0.12381836407977695,1.0
,,,,,,,,,,,,,-1,-0.3909927126193913,0.22567322351890515,1.0
,,,,,,,,,,,,,-1,-0.4520720622797356,0.25941755912581704,1.0
,,,,,,,,,,,,,-1,-0.5437789735488149,0.07474023723241632,1.0
,,,,,,,,,,,,,-1,-0.665869466213301,-0.14622903328465586,1.0
,,,,,,,,,,,,,-1,-0.7014330103040223,-0.11898177162436632,1.0
,,,,,,,,,,,,,-1,-0.6983643987978525,-0.001852487018278566,1.0
,,,,,,,,,,,,,-1,-0.6963222944423103,0.05862204927011234,1.0
,,,,,,,,,,,,,-1,-0.6963505063388901,0.08903232859791335,1.0
,,,,,,,,,,,,,-1,-0.6965093657842814,0.06630966146348866,1.0
,,,,,,,,,,,,,-1,-0.6967480172316958,-0.02113096915946292,1.0
,,,,,,,,,,,,,-1,-0.6951359560984269,-0.03569459992596349,1.0
,,,,,,,,,,,,,-1,-0.6916731993275353,0.022619078570827712,1.0
,,,,,,,,,,,,,-1,-0.6896854363558995,0.01258311452351927,1.0
,,,,,,,,,,,,,-1,-0.6896221352227063,-0.055254748810148364,1.0
,,,,,,,,,,,,,-1,-0.6896045673005897,-0.07396925126059256,1.0
,,,,,,,,,,,,,-1,-0.6896393682689523,-0.036542313873298704,1.0
,,,,,,,,,,,,,-1,-0.6896567322792946,-0.017829056681061734,1.0
,,,,,,,,,,,,,-1,-0.6896503038762835,-0.02484614745239562,1.0
,,,,,,,,,,,,,-1,-0.6896613576881646,-0.013149391699685369,1.0
,,,,,,,,,,,,,-1,-0.689689775881211,0.01726075048302591,1.0
,,,,,,,,,,,,,-1,-0.689683119999942,0.0102423374117466,1.0
,,,,,,,,,,,,,-1,-0.6896239503347579,-0.05291773891230259,1.0
,,,,,,,,,,,,,-1,-0.689626135540983,-0.05057840519081026,1.0
,,,,,,,,,,,,,-1,-0.6896896748803027,0.017260383902589736,1.0
,,,,,,,,,,,,,-1,-0.689733510527271,0.06404587892462694,1.0
,,,,,,,,,,,,,-1,-0.6896986285306178,0.026618344569865202,1.0
,,,,,,,,,,,,,-1,-0.6896637480026776,-0.010809145873890667,1.0
,,,,,,,,,,,,,-1,-0.6896353601959399,-0.04121898327098289,1.0
,,,,,,,,,,,,,-1,-0.6896069690784048,-0.0716289196521484,1.0
,,,,,,,,,,,,,-1,-0.6896152778840253,-0.03874357882165455,1.0
,,,,,,,,,,,,,-1,-0.6896303272604926,0.02938892315446308,1.0
,,,,,,,,,,,,,-1,-0.6895842476537871,0.032023396101082645,1.0
,,,,,,,,,,,,,-1,-0.6893422498797996,0.0004323838092444715,1.0
,,,,,,,,,,,,,-1,-0.6890340722101792,-0.003322014309622999,1.0
,,,,,,,,,,,,,-1,-0.6888231935258167,-0.01638427490306786,1.0
,,,,,,,,,,,,,-1,-0.6888747981916711,-0.025815363903324277,1.0
,,,,,,,,,,,,,-1,-0.6889557472623605,-0.025391714803021267,1.0
,,,,,,,,,,,,,-1,-0.6888218796121011,-0.015270681899543956,1.0
,,,,,,,,,,,,,-1,-0.6886201115441563,-0.01883493282953109,1.0
,,,,,,,,,,,,,-1,-0.6885815826039867,-0.00892403850616686,1.0
,,,,,,,,,,,,,-1,-0.6886768744155566,-0.01094970254014347,1.0
,,,,,,,,,,,,,-1,-0.6886331098922176,0.02019060782512152,1.0
,,,,,,,,,,,,,-1,-0.6129629377654017,0.09298757696014594,1.0
,,,,,,,,,,,,,-1,-0.5147144909975354,0.14236955301777143,1.0
,,,,,,,,,,,,,-1,-0.4393287715667968,0.1406870820689442,1.0
,,,,,,,,,,,,,-1,-0.38662327906776195,0.07406361011002913,1.0
,,,,,,,,,,,,,-1,-0.2654258626841842,0.022050815690094178,1.0
,,,,,,,,,,,,,-1,-0.18954597352419283,0.06451645351325702,1.0
,,,,,,,,,,,,,-1,-0.18990790392233012,0.1370654919005152,1.0
,,,,,,,,,,,,,-1,-0.19024870045630787,0.15263595853902467,1.0
,,,,,,,,,,,,,-1,-0.19076010449780273,-0.03231617630623228,1.0
,,,,,,,,,,,,,-1,-0.19590648439614275,-0.11632023948471346,1.0
,,,,,,,,,,,,,-1,-0.19520173474744834,-0.06277202116291417,1.0
,,,,,,,,,,,,,-1,-0.1944853175846472,0.10674056401725837,1.0
,,,,,,,,,,,,,-1,-0.1944002788066578,0.2558742371993372,1.0
,,,,,,,,,,,,,-1,-0.19463790286184218,0.25300457746909716,1.0
,,,,,,,,,,,,,-1,-0.1951136596640833,0.19519110347497864,1.0
,,,,,,,,,,,,,-1,-0.1954344603068779,0.11167989982539228,1.0
,,,,,,,,,,,,,-1,-0.1951367799199086,0.1035182884108025,1.0
,,,,,,,,,,,,,-1,-0.19474301405460975,-0.007569514699720253,1.0
,,,,,,,,,,,,,-1,-0.194248620946348,-0.09582693537646134,1.0
,,,,,,,,,,,,,-1,-0.19369778926100703,-0.23549770218475202,1.0
,,,,,,,,,,,,,-1,-0.19352936697490458,-0.0938426466776054,1.0
,,,,,,,,,,,,,-1,-0.19318213630879028,0.034040236328145124,1.0
,,,,,,,,,,,,,-1,-0.1930176756323703,-0.07103312699207448,1.0
,,,,,,,,,,,,,-1,-0.19304318047407293,-0.2345034331787717,1.0
,,,,,,,,,,,,,-1,-0.1929981521859382,-0.1257000753818578,1.0
,,,,,,,,,,,,,-1,-0.19176045734679378,0.017947138859254114,1.0
,,,,,,,,,,,,,-1,-0.18872883005493668,0.053350289295320596,1.0
,,,,,,,,,,,,,-1,-0.1857094722837035,0.051230365009559464,1.0
,,,,,,,,,,,,,-1,-0.18768943191116616,0.14089615379707654,1.0
,,,,,,,,,,,,,-1,-0.1905363479380251,0.18705465773592264,1.0
,,,,,,,,,,,,,-1,-0.19303617312410332,0.31979697440598454,1.0
,,,,,,,,,,,,,-1,-0.19460152026788144,0.32636021473108767,1.0
,,,,,,,,,,,,,-1,-0.2870455824633695,0.27373470632757346,1.0
,,,,,,,,,,,,,-1,-0.19736093500538118,0.17309820313570318,1.0
,,,,,,,,,,,,,-1,-0.200252465918919,0.07044139515186768,1.0
,,,,,,,,,,,,,-1,-0.20471788122802256,0.022483705556039124,1.0
,,,,,,,,,,,,,-1,-0.20627513491128485,-0.027700536628731426,1.0
,,,,,,,,,,,,,-1,-0.20607531308155067,0.054054423109977046,1.0
,,,,,,,,,,,,,-1,-0.2060760657628371,0.05656754206926071,1.0
,,,,,,,,,,,,,-1,-0.2061217335714775,0.03422776465123145,1.0
,,,,,,,,,,,,,-1,-0.2062758720062112,-0.08248043417435148,1.0
,,,,,,,,,,,,,-1,-0.20587589276667076,-0.10505632162405476,1.0
,,,,,,,,,,,,,-1,-0.20510333280945403,0.004034383014892257,1.0
,,,,,,,,,,,,,-1,-0.20433902621024602,0.047405913924985055,1.0
,,,,,,,,,,,,,-1,0.043672421275401746,-0.08020562273674753,1.0
,,,,,,,,,,,,,-1,0.04568723961465243,-0.052565074619953106,1.0
,,,,,,,,,,,,,-1,0.051493459725291874,-0.1575346278110878,1.0
,,,,,,,,,,,,,-1,-0.16867418594539338,0.18242992955222598,1.0
,,,,,,,,,,,,,-1,-0.14788426947344283,-0.11658431806298758,1.0
,,,,,,,,,,,,,-1,-0.18648202914971562,0.5964411825465912,1.0
,,,,,,,,,,,,,-1,0.032332572940152036,0.047792691052918945,1.0
